# globalgrid2050	unix	entry_lines	entries	sha12	tree12
1789811627	33214329	16760	6fa3bfbbb461	87a21b8f00f3
1789811567	33214323	16760	fc2e2208b792	c550ecafe120
1789811348	33214294	16760	7a0b5d7b05ce	9b4fc03cb922
1789811133	33214129	16759	11b57eb12a9e	f0ba8a932e46
1789810971	33214129	16759	19e34e7dc5f4	8e9d2a4685d3
1789807268	33214128	16759	94f7aa623fc0	4e0161da9b5b
1789803667	33214095	16756	087bf0575623	c23709b7e8f8
1789800066	33214062	16753	6bfdedc5e4e6	73c4adb02152
1789796467	33214029	16750	ff37559d1644	03f21b4eff0d
1789792866	33213996	16747	6ff76447cdb6	dda505863ef8
1789789265	33213963	16744	46adc222853b	a14e82df6710
1789788938	33213930	16741	0b680df6c00d	59fc0181ebd5
1789787522	33213930	16741	c002bc326346	a25727164cb2
1789787180	33213875	16741	09091d5e4374	4253b169b3f2
1789785970	33213829	16740	aad82b4152d4	9cb331cac7e4
1789785665	33213829	16740	f0aee57c8fcc	26573aa80167
1789784671	33213796	16737	94638bcccfa1	42fd75b8027c
1789784579	33213796	16737	4abb1256afa7	611b1812e240
1789784180	33213796	16737	aa78a9a4ec1d	cdb7e94957e8
1789784024	33210855	16707	771a7108261e	10ed79443a98
1789783832	33210855	16707	717e3e4e17c9	675af70c28a2
1789783784	33210855	16707	a11edd1078fe	fdfc61e11c2a
1789783757	33210855	16707	7a7eeddd2879	c24cb77e8301
1789783047	33210855	16707	7beaa909416a	c08b2e235fe6
1789782192	33210855	16707	d6ba28386d44	5fd5eda949e6
1789782078	33210854	16706	fbbc838073e0	96989dee8d2e
1789781175	33210821	16703	96133f6b5db4	be019ce6c6b1
1789781111	33210821	16703	2400479a47e1	1428d7988dec
1789781091	33210821	16703	da6156317c7c	df763ea9ad70
1789780712	33210820	16702	ec0b2bdd2c2f	320d97d102b0
1789780337	33210808	16702	7f06021684f8	ee377a72d579
1789780278	33210808	16702	d8dfadb5e1cc	a4b19a731a42
1789779271	33210461	16702	d7ff5ae3039d	f0cc9b4af83f
1789778982	33210351	16701	242bcdf4b7fc	eb63690feb47
1789778477	33210102	16700	980431a9167d	b9e05730dcd4
1789778295	33210069	16697	a36100d8a946	60947ac525d1
1789778277	33210069	16697	1891462658ec	d202c78cbfc9
1789778218	33210069	16697	2f54badd3930	d9558150a4d1
1789778058	33210068	16696	8bcec40c5851	35234b4f0071
1789777958	33210067	16696	56d9fc5daf15	534a011491ce
1789777537	33210067	16696	6548e82382f7	c0de4bca6c59
1789777025	33210067	16696	f3f29b20db83	b382eabb6045
1789776653	33210067	16696	e24604dcf001	f64741674505
1789774876	33207840	16671	640b8d694a5a	057593be6203
1789771276	33207807	16668	c281c65a1824	90c596f93f8f
1789767676	33207774	16665	65b1b5482c91	d599d21f981f
1789764080	33207741	16662	0998f6b35c84	ab515a14b906
1789760508	33207708	16659	7071437888a9	4d0a4f5c8393
1789756895	33207675	16656	2d8c020ca9f9	d3b040906838
1789742468	33207642	16653	16a79e12a006	d31b05df6078
1789740883	33207609	16650	174980319a25	4c71b245cfa3
1789738883	33207609	16650	53b92ec6367b	17ccc501baba
1789720868	33207576	16647	139cef9768de	cc1950341143
1789717267	33207543	16644	d4d5972b8cc2	1058efffe317
1789713666	33207510	16641	a56379f76616	61035ddf04f6
1789710065	33207477	16638	5015f9d3463a	385c09c2c863
1789706467	33207444	16635	93362e25d16c	c8b1d0d4e730
1789702864	33207411	16632	6efb20d1007c	2359186f8cb4
1789700615	33207378	16629	9bff0c44d3ae	3f46135425be
1789700578	33207378	16629	dfabb36e679f	b923de040647
1789700568	33207377	16629	d0635873d049	547e36649f08
1789699785	33207377	16629	f63b8813a0f4	c00352277bf9
1789699679	33207344	16626	16b74278344a	f7cfb170d25f
1789699550	33207311	16623	81d293532226	b57c25cf8ff8
1789699486	33207281	16623	55fd025a7ecb	50c9282f346f
1789699267	33207279	16622	7567bd348205	c582bea7cae9
1789699209	33207279	16622	cd5d8ac0a21a	7e469ff82d31
1789699063	33207277	16621	1f8293d27d19	86575ea1d407
1789698272	33207274	16621	20f3eae424d1	71d72071e16e
1789697951	33207272	16620	f8bd6c6ffdd2	dddd3e14139d
1789697425	33205085	16599	7f5aff7352ed	c8daf913f731
1789696356	33205076	16599	db0273c85db2	36d58105b20d
1789695715	33205076	16599	633139cc64a5	9cb6ea62fe7a
1789695415	33202911	16584	93c886733151	1f0dfa44d18e
1789695241	33202878	16581	b616df33e833	8165e3115da0
1789695239	33202878	16581	07088491cdf3	1bc1b932629b
1789695238	33202878	16580	7513c7b263db	62ada140ad0c
1789695236	33202878	16579	609d41827e26	ba584490a4a2
1789695154	33202845	16578	1d518af2079a	ad325048e790
1789695153	33202845	16578	7634a97e1009	731b2490d0e2
1789695151	33202845	16577	9dd3eb6b9df3	4ec5e919b90d
1789695150	33202845	16576	17ece6aa8470	12977f6bb2e8
1789695134	33202812	16575	19d4d39d1e19	a0993c2f51af
1789695132	33202812	16575	827d9761b31e	376cdc2f553c
1789695131	33202812	16574	06e01312efa1	8f6d9b5b8ae5
1789695129	33202812	16573	0df1f2b2ee0d	3b227d83e55b
1789694688	33202781	16572	ad09c130e144	c41bfa6015a1
1789694687	33202774	16571	423a0bed500a	2ba5e9ae1570
1789694686	33202774	16570	76152bc3b9d3	1e00422fc307
1789694684	33202774	16569	4f1abc9968bf	ab898a4c7674
1789693537	33202743	16568	61a437352ff0	295b53939115
1789693536	33202743	16567	2310a1aed3b7	7014c958ffbb
1789693535	33202743	16566	e9609f1e1e3c	3f2ed88059ff
1789693522	33131454	16027	4f3ff4f41348	eadbc7f9d550
1789693244	33135193	16058	c4b84c7c2bce	09cd36138098
1789606222	33202710	16565	5fadc002d61f	b40b833e762d
1789605446	33202667	16564	92e69248ac47	55781e1ac95a
1789605020	33181327	16424	a9131e102cf5	1a41ff7dec93
1789604982	33159974	16284	ca5d4931199e	b9c90683486d
1789603780	33156755	16247	b9da521beeac	30a7e3c15083
1789603348	33156929	16247	dc433f72df6e	e7f74b97bc2f
1789602169	33156670	16246	ecedefad8990	1d357078bd5a
1789602115	33137368	16096	b4c7b4287c73	ffe5a7b23843
1789600008	33134358	16059	d098d0256be5	fdaa544be43c
1789599924	33134351	16059	4f37f0874504	597dfeb3fb97
1789598687	33136864	16083	530d52b160fa	cb684dcb81a1
1789596968	33134106	16053	3b577a083a2c	c27575ad4628
1789596193	33135160	16055	e584ebd99d65	791a018564ef
1789556290	33131418	16024	15a292533f92	92d76874b7e2
1789555948	33131418	16024	7eefba1f1ae6	21b1a0665cc2
1789555777	33131420	16024	0dbfb28451be	ef6a7a421d09
1789555011	33131420	16024	b7cec11b95aa	8ed06442ead8
1789544967	33132486	16026	69b7e9a370f0	dfb266a2bb44
1789544570	33132413	16026	d328c4103ce3	402b51923b3a
1789544414	33132397	16026	92e5f80b8bf2	75082af02461
1789544275	33132397	16026	732c19bea3e1	6127aa898cef
1789542978	33132164	16025	d1177dfa788e	6b9bef7f64f0
1789542808	33132156	16025	8f4aff992a50	5194239cc455
1789542583	33132127	16025	21ddc7edd270	01af7e7d3c02
1789542065	33131922	16025	017ea43eb1ed	8376c19db2dd
1789541798	33131922	16025	36e9947ae6ec	cdfbfb24bd02
1789541384	33131757	16024	79a3748b53c3	9340aa5011c8
1789541018	33131659	16024	3462c36d2539	ab863dbcf67d
1789540851	33131558	16024	c09297732a6f	0ba79235eb7a
1789540529	33131421	16024	be33fe7ff89e	df0ea239d556
1789540361	33131375	16024	dc403bd3d431	7f1c185b281f
1789540105	33131311	16024	4a13fa578731	38a091e378f4
1789539732	33131188	16024	0755dfd359ad	d381390e1b95
1789538960	33131094	16024	000108f7ebe9	43fd15a50a90
1789538840	33131075	16024	3a7fec02bb12	e65ce097298a
1789538270	33131037	16024	e997dcd9a07f	364028c43f88
1789537850	33131013	16024	67e96a8ad19d	aba7b5887b26
1789537106	33130959	16024	f78282ad2356	82842dbf2058
1789536939	33130875	16024	3e1b95c708ce	754f6394225f
1789536203	33130701	16022	cb9f64415357	908356de0179
1789535315	33130606	16021	933f74a46dba	cf8f95285806
1789535141	33130502	16020	34136ab5b227	c729a262264a
1789534505	33130397	16020	f18283f6c68a	53a196a06445
1789534372	33127805	16020	f34fe629341c	1ed6b119ce49
1789533526	33127769	16020	0146fade9974	7157fb6d741e
1789532637	33127711	16020	960b32147b08	8b6ea7ba19d8
1789532278	33127552	16019	f91ed3b20d6d	e2092e70a381
1789532200	33127517	16019	09e5ab57eea3	c994f016b186
1789531943	33127468	16018	abd5a989cef0	b38d81c3b7af
1789531701	33127436	16018	b90b4537c9ae	0e13b7a9d96e
1789530903	33127277	16017	b0905c5bf954	158c50b86141
1789529923	33127001	16015	32e9d54dea1f	a105e4738d07
1789529468	33126918	16015	acd2f242667d	7fd539735c2f
1789529028	33124854	16015	dd45b6b72bb9	8fc1d2277863
1789529009	33124718	16014	8dd975d61b04	b0b1253f9c19
1789528425	33124352	16013	775a8c093155	1d7ad9edfa46
1789527932	33124021	16013	6a30bb9d20a5	5130b06bcef6
1789527859	33124020	16013	067d0aa5aef7	13c1e9ad4f94
1789527693	33123947	16012	3466b6a40aba	b03c37e751a4
1789527433	33118562	15891	b8e5f982b810	f53159020049
1789527384	33118546	15891	be7410fd548d	df85e8f09ad8
1789526970	33117951	15889	12ea17eea2f8	a1034d3046dc
1789526237	33117741	15888	496fd89a8e8d	2eef63afc928
1789526080	33117700	15888	5831ba98caae	046e9183cba1
1789525792	33117554	15888	a0dcbcc42968	400085ef757c
1789525460	33117364	15886	cdbade4cedb2	951411cb4fb1
1789525252	33117082	15884	39850ffceac1	279796902c62
1789525032	33117013	15884	3b3988b36c2b	6947645bd35a
1789524602	33117012	15884	87b6301d7707	3f554decd2b8
1789524582	33116937	15884	14ddf09577b5	dee441863c3b
1789524352	33116739	15884	947d9d0849ae	1b91be3b6e87
1789523765	33116238	15825	8435256329c6	170c0fd865a4
1789523679	33116202	15825	045f827e50b2	88b241ede290
1789523567	33114337	15812	41f936b31ec8	d2c2b3981c6c
1789522811	33114052	15812	75040b0f62aa	a060c6637cfe
1789522574	33114052	15812	5a9189470e42	a060c6637cfe
1789522477	33114052	15812	7f956d8e1ab4	39dca0612869
1789522137	33114041	15812	385e7f517bde	0426665abb35
1789521303	33112264	15806	4f0d52eacbdf	c30eafa741bc
1789510780	33110611	15794	b4ac20ec0a29	03420665ed87
1789510192	33110383	15792	75318884e4a1	2ea330dbe434
1789510052	33110173	15790	7bb571eeaef4	d53b30a6aba7
1789509986	33110155	15790	b84b2b618b7d	116b83e708b5
1789509933	33110155	15790	f3ed91a7c0cd	116b83e708b5
1789508873	33106630	15761	0e88e42c0d6d	865e6282f139
1789490081	33106402	15759	d3898fab970b	d268b1380e40
1789489083	33106402	15759	82a02ec0b57a	c33d8bf88b71
1789488534	33106402	15759	c23329c118cb	d31980cd7a5c
1789485926	33105705	15754	0cc1750d99d5	b81e08dd2416
1789482876	33105459	15752	e53911c1db8b	274060623e16
1789482024	33104435	15735	ebe99e25b94f	b42b00a89236
1789481691	33103693	15731	6a9863f774c3	88a2a9069de9
1789481572	33103639	15731	f8dd41003974	85c40b2c1894
1789481202	33103580	15730	bf955ffc213b	3335372990ba
1789480970	33101615	15720	119be4670ad2	24ec73dd2e4d
1789480970	33101563	15720	41253c058433	01d7a81298c3
1789480970	33722481	15933	6ff0473b33c8	cc5fcf9b6022
1789480970	33101615	15720	8c8486e6d7c2	7d94a09fe17e
1789480970	33101563	15720	9cf016b64a01	d11ec202a906
1789480970	33101615	15720	a3d55686d1ba	2b66e566df04
1789480970	33101559	15720	adb29748d170	f9024be51710
1789480970	33102403	15722	b45a0aca597b	0e085f6bf1bc
1789480970	33102403	15722	c2027130a3a1	d8d27d522e37
1789480970	33103405	15729	e3212ddd154f	0cb31e7f0e80
1789480970	33101352	15719	ee814624eae3	e19e1acc7399
1789480970	33722395	15933	f2f6fced8550	3180095c398f
1789480970	33722484	15933	f3bb7b4bfa14	101fdfd9577d
1789480969	33722136	15933	757175525882	7406c0d14b0a
1789480969	33722334	15933	b18a6ec431d1	f4bd55378c82
1789480969	33722326	15933	ddff40287b70	60d51fbc3146
1789475705	33722385	15934	85472555d0eb	f85de681c713
1789466628	33721955	15927	b9c82a97d962	ce281f3b837a
1789466284	33721896	15926	75781be8441f	33f2bf3286ed
1789466284	33721905	15926	eae901b394b7	4365f4e24e2f
1789449768	33721695	15924	a21d5c0344fa	a18707fbb1fd
1789449598	33663410	15892	c7394a61f855	e76411577608
1789449570	33663382	15892	59c87b7426a4	21b233ba88f7
1789449499	33663311	15892	7d79470fb923	216277e43374
1789449439	33663297	15892	4d44e187bb71	b2688018ca91
1789449397	33721111	15920	877589e28f9a	2c06c6e55f0d
1789449361	33665948	15902	48132e7b556d	a8f7ae5aff92
1789449285	33717989	15906	bf1d78b6905f	7ef4180d513d
1789449251	33665948	15902	8db9509b3cae	a8f7ae5aff92
1789449203	33717989	15906	baab7f80f19c	0b96ef011735
1789449185	33665949	15902	21cfd0e1bdd5	bc5a6b3fc345
1789449098	33717978	15906	db721a2dcf90	c1dcfdd2efdf
1789449067	33717978	15906	addafd9dd8ee	21ec07623361
1789449010	33717977	15906	670c785e00c4	439e0d44acfb
1789448988	33717977	15906	e8afbeeda965	df01e792b342
1789437678	33662826	15888	7edc6fbd7f2d	6d2b818d0486
1789437662	33662817	15888	0f68c6ca7885	86e66b18d61b
1789436683	33662606	15886	95289afc7e75	358f743a3e6b
1789436636	33662396	15884	064724942dcc	d57f8b6e0613
1789436409	33581172	15866	1e8424f94739	e86958e3769d
1789436398	33581168	15866	e84aede1c473	c73bb40334da
1789435756	33581166	15866	f0cf6c6d9416	935c5c08bdd0
1789435615	33580877	15865	238fcd17c2c9	e04f0075c2c6
1789435218	33580813	15864	c86200d4f431	0a57ebbfa0bc
1789435151	33580603	15862	6be371be5f23	0a071ce0beaa
1789435103	33580602	15862	2052cfc0554a	ba47bece2034
1789434785	33561546	15636	e7b39a9bc53c	12f4473f32c2
1789430850	33560696	15631	b1c4ec082c6d	0e9387388ce5
1789427828	33542811	15598	35f07f9c0ef6	b46f14d35aa9
1789427794	33542431	15595	3c2962ed2119	28696193c254
1789427794	33542601	15596	da4b63ca38eb	dbeb276104f2
1789427747	33534883	15555	b8ff0070e5eb	6b13ccbae101
1789427729	33534883	15555	c44b2be2034b	6b13ccbae101
1789427662	33534433	15552	068d0adcd5d7	f1a0efc712b6
1789427632	33534433	15552	59e5fa5e8544	f1a0efc712b6
1789409542	33533764	15543	1a382b71b99c	fd4bdc20a40f
1789403539	33531805	15520	3bb63b5a771a	15ffea22bb2b
1789400214	33531596	15518	1ad3d84b94bc	9071762e5e1d
1789399870	33531492	15517	4cf64e20fc21	f9835f866f8b
1789399321	33531433	15511	c99faac05b34	434c445cb630
1789397282	33530411	15497	ea06540af272	22f86a213400
1789395800	33530201	15495	5c5882b8fcc7	65fc417fa5a8
1789393857	33529856	15489	a88abf09e360	13ffec3b8dc6
1789389018	33528861	15475	065a39d081f5	877bca99b55b
1789388937	33528641	15473	3d0c1548b3fc	0a04d6797afe
1789388358	33528420	15471	f9df600f5ed9	d7af02748ef1
1789387656	33528199	15469	1f9cde64c216	5916de656cd2
1789332674	33527986	15467	539917623e64	b533ff8fb39b
1789332674	33527978	15467	a387cac3aa3f	58f69e7fbcfe
1789332113	33527756	15465	3ee475fc93f8	fb0223997237
1789332113	33527757	15465	f87c8c89c1a7	964957d85805
1789331456	33527528	15463	02776ec5c266	103101894468
1789331456	33527528	15463	52a9d483355c	290cf629678f
1789326165	33527301	15461	89560f4bbbe3	f59173a10990
1789326165	33527300	15461	fb45209f4554	56790c3fd427
1789034761	33527074	15459	6928cffdc342	b6d616269cb3
1789034292	33527077	15459	d9dd58ddcb71	4bafcce62c98
1789034232	33527073	15459	94218a9b8597	17c62d9ad84e
1789034213	33527053	15458	6bd4a3335893	fa7bece6a837
1788906612	33526853	15457	bbdedab1eb8a	2de84fb0524b
1788902732	32902137	15225	dfb405c0d2cc	c8bee2c497bf
1788902306	32897016	15225	09a5fe9065d5	e0b42d0de0b2
1788902305	32902119	15225	f7a7e2e6602b	66100e4e155f
1788872352	32896794	15223	5dffc698265d	63d70064c55d
1788872342	32901861	15223	998d127174f8	1420436a2457
1788862850	32901897	15223	b45566bd7fec	d7a2687c5f37
1788862779	32901879	15223	99fe5b3087db	7132e4e0b8a2
1788857973	32276804	14992	1f1fe10bf668	01a3ebe63f60
1788857900	32276804	14992	94e5f107aadd	3114201199b0
1788857885	32276657	14991	f3b3e52d5aa1	51fb774f9b4a
1788857855	32276804	14992	ad2626f008d6	805f5d679caa
1788842176	32276657	14991	0217d0647ef0	89edb084e57c
1788841706	32276539	14991	19856436ca26	27f103439c1d
1788841694	31654939	14777	c5e227cd72b9	191b4d6ed500
1788832315	32276329	14989	cf2b27af4152	0977ce4abf63
1788785022	31654729	14775	28e41f129d80	64a7c54df103
1788784233	31654693	14775	bfad32311722	6cf7f502a5dc
1788704140	31030432	14548	0ca3e893da2d	7c91a10a0569
1788703993	31030429	14548	f5a9028cd77f	5792f695223f
1788702449	31022471	14542	bd442baab49e	6219439502ae
1788702278	31022460	14542	07a57eacab5c	d7bf065739c5
1788702046	31022446	14542	096b5527a2b7	c3cd3ffda8be
1788701801	31022419	14542	fbb2d0f2ab1b	c06ca8e425a9
1788701734	31022409	14542	df4719823d0f	dcaf4fe553c3
1788701581	31022401	14542	dee1b8bb4a46	be0c61beda4f
1788701097	30400178	14328	37b9276ee97d	367037f8eaed
1788697735	30399853	14325	d64e73f37439	7467a0f0e172
1788697524	30399846	14325	5b208423ef98	66c87ec100c6
1788697504	30400240	14327	c9fd7dad8fdf	fea12aa4fa73
1788695984	30400187	14327	b19d3231b4ed	e50e6bf178d9
1788695883	30400164	14327	e25a93e4159b	e6409e88f1f8
1788695608	30400158	14327	6f4a8e7c08ac	b3dccebd064c
1788695162	29778976	14115	80bceba41a4e	d7c68ad48d5c
1788694781	29778976	14115	b9a3995fe907	c1728a095afc
1788694672	29778976	14115	f6417f1c8734	f7279a2fcdda
1788694200	29778965	14115	1203b6e1b853	4d6f754a9100
1788692617	29778893	14115	2c767276e546	7fe4519032b6
1788692256	29778736	14115	8b71c824479b	98abacc8a21e
1788692047	29778719	14115	846283ef4c38	dbc52827b0b3
1788691783	29778129	14113	6177ccd0f41a	48ae46303b4b
1788691119	29776507	14107	4a70ba169e8a	dd0f2f8db099
1788690912	29776318	14105	cc1faaadc962	39aae7e75d29
1788690420	29775747	14103	7c0bdc2cccce	5e26b5dcfb9a
1788690220	29775178	14101	3e5c6b52905d	ef1491dfdd75
1788689548	29773968	14097	850afb16df31	4946245b635b
1788689288	29773365	14095	ccb376241113	0ff07eb51273
1788673507	29152321	13883	ddffebebe613	c0fc847180b0
1788673084	29137318	13849	93961b0d3388	87030aa6346f
1788672746	29122331	13815	282368be79f4	6a4252a97fb6
1788672304	29107356	13781	00c94eb26860	c3bdb77a73c2
1788671982	29097833	13748	424e5a0b60d4	006c7f0aee82
1788671557	29082892	13714	189c25b876e2	28da4b1a12c4
1788671208	29067977	13680	d66f36c81483	d39b81995da2
1788670570	29057887	13645	7f7be6e54e2b	8ba4894b594f
1788670175	29048371	13612	8486a34b24c6	5cf097db0acc
1788669759	29033644	13579	a1fdc757efc3	9c4d91b1b622
1788669416	29018927	13546	02e7aac373f4	f87abe7a8dab
1788669001	29015986	13533	1ae532c5ff5b	f784e4843e30
1788668358	29001277	13500	9d364a218b91	8619680fee55
1788667491	29000762	13498	95dfa2ce68c6	666db7c26025
1788666778	28944349	13372	22f337b9471a	81c214d00350
1788666422	28894757	13110	17d2733d5f1a	58dd66062c7b
1788665970	28829034	12770	42f2b3a801c1	e56be6410046
1788665530	28796099	12605	f772dc96c326	0737f7a245ee
1788665516	28795009	12603	1a339a020474	5b40886c7ae2
1788665281	28766680	12539	62728009e87c	5c81fa05d132
1788664992	28724653	12444	1f1ad310a40c	eef935ce4c01
1788664982	28724174	12443	17d93008e51f	6419418d195a
1788664836	28676661	12205	878273f3c370	ef0d489928b5
1788664705	28676192	12204	4e0b72bf30c6	fb9cf220186c
1788664604	28675727	12203	1b9a9867545e	777e29905526
1788664511	28647732	12139	74edc722aa2c	4248b92d56f1
1788664275	28647320	12138	2dedd4f298e5	f4c496fe50e0
1788664102	28646926	12137	1d0441b7db06	ceb91d5e589a
1788664056	28629980	12105	c2f70c627bc3	71c335d05f5b
1788663135	28629524	12104	24a3d8880904	7e9f7fce3b1c
1788662610	28629089	12102	895cadcfa0d8	d3def5c87f65
1788662121	28627942	12099	2357cd238763	97aab71405a4
1788661720	28613926	12023	63acce00fbf4	12277323404a
1788661140	28605196	11995	37e4c6929060	ea1d69ffba8f
1788660907	28604462	11993	1c551a2928bd	9095374eae5c
1788660801	28591559	11924	ced186e3fe5e	60b5f9a4e2e2
1788660530	28590455	11920	d9a5c89f0f68	dd9996558cb8
1788660387	28590042	11914	ecbd0a5a3614	d66f4b110793
1788660314	28589739	11911	31f02e82388c	97822fc12073
1788660105	28587096	11905	0f667ea9bd31	8144515b8322
1788659953	28586483	11902	9d22069317e3	e70a2f1ad1b2
1788659574	28584130	11899	6a2af6197d30	610936fb4ae1
1788657809	28583710	11896	30b97a7a2a8b	30b3a31b29bc
1788656095	28582932	11892	dfbcd6c93b29	875f957dbda1
1788655691	28582932	11892	df21616eb21f	a77484af659f
1788645847	28582729	11891	5a34edda04fe	96a65b8650b1
1788645448	28581872	11882	8ea10cb88671	87b611b07138
1788645448	28582289	11884	bc2880a869c0	40af1b3aa933
1788645447	28581871	11881	0dc0c5037803	7dd565373b20
1788645447	28581836	11878	2832aa90b4fd	223264331e4f
1788645447	28581824	11871	3d39203f7865	a57d07062210
1788645447	28581830	11874	ba2c67edcd83	cbd1588c628f
1788645447	28581816	11867	ff71f389e168	bdf8f38abcf9
1788644999	28581785	11863	5c5985a57eac	cb8e55f991eb
1788644691	28581359	11856	acbbfdf3d5c6	f5a80fe9db0c
1788644443	28580863	11847	89a6bb3b817a	790e95aa7d50
1788643707	28580410	11841	b7e8d25d6d08	c0e22ac056f5
1788643669	28580028	11839	4ec5b85b6f46	1107f737961f
1788642042	28579649	11837	fab09433b906	112e7102e7bc
1788639869	28579253	11832	398733031805	851146145375
1788639663	28453036	11620	ff6690045e2f	93a27c8cf920
1788639396	28326896	11411	616c2df25aa7	7046c3b4e5e6
1788639121	28201148	11203	30e55559fc29	eb77cbd703a6
1788638925	28075571	10996	cbaaa66a25ea	d20cbc04aa83
1788638355	27950051	10790	53745c3facca	fe51d655dbd4
1788638060	27824592	10585	c6cdf4fce91e	4092b631fe75
1788637769	27699200	10381	a7fb24c22dec	3a9f530378ac
1788637541	27573873	10178	ea4ed427b71e	2a1df6452700
1788637436	27448611	9976	41907936437e	c4795d6c9867
1788637021	27323402	9775	64085673f8a2	ef3ef1bc713e
1788636804	27198304	9575	b48e406e9e61	5a0fdf866d5e
1788636509	27073269	9376	1f8be09f86fa	9df414d5f53a
1788636430	26948291	9178	a9474d74d0a4	9c21e1216afe
1788635244	26947934	9175	c4c704e293a0	b4a490210e9a
1788635154	26823020	8977	169673198260	c81be719dd84
1788634931	26698118	8779	9fe82394d18d	a15b6dc5e0e6
1788634255	26579351	8599	4185020ade7d	95cdc363548c
1788634152	26466320	8438	fc947ad0f9c9	eb218e1f684a
1788634077	26353525	8279	d1443c2fcd10	7bfa63e7b0e4
1788633992	26240857	8121	322ba18938b7	a7c8fa3a2d43
1788633910	26128400	7964	8a20401537a7	34fdd7a40e6b
1788632507	26016074	7808	30df31f37174	feb84505f69b
1788632248	25903843	7653	169f71601534	6cfcd02d1182
1788627085	25791626	7498	95bf285fb8ea	2e0dda76ed0d
1788626066	25791267	7495	ee7371e8c8a7	561a38b4ec65
1788625466	25790944	7493	0f73abf1054c	0e25f2e51732
1788625129	25710165	7341	1674b9ccb5c6	b803b02bfb79
1788624574	25709844	7339	dfcbc3f26ec1	91cbd26d181c
1788623182	25628777	7185	92bcf29180ae	20dd1cff8a71
1788623157	25628456	7183	e3bcd5232247	590794d4ffb7
1788622257	25628135	7181	9346073112e0	7bfc57984a6f
1788621801	25547071	7027	1febc56cb0ce	2148d4b5b816
1788620283	25466182	6873	619c6d31d3a4	50808a631db5
1788618387	25385778	6719	2cd57d15b733	0f96d2773558
1788616202	25307221	6566	7ddc71e79820	0393c736c68b
1788615810	25258383	6474	2b91603f73de	11ea09480166
1788613938	25258079	6473	18c3e2e1bd62	0637a368e828
1788613425	25258078	6473	0f045db597b4	6238ab262ec1
1788613138	25230143	6330	7df9dd2fb4df	3e10efb63e95
1788610769	25229840	6329	9bd0d11e453f	b678f979dc38
1788609571	25201248	6201	7c21f27158f4	a36468231f8d
1788609461	25166177	6083	87fe12502e77	485364739731
1788609036	24546184	5874	313f56238b91	a5596705aa63
1788601009	24545033	5871	c1b24e6d601d	c1e91ca88d13
1788580386	24544983	5871	5fa6ebf73426	c05cb6b7a621
1788578661	24544697	5870	24171fd1d342	452cea500c5b
1788577880	24544672	5870	362b679a0f78	088cad297484
1788577458	24531920	5806	e6f39c98d1b5	487af57024b2
1788576833	24531894	5806	9a1cd023b089	95a7109df54f
1788575801	24531802	5806	799dd36dc1ca	089852f7c2ee
1788575743	24531530	5803	347d93fa1047	c189c2ee932f
1788574819	24518997	5739	1b51cf261069	2dc34cdae34f
1788573965	24506574	5675	e4f32ae4dab5	4796325ed675
1788572918	24494178	5611	1a6445cc52f3	e7264705d950
1788572625	24494184	5611	6ecc0dc04da8	072c4f73ecbe
1788572336	24494137	5611	a4faffc1cc18	f4745112e36d
1788561427	24492814	5606	5260db101e64	f861d981f2f2
1788493924	24492432	5605	ab8545145e0e	a54876191e89
1788490923	24491993	5604	6e462c5ca0ff	3f4c3b619441
1788489868	24491940	5604	50ab95911aa0	79041e636545
1788489460	24491408	5603	9e42af8a1ade	877d4a3bb9cf
1788488579	24490971	5602	d377a47a180d	00e3878aed65
1788487849	24490971	5602	e46a2c9b622c	818716081471
1788484703	24478120	5537	7b91a994a689	1330ca04c81c
1788483936	24477603	5536	0051b3dc25f8	f7e5116ad004
1788483105	24477603	5536	37ea8bab11c0	1a5f6615768b
1788481329	24476788	5535	c9c9f61f6daf	4e41b1a5fcb3
1788480610	24476784	5535	fd33c797374d	1b3dd5339e36
1788480475	24476707	5535	af40047bc8ed	d3db71b9acb5
1788478613	24476374	5533	7d00781b6993	7406bee711ed
1788478518	24476325	5533	ea97bf09a16e	797884403f7b
1788478260	24464649	5471	5c700a4abdad	4abef74981dc
1788478229	24464359	5470	5efdc5ef493b	7ea2ea0b58da
1788476227	24463924	5469	d62d51258a32	bbc11c948497
1788474441	24452275	5407	d5aafefb72ad	d113fdcddfa4
1788441440	24440625	5345	9c4a0df3c03a	90c591892c04
1788405454	24429213	5283	a0f93e875717	3287388631b8
1788402907	24428961	5282	fafa4d2d6a15	734246038580
1788402570	24428945	5282	687d03f64919	1971de5596e8
1788397854	24428695	5281	87e6da86edcc	3ade3ceaa459
1788394259	24428449	5280	864b92ea490f	b9e3307a48a2
1788390637	24417541	5219	3462a0794aa6	c22c7bee5344
1788380010	24406653	5158	8183d31eb125	393956f54fdf
1788378795	24395780	5097	1f03e4d70b0f	107e38b6a655
1788377858	24395280	5094	685ce8450a1c	d717ff005717
1788377131	24394803	5091	9c36d53c45ed	3106f44b0ed2
1788377047	24394278	5088	4ab570630256	ffaa637b9fe2
1788375749	24394043	5087	9f1a7b968f2c	5169a799785d
1788329623	24393511	5084	77e4eeaff7e2	45fefb219896
1788329514	24393274	5083	1bbb0b21336c	4c6711aa7e2c
1788329064	24382714	5024	8b82b3921c42	e7dedba6a058
1788328335	24382476	5023	1b2b4b328c6e	2862e513490b
1788309780	24371931	4964	c993b8e7277f	8cdb0afda40b
1788308748	24361259	4904	34ba41db9dd0	a789cc6ade4a
1788308521	24350728	4845	875a8813e722	121bb6ce2d0e
1788305197	24350718	4845	38ef34745d15	ab2e37fefa23
1788225612	24340201	4786	1f8ecfe975d6	796011bfd646
1788216767	24329696	4727	e1a4520fb62c	79a1d30cbaa3
1788215990	24329610	4726	9633bdc54353	06dfef70e5f2
1788215371	24329397	4724	48de96ec9e97	22a172eaffa8
1788215137	24328951	4722	d7a81bc8e3e3	9c85db5b670e
1788213786	24318801	4665	96b2fa9ab054	f259cd0600fe
1788212797	24308653	4608	af9bc43e461f	f4c1747fabf6
1788210902	24298311	4550	74d3b275a628	c8df9eb361fb
1788210639	24287975	4492	483e5d9edd85	b34a1f71f9e8
1788209877	24277639	4434	a9777cc19c69	9ef6aa00c6d2
1788208965	24267635	4377	bdbd88dcefed	8c6499144a4f
1788208691	24267635	4377	0f2627497077	d9b1787057fd
1788202906	24257679	4320	34c0b6895031	603bbeceb63a
1788200264	24248002	4264	ffc356b8f3d2	859a5ca5733c
1788199504	24238450	4210	58d91d44db63	6fec3010cd1c
1788197714	24229151	4156	0f1b96fac707	c8b30706f59c
1788194929	24220011	4104	5fe50782adc5	2bea0cbcdd24
1788192666	24210932	4052	febf6b08802f	c0c7783264d4
1788191982	24202246	4003	96c67d661799	b7830c84590a
1788190707	24193564	3954	516284286e9b	878cd73cffc2
1788188136	24185180	3905	cfb9bc407a3b	7ba102c35ad2
1788187780	24185180	3905	9633f70cfb30	536ff86d4032
1788184949	24185171	3905	533f3c85391b	7a83e26a6c52
1788184641	24185170	3905	997d25913a20	0b5238fab6e7
1788105926	24177307	3858	6afd5dea7216	316f64196028
1788091956	24177307	3858	ebe024e04f40	824388b6cb9d
1788091873	24177307	3858	af747fa6c8c7	824388b6cb9d
1788091810	24180150	3881	06ec7434c8bf	e89893db4ac4
1788091797	24180150	3881	3e31346eb455	0809574f7eb7
1788091788	24180220	3881	19056fdcb473	d66ab1b378a1
1788091781	24180291	3881	b21f5d0475a1	2dccc8eb098d
1788091775	24180458	3881	57ae10ea01a2	892a4ae648aa
1788091767	24180477	3881	54c4d5516e5c	fd4ce4744e95
1788091758	24180597	3881	bc292f9a3399	d85052249757
1788091751	24180723	3881	f83c8250cab1	31a5f74f5dae
1788091744	24180893	3881	9ca694400c72	a68bb500d639
1788091737	24181195	3881	59df41884d9a	fef7d139db0f
1788091720	24181383	3881	8c794272aef9	4688177e1937
1788091710	24181381	3881	6d3fb078edab	dfef534bcbdc
1788091699	24181377	3881	a2e93ff0a30c	540c34d9669f
1788089426	24181616	3881	784286275ba2	1613dc4650de
1788089242	24181437	3880	373186e0947a	55b27095c7be
1788087679	24181255	3879	dfb20d414c47	4584783f108f
1788087646	24181254	3878	1ed871c58804	0bd09df6f2b5
1788087576	24181254	3878	42132fd6d2ee	583e3bc16f25
1788085883	24181172	3877	e4f9e399756c	3c28b4435244
1788085792	24181154	3878	20715485e010	d023247a57b0
1788085776	24181089	3876	6cc0416a0513	2aef66736e4c
1788085393	24181081	3876	3cec2fbfa582	8ada8406f1a6
1788085253	24181113	3877	33e929f027c4	704662b968bb
1788085169	24181081	3876	1886b822f25f	dd1d53356c27
1788084736	24181081	3876	db6a650ef0b0	be555bbd892f
1788084700	24177952	3852	264d1f9e1be2	92178a1e5fff
1788084662	24177921	3851	b6e1e6be92f7	0d3a97b4db8b
1788084629	24177853	3851	f99967bfaf19	41de4bb0ae3d
1788084513	24177721	3850	579af27ab673	732775f9433e
1788060359	24177583	3849	d48f243ede69	1c234613062d
1788060328	24177664	3850	809972d4dd4c	9a1afa49b6b7
1788060054	24177582	3849	683a5bb791cc	458e7e84ee37
1788059821	24177580	3848	b6985e6dd190	276702dccad7
1788059779	24177386	3847	d29cbdbafb86	83a610884152
1788059572	24177189	3846	d126258aaff5	091e51ee9ca7
1788057130	24177056	3846	86bfe2c96e2b	4e3434672f73
1788056894	24177038	3845	ab0aa761a4e6	f79d4628d9fa
1788055465	24177038	3845	86f8eea7c2c7	e1a6ee1bde98
1788014014	24176855	3844	c1ff1ab91e05	ea0034269bd2
1788013610	24176855	3844	fc2c057f343f	a4e4a8be9524
1788013568	24176620	3842	a9f50776d5a6	28944d0b6326
1787982995	24175679	3840	f2f343a92ee9	2a8ecce66fdb
1787716872	24175678	3840	c36e41a689a6	e5bf5ea034ac
1787691758	24175678	3840	204aae6462a9	4cb83c4e0e0d
1787679052	24175679	3840	3d6efc84babb	fbe4298c0f52
1787677005	24175678	3840	ce1e67f32cc7	da9a5f37984c
1787650885	24175677	3840	bcc84ccddc39	4b632dfc53e1
1787649749	24175678	3840	16bd8af5dde6	df095dc6c5ca
1787616122	24175677	3840	cfb32796e4a3	8c0b3781e7d0
1787591335	24175676	3840	824a23cd0cf9	d634b34fa9a9
1787591196	24175676	3840	42631c64a6d5	d634b34fa9a9
1787591175	24175672	3840	39e5b5a269a5	7f5d260b5515
1787586390	24175525	3833	7dbec7086794	da0dd82eb37a
1787567750	23555967	3631	bcf966f21ba7	1ab5a3a77be7
1787567244	23555967	3631	600923d29a3a	46dbdcb37f55
1787566020	22939567	3440	55c822ba8fa0	11ec49348da4
1787565701	22939565	3440	c981bea5ef4d	a0e4e8aea060
1787562484	22939563	3440	e9dc56caea20	81a3623b93a4
1787528806	22323644	3257	9e4248d0b13c	fe9ddfea1de1
1787528650	22323644	3257	89766264ea6b	4a6bf17dd6ad
1787528452	22323136	3250	21563136875b	16d665a325a6
1787527765	22324430	3261	bf070738671e	2ac6c7b1f2c1
1787527367	22324430	3261	e38794a5e371	3a7a2707aa3a
1787526667	22324796	3261	2c9bfa3e9a2e	9276f0a72a8c
1787526326	22324788	3261	f9f4e47207a0	15a5ebf13471
1787524500	21707745	3073	8b2432be75f2	ca45d26dc68f
1787524187	21707737	3073	0e4d43b0c788	e4c8dde16c96
1787523791	21707717	3072	91e948338115	3da606cb0793
1787520817	21082422	2893	3acd56386d0b	a8958eaf1f30
1787520460	21082414	2893	ce5fc57051cb	3685ba647fba
1787520258	21082414	2893	1e22f7ec638c	22e47b405f8b
1787517210	20468000	2725	d598d9b6b89b	1e6d9b982c5d
1787516828	20467994	2725	da97704ca6a6	b78325f79dc3
1787516682	20467994	2725	f92b97d5d4ac	b2074b2af0de
1787514882	19854882	2567	9e0c51281fc8	9d21f0210ffe
1787514736	19854882	2567	b99e1a155c53	3b147e7b7aef
1787511730	19854728	2566	eee4cf7d854b	0e8ab1d804f1
1787510884	19854708	2566	2e4662226d4a	2f69c0889e25
1787510750	19854598	2565	d6e93c866844	6dbea2e205af
1787510578	19854589	2565	3a50637a6626	dc334b3f5cfc
1787510489	19854589	2565	bafc44c74f0d	2a93ffd9072d
1787510225	19854547	2565	a04c64105e7c	1e2ecdfc1dd2
1787509964	19854547	2565	5a9a7cd89908	d560bdc3cc31
1787506552	19854463	2565	55ee59df89d1	8a2fd427ccd7
1787506209	19854463	2565	31bd68ca1e33	a5c412ff13be
1787502450	19854391	2565	9f40c5f8b412	e7375fc6d6a8
1787501986	19854390	2565	bb8243b89ab3	1f14d8ed9d80
1787498549	19853262	2555	77085a5dc8a8	3807968dbf5c
1787498371	19853262	2555	95e547ac5053	e53e2e11a895
1787495535	19852077	2543	59f74e319fba	e9dc244b74d9
1787495321	19852077	2543	7135d8cc6b14	afb256027963
1787492120	19851171	2499	50a6df6c4bd5	60b72b3665e6
1787490523	19242576	2418	0750c9854f23	2fc359ec8c26
1787486963	19241978	2411	76bacf217ef5	bce6f79c20e3
1787486875	19241972	2411	fbfd2c0b7f0c	9b001ff570e7
1787482145	18634222	2344	b6d0b39ec510	1b4ae12fed61
1787480877	18633365	2341	19a22f3095ae	273f2ed88f14
1787480174	18633013	2339	ff317f5cd3ae	b2ee1c712d04
1787477267	18632816	2339	c41cc6963db1	4e4035749044
1787476088	18632161	2336	a355a6eccd4e	49a1e79e071f
1787474097	18631513	2333	d028e26faa06	cd29dc887545
1787474023	18631513	2333	0f42ea1b5299	24b9ac4db6d5
1787473901	18631512	2333	096f902e517d	0a4a166b81fd
1787473191	18631322	2332	3bcb12520fb8	9704d5a25332
1787464334	18631283	2332	d8aa08f75a3e	4b484d9f094e
1787464216	18631280	2331	d3ba2a1a0fb5	b4624fc4c884
1787446963	18631280	2331	5dee33902b56	ba783471ce76
1787444667	18630765	2323	829ceafe2ce4	c0239a94c18a
1787442476	18030605	2318	3e9c023addbd	7e5d39bb8d93
1787442249	18030605	2318	458ec52e17de	3e4d810cb645
1787438881	18030473	2316	52164f6e39d4	15b739204904
1787438515	18030463	2316	9967b6a9a2fd	834414846cf6
1787437154	18027315	2282	f3a38d7517ae	a3743e2328fa
1787436745	18027137	2282	26a6c65d4d96	bd402ad5aa54
1787435987	18027029	2282	d88c293634e9	2d5733d3b8b3
1787435773	18027023	2282	68af38033a4a	fdfa6bb5f13b
1787435764	18027022	2282	d9c0a9addc4f	3cfca0bbfa08
1787435517	18026954	2281	dbd066122611	5f69a607fe86
1787431527	18026786	2280	34c995fbb63b	5a4a0103c514
1787431430	18026683	2280	9d3568717825	1da2330fb0a1
1787431296	18026681	2280	ce690b69b01e	68fbce2b55ca
1787431213	18026499	2280	7ee4ba5eba50	0afa0dcb2fb2
1787431137	18026497	2280	2d2e6f71bc4d	288a44b85ce5
1787431036	18026389	2280	a1c3bb97ee8d	d46e1df23326
1787430362	18026362	2280	6b973929b658	9dba388f11c5
1787430276	18026361	2280	88f0002b9c03	f86e49dd3c04
1787430167	18026359	2280	a9e0c12d0928	5a9f9a14f794
1787430086	18026733	2280	cdc7f6d0f4c5	34aeacccdaec
1787429926	18026733	2280	49355301d366	00b377adc5dc
1787429837	18025201	2280	c7ddd13b784f	140e691a9580
1787411172	18024519	2280	89a0a2401cbb	0a750f0718b7
1787411050	18024699	2280	1cfe12ce8ceb	036f475c3480
1787410826	18024693	2280	8b7293a3e635	0f31faba60c4
1787410680	17425647	2272	595371415c12	6e2812e0f7a9
1787401180	17425288	2271	0e0fbbf16fce	7b48a2ef6650
1787401056	17425289	2271	0e6b1425f34d	fbec75322a5b
1787400894	17425288	2271	619f9c8154ae	8888b7911f32
1787398944	17425235	2270	06669d3ee05d	4241538ce177
1787398916	17425235	2270	1c68f1c21e3f	4241538ce177
1787398909	17425234	2269	f6f880c77db5	bd2d1c0ffcda
1787398896	17425211	2268	c7d5f6f09883	a0f7fa54ba04
1787398886	17425212	2269	0e8376124f87	faa0a06a64b0
1787398878	17425211	2268	9f7f680018ab	a0f7fa54ba04
1787398866	17425188	2267	e4575f93dfe2	147cb066e184
1787398839	17425186	2267	f4d0d29d2ae7	90ceae6777b5
1787398800	17425150	2266	de4f359bd096	542a08d00aad
1787398788	17425140	2266	7da71b7da661	ab28b1bdb0de
1787398777	17425139	2266	f11a920d77cd	cbe2416a016d
1787398731	17425124	2266	dbc73d011282	5b11d11378b3
1787398705	17425114	2266	71e73a577af0	1a70fc62526c
1787398650	17424785	2265	d35e34568417	16d8f0f5879d
1787398596	17424563	2264	8983d2b9e833	be5fbfd92930
1787398523	17424439	2263	ad6f190b43b3	2f80f2235def
1787398471	17424250	2262	f5815fc4e376	c9e086e0f180
1787398389	17424126	2261	f27c993d4239	6e6d130661ed
1787398041	17424005	2260	4b6581455b72	5ad8c0a6c44d
1787397915	17424005	2260	f7ed16292c60	5ad8c0a6c44d
1787397789	17423981	2260	06f29a4618fc	032ea5c072c5
1787397760	17423758	2259	3e2f55377fda	bb2f0fca94f2
1787397705	17423612	2258	e1190a654fb0	0a890b04f618
1787396174	17423208	2257	fb5cd8fbff26	a27497400ba1
1787396149	17423208	2257	4828bec7dff1	a27497400ba1
1787395713	17423206	2257	e75f8c8a5127	8d3640fec865
1787395690	17423206	2257	6f4634b7596b	8d3640fec865
1787394978	17423202	2257	852538be9b4f	ad45fcd7ed3c
1787394963	17423202	2257	db12d33aba98	ad45fcd7ed3c
1787394194	17423172	2257	a83a0644c716	982e396d2ef2
1787394134	17423172	2257	a508e29feceb	982e396d2ef2
1787394115	17423168	2257	3ac5baddd9b2	c2b245ba608b
1787394097	17423163	2257	418347de70ca	9db3d0d33428
1787394033	17423137	2256	93241519f2fc	027fb353b812
1787394007	17423061	2255	9394a8f9e429	cac2e676f529
1787393956	17422767	2254	6741a0380760	6afcea882c3b
1787393904	17422766	2254	16db2bdfb882	5571714d62c0
1787393871	17422638	2253	df6484ab4c21	b68260dd9829
1787393822	17422174	2252	a96616797e0b	789128780e44
1787377658	17422056	2252	f3a2cf3487b8	641cbdb22ea7
1787372574	17413983	2251	e65c4e7a28c3	2c323631d794
1787371465	17413979	2251	1df6cb6cda41	0521476ec9f2
1787371438	17413962	2251	2691b7dc7161	1644b950067d
1787371426	17413915	2250	84a70890e281	b9044e18c3e9
1787370084	17413879	2249	389d69917117	8b2aa6603e98
1787370074	17413907	2249	b601475250c2	8bd6876d9d06
1787367452	17413957	2249	50a3f8d3de2c	65ad29be23e6
1787367363	17413956	2249	cfabdbbbd215	12a46fbcaefa
1787367345	17413956	2249	5dd645bd4da9	12a46fbcaefa
1787367246	17413971	2249	9a76fdc78015	ea5298b8767e
1787367232	17413972	2250	f1328157cdf1	b0ae583a7460
1787366862	17413971	2249	e6271d6d2ac5	ea5298b8767e
1787366829	17413971	2249	de69ffe91633	ea5298b8767e
1787366801	17413971	2249	1975c00619a2	8c46e238b638
1787366780	17413916	2249	b7cec80e3494	1863c38f54f2
1787366619	17413837	2248	9ffedf83b6da	edbaeaa066d3
1787364790	17406829	2247	a732f9d6bd39	2bef59fcc344
1787364773	17406829	2247	d11340b851f1	2bef59fcc344
1787364570	17406868	2247	2881e8d00b3f	d73f29344938
1787364554	17406868	2247	36359455d88c	d73f29344938
1787362819	17406831	2247	278a30874177	b09e8bdd7e2a
1787362801	17406831	2247	7651367cb2f3	b09e8bdd7e2a
1787362787	17406822	2246	a5288e5bd0f8	c46352cb486f
1787362003	17406819	2246	0647e3add354	14ec4fec152b
1787361990	17406819	2246	651d15756b83	14ec4fec152b
1787361976	17406813	2246	ccfb49301f4a	309622cbc5de
1787361917	17406812	2246	2f21848bae16	6b7ab3b8d4bb
1787361876	17406764	2245	1900366ab822	3222a64acc58
1787361868	17406710	2244	25e1e9c35ff4	0f19b8fe1acf
1787361860	17406673	2243	76e50e0b7e6d	304fb94640e8
1787361351	17406498	2242	796cd3876957	b92c7427a74a
1787361333	17406498	2242	c9f969c7c219	b92c7427a74a
1787361271	17406497	2242	75d02fb8c8d7	19f5797e9529
1787361238	17406459	2241	9a1b1ed18f77	78718d5678c5
1787361228	17406405	2240	d1f0ec80335d	59d7371aefae
1787361218	17406367	2239	25ee16fa872e	c36bdae7097f
1787359115	17406275	2238	14dd0cb56dd9	961b442be572
1787359105	17406275	2238	c2f67100fa51	961b442be572
1787359074	17406274	2238	5068478853f9	24497e6385b1
1787358446	17406241	2237	0fd6dd458f00	cca7ebec35a4
1787358406	17406241	2237	9a69e403977d	cca7ebec35a4
1787357988	17406236	2236	6043fbf02c03	68f888fc3068
1787357980	17406236	2236	71955181004f	68f888fc3068
1787357950	17406236	2236	dc6421117f55	b807fbbe7ead
1787357352	17406275	2236	48ad60b3678e	2b14687d5a7c
1787357337	17406275	2236	475883b06e2f	2b14687d5a7c
1787357311	17406365	2236	d047579fd0a6	7db8cc5a21d2
1787357282	17406364	2236	06c276804051	da8ed43582d9
1785830640	17406296	2235	5d57cf49ed71	6738f41d488b
1785812608	17406289	2235	d1616318ddff	2e4b42331dba
1785791092	17406290	2235	ec03184c8310	4e238e6795dc
1785790779	17406291	2235	7b9b0941ab0c	8fe68d2a71f1
1785790723	17406289	2235	a96883d66032	3eb2e8206696
1785335956	17406237	2234	c0965dfdebf7	bdcae8dcf7c3
1785326569	17406238	2234	d96660dd7e2e	b24281920339
1785311916	17406232	2234	82fb69e92859	86256891c08f
1785311508	17406232	2234	1c50905ba2cf	090073def74a
1785310989	17406232	2234	cce735b318ea	6d50848cb28f
1785289757	17406396	2234	df7528658983	802556baf25e
1785227654	17406391	2234	c3092dc5d4ce	f7b98e6300bd
1785227551	17406390	2234	28d590ad8dcc	f8ff5cc5ae66
1785182946	17406378	2233	5ec4a1196063	57850c3850ae
1785108757	17406377	2233	6cc0df260906	68d38046494a
1785108659	17406376	2233	8fd15728bfa1	6a897b608760
1785102703	17406363	2232	100c25ca7ab9	d230bf928eb5
1785102504	17406363	2232	7a6ea59c7e34	8ffa360a3778
1785102217	17406364	2232	49b59bf728be	c4b8d5fb0226
1784946943	17406362	2232	1a33ae405e2d	df4f432fb8c9
1784906371	17406350	2232	b5d8a88dc001	83c11097453a
1784904462	17406350	2232	b7c0d1cebfc2	6373ee243963
1784903945	17406349	2232	ccd945b997e6	9a0718029fbd
1784903469	17406347	2231	43219e46b84d	7d2f24b2b9ec
1784903359	17406334	2231	f300db7ff70f	2dfadfdfe889
1784902868	17406170	2230	74a823067149	0d0e3fb2bf23
1784899137	17406169	2230	d3587aa2043d	7dcdaa863a46
1784898699	17406168	2230	dc8a584d029f	60b6ea898227
1784898201	17405973	2230	7592b167130b	666fee6885dd
1784897899	17405933	2230	5ec73f25e671	9638738897db
1784897815	17405932	2230	ae800b15cc10	28f6250cf101
1784897472	17405899	2230	4af8f8a89893	056a7bf5ada0
1783717292	17405898	2229	70d1ab394efd	9c5ff1ee5ad9
1783717128	17405897	2229	5a63635bfc5b	d38ec3069bc8
1783714543	17405897	2229	a86f99429f6f	d38ec3069bc8
1783713650	17405891	2229	af04cc92c84b	31336c0a0be5
1783543196	17404946	2229	0792f67658e0	6b0ae4e83a5f
1783542701	17404966	2229	a822de40c5f4	240718cac369
1783526248	17404966	2229	f3a93ae5cf63	a0d9c7b4f450
1783526219	17404954	2229	4c8c62eb42d9	94b60e16d9f6
1783526200	17404901	2228	5943c79ea9b1	2dd02be2cb43
1783513243	17404854	2227	92e99de87cd6	b2f6e8d7c033
1783513046	17404536	2226	1b00508c042f	c1b97d1cfe07
1783512545	17404473	2225	5f1565f54643	9ee2ad810e3f
1783512358	17404467	2225	95408ac79544	54136f806d60
1783512222	17404413	2225	01b97fe46df1	cad91022abbe
1783349136	17404342	2224	13ca3125aa84	4c794507f4ba
1783347821	17404304	2223	9673c7a78f6a	97bcbc1e785b
1783295277	17404276	2223	f1fabc78a37e	2db25c14e17f
1782930545	17404271	2223	88894bebe6cc	6363f6bcaf04
1782930461	17404271	2223	c78e3a4d1310	28bf60d676fe
1782927302	17404269	2223	4d6d9c2de378	fcc1dce0b115
1781820854	17404264	2223	a0782f1ebce3	d828a43bdd39
1781820826	17397932	2219	365690dcbf5f	7c395e7fbcb3
1781819793	17397734	2218	1d8bdf8a2283	4ffcb1b835a4
1781819551	17397734	2218	d306e4d886c4	0cf30b4c6de7
1781817256	17397734	2218	d6a3fd72c559	2525bb63a840
1781812352	17397725	2218	86c677b67bdc	bda5870121fd
1781812307	17397721	2218	ccdb604efb86	81d1cb60836e
1781812190	17397723	2218	2acefc3261bb	2ff9990f2136
1781807941	17397723	2218	ffbcc0684c7d	363f331172ea
1781807872	17397714	2218	dad0fd721541	2e83b1f64d68
1781804135	17397025	2214	fd52154c099c	75100430fe36
1781804049	17397025	2214	af1fd0ad66b9	17668bc4581b
1781804002	17397021	2214	d604322464ea	a38ccc1733c4
1781799458	17397021	2214	320893c4702b	3552ffcedfeb
1781798150	17397012	2214	0eaaa02b2e29	3293d0089e0a
1781792533	17396323	2210	2d685f2ab05b	de14dae56b59
1781792129	17396323	2210	aea829f0b119	e6d70d409a09
1781786240	17396323	2210	5625eceec0a1	afd9cebc1449
1781781213	17396314	2210	db7e8777db42	8d2ffa479779
1781780414	17396314	2210	73bc13be0ce6	57d7c9a306aa
1781780277	17476062	2210	8d30d577aa5a	9dccc8389c19
1781780042	17476062	2210	17b3a3144842	0e8020831655
1781779993	17476058	2210	cee0a7b4bf5e	1c1948116a91
1781779816	17384588	2210	ee6003792bf5	86be099e9d78
1781779218	17383899	2206	542000c83bba	c6460c7806e7
1781778396	17383899	2206	264e0a455609	8d7c3f33fc84
1781777287	17383897	2206	49af79cd163b	268ef6b297e9
1781776360	17383843	2206	45173317d6c0	acfc748008b6
1781774495	17383841	2206	03b3cb85ab7c	773f3949a01a
1781773825	17383832	2206	6ce30b20b490	f6250934cbf2
1781766171	17383736	2206	fc8782148263	cebb6903c470
1781764326	17383736	2206	1a192c776e32	c65da70601e6
1781764290	17383732	2206	eeb8ed55a5a4	9ec4588d5ecd
1781759289	17383731	2206	215aec894e7d	9f5a8abe5d69
1781759183	17383042	2202	4aec1be8c313	0759adcd3c47
1781758536	17383028	2202	470bd38e3506	67a25f849696
1781748383	17383019	2202	5ba40651c46b	63e76abf0f58
1781747091	17383019	2202	d4b3ab1842e5	99b9a2e9871e
1781747048	17383015	2202	017731e150b2	c81c01f2c759
1781740691	17383016	2202	4bd0ae8f0053	3f470fea151a
1781740449	17383007	2202	2de4a9923dd0	802a9c814551
1781740341	17382318	2198	ae5f336f820a	ceae98e860ea
1781737969	17382318	2198	4edfd0078795	2f6d908b1085
1781737932	17382314	2198	fe740cfdf5b8	b8eda5773cb1
1781735052	17382313	2198	322057f7ebb9	0831ec500154
1781734709	17382304	2198	397066b426a5	1a5a114f1d50
1781734582	17382303	2198	46932f8cddbf	62721787000d
1781732924	17381614	2194	e68a619411e6	b1b50c3a5f24
1781728222	17381614	2194	f4816d05aa89	c4beaae41b9f
1781727984	17381605	2194	367c02c316f7	d0fe05d5cabd
1781725876	17381605	2194	c9301bc148aa	da9823ee527e
1781725826	17381601	2194	f848e0d39a58	a36b2dee06e6
1781721428	17381600	2194	2808a7c5acf5	ea626796e600
1781719614	17380911	2190	df48b6df1bbb	476975d0fb24
1781719391	17380902	2190	e9bcb04a1061	fef8768b24ee
1781717919	17380902	2190	8f6635c50317	66edca16a60a
1781717881	17380898	2190	67e29c8fc220	867aa2009efc
1781712502	17380898	2190	24eae5be8f7a	60d4062ea6c4
1781711282	17380209	2186	933457c7380c	41995a750b71
1781710352	17380200	2186	b603e87f368d	cf583508f336
1781707122	17380200	2186	c031cbeee8c6	440f54c22b7f
1781697608	17380199	2186	e61f0be5d97f	2bdb4ab0567d
1781697298	17380198	2186	0fb9cf6eace5	582e519570cd
1781695792	17380189	2186	c9e828cada71	04594c6d426f
1781695449	17380189	2186	e008d6f514a1	ae7a9fd7cbdf
1781695391	17459935	2186	74ec7ecb14e0	7d65e8d9e5f9
1781695343	17459931	2186	e7397332aa44	77bfc7fe0648
1781695180	17368479	2186	275eb396130d	0cfa521274d8
1781694836	17367790	2182	6a598d4fc152	d261da97a238
1781694532	17367776	2182	20c4b37e0bef	022c4cf0b467
1781691719	17367776	2182	829c355374b3	76941564b90e
1781688409	17367759	2182	aabd23962615	2053bbc1789f
1781681129	17367663	2182	c62a01fd2ac1	0b4eb4ca1ca2
1781679306	17367663	2182	1ca98b78aaf0	33bde6f7b4e4
1781679217	17367654	2182	eb8f45483e46	24331913228f
1781679178	17367650	2182	a316512a447b	54a1671aafd3
1781673601	17367650	2182	5ed24cbb3731	2b2caccba9eb
1781673572	17366961	2178	cbc8391a5e36	a85f6c037929
1781662121	17366947	2178	0bef5572ea49	49b5fc58d1f7
1781660734	17366947	2178	d2ecf8f42de3	9f20d3091f52
1781660652	17366938	2178	239238fc9116	0605733be8ab
1781660613	17366934	2178	c9644a6d53a6	80c3163b8a5e
1781653969	17366934	2178	43e2b5cc3d3c	4c4230b9dfcd
1781653836	17366934	2178	8f52968ca0a2	5ce4aa986f62
1781651851	17366245	2174	415ee398435a	8678ae5155dc
1781651643	17366236	2174	653429b8410b	9186c275943e
1781648710	17366236	2174	dc4b5f7305dd	7048b824ccab
1781646534	17366237	2174	091dc296af40	4d6447d497bf
1781646423	17366228	2174	ce62bb5668bc	55403c706eb9
1781646385	17366224	2174	2dff3c87eb34	283fd7b3739a
1781644955	17366224	2174	869dcc9e4106	7d55c028a703
1781641349	17365535	2170	985855a4ab91	abb886011076
1781636825	17365535	2170	e997e184c33d	9118b83db746
1781636744	17365526	2170	eb604938560c	498538481bb8
1781636690	17365522	2170	087cf25123c1	a75a9f63ab27
1781630733	17365522	2170	61626f7d1bcc	c3302c58252c
1781630696	17365523	2170	b1024673bd51	06d433f7201d
1781623957	17364834	2166	c03a0fd61e83	d4918ec5c868
1781623893	17364825	2166	1f8d64c44bbc	0cb9684e779f
1781612418	17364825	2166	2d2518a85b04	074f2adee9d7
1781610955	17364825	2166	7c1e7a274400	e3ddef671b43
1781610122	17444571	2166	2356b2aaea6b	fd9ecbe11ff5
1781610075	17444567	2166	4ddd03b1c383	48513bd5e47c
1781609894	17341409	2166	3be1cabe4dd2	25ef54d0f08e
1781609040	17340720	2162	d5f959e917f9	9b885b706721
1781608838	17340720	2162	ee77a97abee8	1ad17fe4a662
1781606035	17340718	2162	32b1345998b4	d1d4596e2ca6
1781605971	17340709	2162	4cba68ee5aee	3479b2a3a06f
1781605829	17340727	2162	3e89b1d96e83	51b4766a82a2
1781605788	17340723	2162	755601a74577	66ba4fde3ba9
1781604193	17340722	2162	f6c905c1d73f	ed8da716a387
1781593663	17340626	2162	32dbcd512fab	e8a0fbce1fda
1781588397	17340626	2162	2072d44b2d41	56c440ecadcf
1781588294	17340617	2162	096bdd3e003c	ab1057fb77e7
1781588238	17339928	2158	d656e7ded7c1	a3d71d2df7fd
1781588172	17339901	2158	e7555c705746	ade271a5b394
1781574395	17339902	2158	470a088d1ba3	c25a1bd79a66
1781570473	17339902	2158	1e327a99408a	90b16dd8f982
1781570440	17339901	2158	dec788b19236	dd5d31465115
1781569406	17339649	2157	c2741b1d0bcd	dc17b6eb7a98
1781568911	17339593	2157	8bb0dd7cd094	0744b3e16248
1781568830	17339584	2157	c20294dade8e	c61309bb8ac7
1781568788	17339580	2157	8f82070fc358	d9d35ff5c774
1781565166	17339580	2157	b976b3955da0	37b380f81d30
1781562679	17339581	2157	5d694bd981de	b2c98340c0ef
1781562537	17338892	2153	01f79b41ab75	c031d2cdf83b
1781562448	17338883	2153	a7485161648d	7e2c82b2e53c
1781558412	17338884	2153	4b57649bfb3e	1cb95f15cc16
1781557025	17338884	2153	f46987bd73c2	be8c14cef8b1
1781556980	17338882	2153	fb7f934acd00	5248746b42cd
1781553971	17338708	2151	b90d1cd08cf6	305e25911d9d
1781553956	17338699	2151	8e0f337eb231	b582a7877c05
1781553341	17338701	2151	84ba10b0166b	752357a05d5d
1781553314	17338696	2151	be1cd18cf585	cedbdf59f914
1781553300	17338604	2150	ef2f7a0f97b4	863823c5ee02
1781549308	17337999	2149	d339e8ca3463	68da07ca50c1
1781547123	17337310	2145	b9d22afdce9b	2b51c57c1232
1781541100	17337312	2145	8411ee8e7f4e	ba1bbf02615c
1781541063	17337303	2145	3036be4cf0e7	d248dff9c40e
1781530465	17337305	2145	1e3ca4d9ed6f	248d0aa3c9db
1781529691	17337306	2145	4847b60b5acb	1ca2a777872e
1781528000	17337301	2145	8d77f80b4a8f	bcf537644fe0
1781527733	17337649	2145	7ec105fe91c5	1daef2618cfd
1781527696	17337639	2145	2d1d113fc554	99be0dc65304
1781527565	17337639	2145	e5aa56a4891a	dd10389aecd9
1781527560	17336950	2141	7856ee6f25ad	41084935d070
1781526881	17256081	2137	3a3b1b009d57	106ebd41fab9
1781526665	17256080	2137	fcf32c01d243	8f8664c7820a
1781523841	17256080	2137	bda14f35030f	59c288387f80
1781523247	17256084	2137	1669dded701b	c3968963c03c
1781523209	17256080	2137	f7202c5c79bb	02fd9ea1bdb7
1781523151	17256081	2137	8821debc5fe5	b97bb6068e90
1781520711	17256072	2137	63ab7ee3e677	36a89b660854
1781508900	17255976	2137	8630f262cdb7	772c7ee4b4da
1781501494	17255976	2137	23745b2896f1	9b73ddb9ac5f
1781501416	17255287	2133	3a0a7f5a32f7	57f647ea55ea
1781501201	17255287	2133	5352687260d0	0e07a26cd7e3
1781489345	17255278	2133	03ab9492e28a	00c123957b49
1781482474	17255266	2133	c73bae297bc6	3ae1fa90e56e
1781482440	17255262	2133	f89acaa39681	e1d6954d99f2
1781481882	17255250	2133	4b8e596998ed	f22e51795e16
1781481207	17255241	2133	62ccd3274a96	83a5fc56df41
1781480375	17255241	2133	ed5d63b95b1e	457e9d8ac338
1781479999	17254552	2129	4d23778caf45	2514c8bc2434
1781479977	17254551	2129	73dada9e2297	009f64a10a22
1781479962	17254413	2128	ef26d9f226e6	988bea98ed5b
1781477795	17254108	2127	db04f6886361	2f62d607b375
1781477443	17254108	2127	a865ad7ff03b	b36dad8bdc14
1781477279	17254099	2127	f9434aaf1e18	b72468ed743c
1781473862	17254100	2127	a06a3be1e8e8	094e0397a2dc
1781473825	17254096	2127	88b393d7b7b2	d808dd59b327
1781473450	17254096	2127	86e566803258	e219d5af51f6
1781473090	17253407	2123	506f65085fe5	db2ed4ff0234
1781472995	17253408	2123	1c406ba45cee	67586c28fbba
1781468686	17253399	2123	512c9a0eff66	b1a7df307f94
1781468649	17253395	2123	3c720a16284b	6059194b22f5
1781467957	17253395	2123	dc4a4988388c	5c549dbaf08f
1781467338	17253395	2123	a936979465cf	a481bb8e4290
1781467278	17253386	2123	d260b93c8528	eeba0945846b
1781463698	17252697	2119	c6c5630f42e3	422d88b46a11
1781463654	17252693	2119	22b512378839	ab91a5bfaacb
1781463251	17252692	2119	2e8a255439a0	d067f0f8808f
1781461031	17252692	2119	87fd9709555f	901ace8d566a
1781459547	17252683	2119	5cf1ac9fadb8	f978f1276409
1781459091	17251994	2115	23fc7034f27f	ae8f49a4fac8
1781458810	17251994	2115	10f4108daf19	ece8fe35b5e3
1781456083	17251994	2115	a368554c43a9	3e46d7765538
1781455098	17251985	2115	82de3bbe110f	9661484c9ad6
1781455061	17251982	2115	e58bd5c635c8	baf94b38340c
1781453270	17251694	2112	eb216812aebe	80e27f1b8771
1781453230	17251690	2112	6c3555f9d630	edb545691dd7
1781453157	17251690	2112	c36c8ff6f209	9359b9750425
1781452791	17251690	2112	20215e07a9cc	3b8d24319517
1781450497	17251001	2108	f137de6e5e4f	09395625d906
1781447405	17250992	2108	6b63e17895c5	0c658e0b64c4
1781447232	17250992	2108	5811f5f23304	fc71f737d455
1781444200	17250992	2108	eae73b00da8e	7ba6e2a45a7b
1781444173	17250987	2108	55083d76c8fd	fa2c5878eb94
1781444156	17250916	2107	d43ddc4db13d	2642bae25f9f
1781442799	17250632	2106	67e387d41ad1	b6018b8db350
1781439480	17250623	2106	5cf2959363a1	4e71d9a88419
1781439383	17249934	2102	23ce70d6e0e6	caeb1df303c2
1781438898	17249934	2102	4594229ab6cb	6f27832b4459
1781436105	17249934	2102	0d7f323a9b0c	a569c1ef4fd3
1781432188	17249925	2102	fbb588f2e7c3	90401d189c3d
1781431611	17249924	2102	08021db1c987	4c09dbeaa4ab
1781431419	17329322	2102	4aa5cce6e616	0da4167cc796
1781431311	17238074	2102	93b1854ca9a6	4463e3441239
1781431275	17238070	2102	1d412d49cd94	7073f8a1f694
1781431105	17238070	2102	bfd4efec7bf1	09f09724893d
1781430741	17237381	2098	ced13d9dc15e	3cbc074d9191
1781430698	17237376	2098	5ec40cd93842	327840fa9033
1781430444	17237390	2098	c5750421ab29	74121bcafcba
1781427694	17237390	2098	6a40e49278d9	350ffb7e3a0b
1781426912	17237419	2098	f2ee0f52b37c	86304f25b3dc
1781426315	17237410	2098	fc2c16496f78	cdb3a1bdd23c
1781420509	17237314	2098	301bee76d1c6	3dc010c26f08
1781420485	17237308	2097	f3c9b2f5acab	86a9c249bbe6
1781420310	17237305	2096	308b9abee7b9	8c230a5016b7
1781419741	17237304	2095	4f85144f37ba	2cd1323ce4ee
1781419064	17237304	2095	f9217d07827f	f67dc5df71e8
1781419013	17237314	2096	264e52d36d18	46bba27a2bd2
1781418912	17237175	2095	7e3984ee8a8b	dd4cb2c4b291
1781418074	17237165	2094	6dd19390ea00	f6b1011250b2
1781417858	17237166	2094	16047430db80	8c4c17ad64de
1781417823	17237163	2094	ec121bc50ac7	89487e16ab1d
1781417623	17237158	2093	7ffc985bc62b	7a253b62dd83
1781417438	17237157	2092	b96a6d5896cc	a2c24cbddcb1
1781416771	17237156	2091	8ead38e310ba	12c486ad4826
1781416734	17237152	2091	56f5096c5797	0d9a10bc7f64
1781413912	17237152	2091	971f2d33f462	077a636b277e
1781413895	17236463	2087	31784cad08e1	5189869dfba5
1781413442	17236449	2087	810146e9f8e4	6f74b1964fab
1781402551	17236440	2087	337f447becbb	7a64636fa25c
1781401250	17236440	2087	7b1641a094c6	a2ef43ba4288
1781395993	17236440	2087	9096bc5f89f3	cf2085cb64fa
1781395951	17236439	2087	c7a7a3b0a17b	a74ac022d893
1781395808	17226851	2086	d071d3bac5cd	d401713e0ddb
1781395771	17226849	2086	fdbdff52b349	58650add4572
1781395490	17226472	2084	d0dacb161e80	b6f4a6207bac
1781395485	17226467	2084	6680655757c2	85894c67a35b
1781395455	17226371	2083	e6feed9f1e50	d0effa53a866
1781395400	17225943	2082	465f7f9e2b80	03a5840ce819
1781394394	17225934	2082	3ce2e4fe2412	cd57165c1dac
1781393730	17225934	2082	78da23f245f5	6173ebafdbda
1781393170	17225245	2078	6a648a90414a	a16da227e562
1781392870	17225236	2078	052eb215774b	a85ae73e148b
1781392588	17225235	2078	aad6498f40ef	584bfee2349c
1781392269	17225209	2078	1a08d999cc7c	8f3e6c3d48c5
1781392234	17225207	2078	2d0cc5d06e39	5607507ea77c
1781391345	17225144	2076	18fa795e51c4	4772afd16083
1781391087	17225175	2076	01509045cee7	c5113c351337
1781390931	17225166	2076	32b5c17167f7	ea93d35cb135
1781390898	17225164	2076	dddd8e713277	8d8b5be2c347
1781390602	17225089	2074	a9af8b9810c2	5e81d0d4f0e1
1781388665	17225089	2074	28a855f91726	99b885ebbc97
1781388627	17225088	2074	075e9c61f4ce	c7959cfb2dfc
1781388540	17224006	2073	30a6ce5ce9ef	42befe238997
1781388136	17224006	2073	9f1efff6186b	94936ece3007
1781388100	17224000	2073	e947da39c5ef	69a8aa8b50d2
1781387267	17223871	2071	ac2dcef1ce26	e8b9c0a59b5a
1781386840	17223862	2071	ad6bd70e4da8	85d90991b149
1781386775	17223173	2067	7a91e8fb0bd0	f47a9a818f41
1781386768	17223173	2067	ea4612062b59	94732b64270a
1781386170	17223178	2067	e0fbe293b636	605f5562273d
1781386146	17223177	2067	e96376914c1f	19b4826cd6d1
1781386134	17223085	2066	fefa21f3e439	4155730ddd0b
1781385244	17222913	2065	8c83f5175d5f	95e077978b94
1781385218	17222912	2065	eb6c1697b652	a34b230d422d
1781385207	17222816	2064	f22d752102c6	4b1926b82c6c
1781384242	17222561	2063	c4c862c560bb	ad99a337c03e
1781384179	17222561	2063	fc7386dc9851	5b8fa459b1d4
1781383809	17222533	2063	30feaa721f29	eddc4de8ca58
1781383769	17222531	2063	eddafde67975	17c064529f66
1781382964	17222470	2061	7d415ae3fa80	2c4a0ece9740
1781382941	17222469	2061	104bc01a1991	753045ddeec6
1781382927	17222377	2060	991eb0c003c4	e98d04159457
1781382508	17222195	2059	953712862c40	2cfce74997bc
1781382497	17222194	2059	e9bf4b202f9f	3cfe0a9a4265
1781382469	17222193	2059	817a29b17985	f2be33cc0af5
1781382296	17222053	2058	48d873e0e160	9651f3d77b26
1781381997	17222044	2058	9bd176e316a1	53bf578bfde4
1781381852	17222058	2058	e1dc4ed2d9be	98af62554583
1781381694	17222056	2058	51e9c6eb0880	9bc00e6d47ac
1781381659	17222054	2058	0b5b5192c4a9	b66135a06e41
1781381074	17221983	2056	6b30bdf4f01d	4123254d5163
1781381046	17221982	2056	77a3f70fe681	ade7378b842b
1781381033	17221889	2055	ec426910878e	3e383ecfaf1d
1781380816	17221704	2054	0f1bd1167433	749520325a62
1781380787	17221699	2054	15071fc439e1	19f2e0355a3a
1781380775	17221606	2053	f4002dd21ebd	6c571b93a024
1781380592	17221431	2052	7b8eeedcb2fc	31a95ba3e9c9
1781380219	17220742	2048	e9f53fdc36b5	58459c40b403
1781380179	17220740	2048	60a1d7de6346	0d807da574d3
1781380176	17220737	2047	f5f865a1eb22	425dcf9bb353
1781380174	17220703	2047	47695cc7b720	aa21225182b6
1781380106	17220623	2046	119b227163b6	21d0f920c940
1781380056	17220622	2046	4fc518b79baa	155154d7364e
1781380015	17220599	2046	a975d47c55ee	65f3ff3acb78
1781379623	17201165	2024	1888767448fc	3cd7687f7af0
1781379579	17201163	2024	2e1b35e6eaab	6f5c3f61f8f8
1781378704	17200317	2022	a409cc0ad840	475d37ad5a03
1781378516	17199842	2022	7f5c105b12b2	9c4af9781c2d
1781378483	17199841	2022	7a2e82ad86af	1449161d5cad
1781378202	17200213	2022	b17b29c9adfd	8ce1a37b6af3
1781377711	17200226	2022	a62e7f5d0291	371b13c346be
1781377694	17200228	2023	8760a8273c62	d471deac596f
1781377572	17200226	2022	ee7023a7714c	371b13c346be
1781377358	17200235	2022	e0cc7a381f7e	941ba723fce5
1781377231	17200234	2021	539be7155bb9	7f74acb02617
1781376976	17200234	2021	86f130b54872	4f787aff5344
1781376399	17199828	2021	7fc77ba7bec2	379e911853cd
1781376237	17199820	2021	551ee029a503	d308a18ee774
1781376226	17199818	2021	ab2209b66605	13ca9995d9e7
1781376196	17199712	2020	adc56c7b9372	a76789623b81
1781376103	17199470	2019	7cbfdc3759cd	bb0ce0b499b6
1781375575	17199377	2018	ea5e80c2b7d4	5ad4ee2a9c3a
1781375535	17199251	2017	44407decd3bb	2ad8e7860b38
1781373639	17198979	2016	2ac50cf7b5ab	820144d030cb
1781373597	17198975	2016	b62f9f37aa6d	937821b99443
1781373008	17198975	2016	374ab71451b8	ee8ae47ba475
1781372920	17198975	2016	a59a36259c09	f27c92b74a89
1781372602	17198286	2012	bb13c5d6c182	8d34e3ce4f7f
1781369163	17198277	2012	081695619dd8	f9174de7986b
1781367910	17198277	2012	4ab885f70c1c	76e6db900723
1781366607	17198276	2012	a216c997a3cf	343d25cc7eb9
1781363435	17198267	2012	49c4505f6dc8	43c94348c897
1781363393	17198263	2012	01fe297f79c5	b39673e0468c
1781363094	17198262	2012	efa6aa6e5928	ee06c1efea4b
1781361197	17198262	2012	3ce3b3371b47	17ae2d85f2e6
1781361047	17198253	2012	1c9ad1dac24a	5e340b9f2f5e
1781356225	17197564	2008	6c4d6560d4c9	cae9ae5fcd76
1781356183	17197560	2008	bbee59603575	614cf3aa5d3e
1781355765	17197560	2008	c6fa47692094	0eb32af842e3
1781352942	17197559	2008	54442eb02548	06b9fce27d3a
1781352288	17197550	2008	9722d21ac176	f41e059def49
1781350259	17196861	2004	7d5d547e539a	b79162fcaadd
1781350120	17196860	2004	57aeaba762c2	7bd1e4e9d91d
1781347072	17196860	2004	649b3036b2df	9d64172ed5b4
1781343921	17196851	2004	6f58099d2db8	76959cd514bb
1781343850	17276168	2004	68504930041f	e1c83924507b
1781343800	17276162	2004	dc2a2d684a83	92f02e7c6770
1781343556	17103648	2002	7999eaa2295c	e0d69bc85869
1781343327	17102959	1998	7eadc887749b	159672c2d711
1781343093	17102959	1998	b55aa75660c1	36e763769a03
1781343023	17102974	1998	1be1425030cc	0dab44674ada
1781342766	17102974	1998	afda07b50013	817002847360
1781340060	17102974	1998	85b0bd10a678	e0bbf9d20d5d
1781338683	17102997	1998	949327258b81	4ebab0d0973c
1781337981	17102901	1998	051a70476f99	f680fdc72452
1781337970	17102900	1998	41ada4ed3f61	8dc15a7d5d12
1781337943	17102811	1997	e105a6542286	ce4a36ff2a35
1781337873	17102639	1996	fd103f5ed168	ffbc6dda88d9
1781337869	17102545	1995	1e36e54dc500	f42c56215d92
1781337835	17102544	1995	11424f9a9d17	fcf0ed314480
1781337812	17102123	1994	a0d51622243c	b6cc6f3841dc
1781337754	17102114	1994	7fedc17ecd84	dfe6eee3b74e
1781337723	17102113	1994	32c2cdc308e6	ac6c27c9433e
1781337716	17102092	1993	77c6272f4d0d	ae2305b07053
1781337684	17101939	1992	a776d12ff2cc	64450797dbd4
1781337670	17101938	1992	8fc335964f98	45a57cb0c106
1781337649	17101871	1991	297d03abd5dc	29d8b59f4dbb
1781337589	17101558	1990	11aa252c5245	bccaa311db07
1781337554	17101556	1990	c56af7968f8f	c055aa3d2e67
1781335989	17101449	1989	ac11d58d58e9	38036241409c
1781335954	17101368	1988	2d5afc1d3b80	3052c65dc3f7
1781331200	17101240	1987	a148d56f6340	10a911285c64
1781331155	17101236	1987	d8a95b6ac0e2	4c89dd5d033d
1781330675	17101236	1987	d44c2dfdb9f0	6558dc3b8b8c
1781326515	17101236	1987	7b735c74e810	791963f6d890
1781326479	17100547	1983	c8990ea1e3b5	a42bf63cda2c
1781324817	17100533	1983	d8bddc578627	006fed63304f
1781315626	17100524	1983	096f7f9414db	fca7030fa05d
1781315606	17100524	1983	f4c8d0208b37	30abc48240b8
1781309990	17100524	1983	376f0d7de60e	155d3f0b754d
1781309099	17100496	1983	abb6eaa1b1a0	033fe96618b7
1781309042	17100486	1983	bf3e77264263	8ad4151a111e
1781308540	16252356	1978	f813c503f53e	181d36d8f539
1781308535	16252347	1978	04440eb25201	6dd2f4d18d5c
1781307934	16251658	1974	1928d97e9bf4	515e7f17e29d
1781307755	16251658	1974	31a268ca1375	fe4ac3ec5f42
1781302354	16251658	1974	d8bb7c9dd755	e8b3e68cf6e1
1781302220	16251649	1974	cfbcbfd720f0	d07d0fa23ee3
1781301810	16251648	1974	c638eb596ba7	91a2a40c56c2
1781301769	16251644	1974	45e55bb44ad6	4bc6a8246c1b
1781301745	16251644	1974	b83e0810dd07	bd179fb863aa
1781296454	16250955	1970	90a64547e8f1	04e68c455d9c
1781296274	16250955	1970	00fd6e613f97	af4e3ba2f111
1781295619	16250946	1970	2f85a9a85003	41ca9ae979fd
1781295582	16250942	1970	293e97e5d936	849fe86abc19
1781288890	16250943	1970	1d6d79c3c2e4	f3b091fc431a
1781288471	16250943	1970	9d6de23b92ab	b87bf1449495
1781288193	16250254	1966	44df2f292c8a	7bcc909d06e1
1781287074	16250245	1966	eb0cbcf50657	12119eb3ef49
1781282322	16250244	1966	2f775e155b08	283eb3c40695
1781279904	16250244	1966	2bf25fdcc1ff	60a4eb19ff13
1781279538	16250235	1966	1bbc5c50f227	976a31a549e2
1781279499	16250231	1966	50c5276802ee	ff7e050f9057
1781279031	16250231	1966	75b7ddc37dbe	46e282112208
1781272572	16249542	1962	cc9ddca2349b	d37ceee8d25d
1781268836	16249542	1962	7b767d9eb37f	8e0d265438d1
1781268814	16249450	1961	85a6f52d3825	cb3ced573268
1781268777	16249449	1961	7b0fc127d93b	6bd3bccf65d6
1781267999	16249098	1960	28fc34dec810	aeeaaf5cfac3
1781267644	16249089	1960	0dbd103840d5	e3603ff71741
1781261680	16249090	1960	3c419707e5c2	825cab723515
1781261524	16249089	1960	c21da62eb398	062cf0c15945
1781261333	16328395	1960	fdbe53223dc4	82e15dd7d125
1781261289	16328390	1960	9e277240f585	e053a7f668a7
1781260925	16314973	1959	7c9afa86762f	f4f8c25e1f65
1781259845	16314284	1955	1304f420299d	0f4baa391ea7
1781259668	16314284	1955	8173d2f81484	777105782980
1781258182	16314282	1955	3d33f02067ae	725c479e47d4
1781257304	16314251	1955	77df0de7ac0e	5cd62345e7f5
1781255855	16314249	1955	72449bf04e6a	b2d29769d471
1781255621	16314240	1955	6c9b365a5f3c	7c2bf67136f4
1781254483	16314240	1955	43e7d9da9065	bbbbedf1a52a
1781247029	16314144	1955	c7d130f40ee1	cc078dbfd8e8
1781241294	16314144	1955	fbc408c7e96c	1bcf94ccabe7
1781241107	16314135	1955	cea156559a8d	0e28a9380289
1781241071	16314131	1955	86e890142f35	583d2d0838ff
1781240966	16314131	1955	396c5321ca41	b4ffa772f060
1781240931	16313442	1951	55c3a9086a62	a4facc00f176
1781229746	16313428	1951	b03ec3f2cc6b	dace7cdc1474
1781223809	16313428	1951	7a82dfdce407	606897707f3c
1781223594	16313419	1951	073c28add003	a8d331af5482
1781222958	16313419	1951	824d835fbb63	6dd8b4a33409
1781222880	16313402	1951	f8570d971e21	a04d40bd9116
1781222208	14126986	1939	8975e9126f65	dbbd99bd3b6e
1781221937	14126297	1935	c700618356dc	ec5e8ba547a7
1781218609	14126297	1935	a63de9678c53	900557035242
1781218541	14126288	1935	3d42f0553a8b	947c9f7c439c
1781215828	14126288	1935	a7f864c2c3bb	b41bcedd2992
1781211948	14126289	1935	1679bed901c1	f3d72da3b0b4
1781211905	14126285	1935	c1dbcd070847	939dacf2520a
1781211802	14126285	1935	a082e693bd42	6f3f7f061ca9
1781210346	14126276	1935	808e033b5412	2ee44bb12b7f
1781208421	14125587	1931	56e0f05ee410	edcec34e4df6
1781202644	14125587	1931	b912621cf221	2a9ccf0212da
1781202354	14125586	1931	3c1d9ea4cc5a	8808e868fcdc
1781200530	14125577	1931	5a0d4ad20d3c	5d710156a7f7
1781196489	14125577	1931	522135081c5b	21801b126ec9
1781196228	14125573	1931	41e7489456ea	7f7fade901b6
1781196189	14125567	1931	0039596f6b45	40385c15bbf4
1781195518	14125532	1929	f9c886cf4790	0cc0c290f9c9
1781195404	14124843	1925	88f307c75cb2	92e13b1e3f8d
1781195380	14124752	1924	563483a587fe	bfc15ea703dd
1781195341	14124751	1924	8edbd890801e	14bc3e2c761a
1781191437	14124695	1923	a2556ac9a5f7	acce06939c0d
1781191396	14124694	1923	bd57b602fef9	da52f1338f2e
1781189913	14124694	1923	7877cd02144a	3bdd8a427037
1781188923	14124685	1923	04e55c87d072	04248fcef7c2
1781188754	14124685	1923	704f36564b3e	25210ee56aa4
1781178300	14124685	1922	e5fd4ee76a81	0cd1d48d0db5
1781176499	14124684	1922	6e392f24118d	4ea77b51d3d7
1781176359	14203975	1922	07ac64247612	a23b7c762907
1781176167	14203966	1922	01849c14f245	0763d3cc092a
1781176121	14203961	1922	c2edf12fe4e9	f836f7da2e43
1781175693	14157759	1921	5fc9f2434a51	8c330c69f354
1781175637	14157759	1921	2e6f0d3a2f6c	df7bbb90b5fa
1781175207	14157070	1917	82d7ddb820b7	8c2739c1beea
1781174937	14157055	1917	229f5b479295	ede286315ece
1781171885	14157055	1917	cfa61ef70ad5	1be6473aa119
1781168935	14157040	1917	f8b494d16ded	1aa6f95e6c7a
1781166458	14156944	1917	4292d4f98165	cb09eab510e2
1781165667	14156938	1917	c7b5bb29322c	fbef68d02dd6
1781165636	14156936	1917	a42ef64bbfa8	3a80762497f4
1781165059	14156900	1915	7803a8051b7a	a702d8f2c8d4
1781164926	14156808	1914	b0e78c66b867	295904a2aad5
1781164888	14156807	1914	24ef9b0e70f1	634678e8a5ce
1781164695	14156722	1913	720c603e2acc	243cc639700d
1781164485	14156722	1913	52952b177153	9d4d1c9b0ca6
1781164450	14156720	1913	3c8b2cf0f979	9f3cf949d458
1781164272	14156676	1911	e2da8d9dbc74	46cd947ab3de
1781164267	14156675	1911	caeff414f7b5	b7d2ff5020a2
1781164232	14156585	1910	d89c12b41adf	cf8fc504bfd9
1781162683	14156450	1909	d148d1a7ee26	e3002caa6fdd
1781162645	14156448	1909	3aec2a06c617	3d80d89670a1
1781162535	14156432	1907	0eaa6e925730	e82ab93ce727
1781161705	14156432	1907	ef39b6970246	3d14bbb1a2ae
1781161364	14155754	1907	b279d42c34a3	e2998c896345
1781161240	14155754	1907	1e82c81a36fa	7e16e45f80c7
1781161203	14155748	1907	86425aea5a5e	21c0b733f786
1781159127	14155629	1905	9539f4d3cce6	0f35baaab163
1781158914	14155620	1905	f4f71deb6565	cd256980d297
1781158901	14155517	1904	ad9328ad26da	dbe806f0f98d
1781154104	14155518	1904	bbdc8523e34b	f9f0437eeb50
1781154073	14154829	1900	41bef1e906c6	d3f50a93ab31
1781143546	14154815	1900	78606ff72712	ccc264843ea2
1781141817	14154815	1900	c13589a8f003	f1278c1182cc
1781141731	14154815	1900	301dd8a1707b	731662b2afdd
1781139706	14154806	1900	999fc730492b	ad4aeaedaa7f
1781139671	14154805	1900	bad6f9815645	933c60ca9b5d
1781136534	14154659	1899	599d02ed1565	bf391cab2cac
1781136464	14154645	1899	8abf9664f4c5	5d1bb5050959
1781135929	12057623	1886	37ae61ad185e	1c32f1f5359d
1781135885	12057623	1886	522193d546d6	b70275a5336f
1781135835	12057623	1886	65dd73156c9d	cdcff97989cb
1781135404	12057550	1886	9cca7c07a450	b5516818c85a
1781135207	12057546	1886	91f8a4e0c961	08d84e3c01b3
1781135050	12057541	1886	d4c7e30ffcff	b6da95651296
1781135018	12057542	1886	3c42ef3919f0	9f00b936aaa8
1781134989	12057540	1886	8eab4679ba76	8b28bc0d9e88
1781134905	12057539	1885	2a583a15ee4a	74b9a9082512
1781134820	12057545	1886	bc85816d5ddc	b9c77f7ac8df
1781133039	12057539	1885	f0f539e0b900	74b9a9082512
1781132757	12057539	1885	2a9d2efbc20f	ebb7134758ce
1781132482	12057559	1885	24fb81f7e519	c56ce5624ce0
1781132382	12057550	1885	f8d748b03776	861d50aa8a4b
1781132053	12057535	1885	caa93dc84189	f5369c1d7ab2
1781131615	12057535	1885	bbf7d4988e8e	729d5955ecf3
1781131582	12057533	1885	df535f8987eb	0d910ff31a14
1781130854	12057290	1884	473437c7802c	b406296b54b3
1781130816	12057278	1884	d3ae616905e0	925dc3fb8a47
1781130412	12056335	1876	2ea2ed081a05	cda73a86f0e1
1781130111	12056333	1876	df1ccc5c7927	00a13bf9c079
1781129446	12055644	1872	0a508554de02	e902a303e039
1781129414	12055642	1872	f523e87954ae	292b68a80a74
1781128961	12055357	1870	0c5d71bf8dd6	0f4eba71c310
1781128898	12055319	1870	65c2a057ec82	4d69702c6913
1781128798	12055319	1870	c9171ce0b0bd	52d98391c7e5
1781128791	12055318	1870	1443d1744c44	74470468cb4b
1781128768	12055229	1869	71f116f942cf	bf2e35e6d0ca
1781127544	12055035	1868	dfa8c86bb8bf	59f95431ee82
1781127197	12055077	1868	325275300e55	fadc8feaf34a
1781127191	12055076	1868	ed2b5dee41d1	10347d0ac001
1781126389	12055056	1868	53aac11ba661	4af82e0d5192
1781126360	12055050	1868	11e8b0e129f9	524c9daddb08
1781126273	12054593	1862	8469ac3bfad3	3a449f95a60b
1781125459	12054584	1862	a3299d32a402	4dc3528e82f9
1781125425	12054582	1862	b7f361eac9c5	b52e4804fc4e
1781125303	12054389	1860	c35241d60985	8ce13c604d31
1781124147	12054372	1860	b90caf13c45e	174f5f9d6864
1781124110	12054371	1860	3a62a113f545	fa0ca87d0b13
1781124090	12054294	1859	5295bf8edbaa	dee7aef390da
1781123868	12053679	1858	c4331196b050	3ef8dcf31f28
1781123681	12053618	1858	a33f2840db5e	f7c893a285b0
1781123646	12053616	1858	c598d89cdb86	3f018781bfba
1781121321	12053435	1856	a5c688c815ca	d052a934597a
1781119580	12053435	1856	e264be721c6a	ee64592c558d
1781117824	12053436	1856	f4227c75f1f5	ff7161076319
1781117792	12053362	1855	f6b1da24ed49	fdcc330c4dc5
1781117757	12053357	1855	82384e95827d	119b0aea6a28
1781117086	12053135	1854	dd2432a55e8b	57c12755dee8
1781116955	12052446	1850	9fd50c1f74d8	79261c57e1c1
1781116405	12052437	1850	d3e4d8422ce0	9d3d8af63e62
1781115572	12052437	1850	f4a43d858802	a350cb294aca
1781115540	12052435	1850	06e92c8cf125	1108369430ff
1781113746	12052238	1848	7cb517fa3eb4	7eebe9876c1b
1781113541	12052161	1847	3b70f987957d	6247b70d79de
1781113503	12052160	1847	5f2893a17d51	54ca76d4084f
1781112559	12052025	1846	025241460d78	0e6bccdd2c92
1781110316	12052025	1846	c6d77c00d6fd	317de249c362
1781109106	12052026	1846	53b75c58cf7a	a046af760cf0
1781109063	12052022	1846	c11a10fbf1e1	209508474731
1781107898	12052005	1846	1f0f856f7555	4940649d32c1
1781107721	12051316	1842	907160285083	d33d3d2c2f9a
1781107720	12051314	1842	4745ead9cd67	3cce8db16f41
1781107684	12051305	1842	c3771535eb90	51eca43df5a8
1781107224	12051076	1840	db4b0feb6a72	d52fe8d44a46
1781107167	12050997	1839	87622a1098eb	9435450937e2
1781107128	12050995	1839	1a6cc00f512d	7e28263325ba
1781107002	12050774	1838	03ee8ab46738	6ef04828fff3
1781105103	12050726	1837	d4b5242d2240	1c5b33a87e0b
1781104815	12050713	1837	750e044e6fa7	8778c97c00de
1781102601	12050693	1837	bfc5f8cf28b7	8c871acbc5dc
1781101526	12050715	1837	cee75d0d3ca9	31c807dfef9f
1781100022	12050716	1837	cb6fcfe1cb57	d4d684a44ae4
1781099673	12050716	1837	ce5ccc896c68	c9a4ad099af8
1781099523	12050719	1837	dfe8225b4e27	056ae4b91641
1781093198	12050719	1837	22695d30b476	7be7a9e1ac19
1781090334	12050710	1837	96334e4089e4	8a7516441ef5
1781090257	12050677	1837	24d5236537dd	45fc3f29324c
1781089896	12050674	1837	fe30d7b064af	de05c296afcd
1781089860	12050672	1837	a90d77fb58dc	b8e613c05327
1781088535	12050671	1837	a469fa7e028d	85a09e552855
1781088256	12050617	1835	d06e523aa4c6	b92cc30e0cd9
1781088064	12129775	1835	2a256973155b	f9bbb0ce81e3
1781088024	12129774	1835	1d32c435179e	eb01d6eb1cf4
1781087898	12051176	1834	8de14b914b57	378fe4f83514
1781087888	12051104	1833	be6c0da3d863	736a3b81108d
1781087855	12051100	1833	b8bffa2ecfbd	93689cb9e241
1781087783	12051101	1833	d218f21efce1	70867be79179
1781086833	12050412	1829	762f422afe4c	ddf4d67f1e20
1781086760	12050412	1829	d554890e39c7	0482c5040317
1781086478	12050398	1829	b6cd19a33e60	0b58193c28cd
1781084356	12050398	1829	7728c395898f	9684ac2fe3d6
1781084316	12050397	1829	8da0a753d346	22102ccaede5
1781084213	12050323	1828	f5ba30937264	f8ae7e1f82ae
1781084177	12050322	1828	34a8c1655df7	8ae95643aee9
1781084144	12050309	1827	131ebc8cba7a	ccd4271716c9
1781084114	12050306	1827	4c3e30faab65	53af73feea61
1781082761	12050290	1826	cd2205bd6c57	a3d17a71b86c
1781081075	12050276	1826	ad8b36f450cf	7825aa1147f1
1781081037	12050180	1826	fd47fdd6ae73	a5709a729e43
1781079447	12050171	1826	672873ba0692	d1b77f99e9c3
1781079233	12046653	1824	593f696174cf	9cd95735a102
1781075043	12046565	1823	56ad82ac87e5	8ea45facb0e6
1781075011	12046564	1823	35e0e01fc306	8ef7e7674924
1781073792	12046229	1822	59ba6bcf40c6	e3069e3ff2b4
1781073764	12046228	1822	2939e3907f7f	01d9c7788513
1781072401	12046123	1821	e74e6dcb5979	ffdc40f95b45
1781071920	12046123	1821	49cc56c82309	799a9ddd8091
1781071888	12046119	1821	c2375613ff3e	ad22e5632d64
1781071732	12046119	1821	60ceb68b6f0e	2ae82b28981c
1781067143	12046119	1821	88673caf1dee	dec27d40144d
1781067109	12045430	1817	3b73912dbfe1	fc9aef9b25c4
1781066982	12045416	1817	db7189e58db7	5dd6d64e43c8
1781056427	12045407	1817	99378791d520	bfb439cdb8d9
1781056285	12045407	1817	4fa646b9c06f	ab86b76d673e
1781052791	12045407	1817	c9f0a8ac1e88	e08ee9469930
1781052764	12045407	1817	a5847554a652	fd67823f57d2
1781052741	12045407	1817	b49d3ed754d9	fa64d8fada1f
1781052714	12045407	1817	21be12dffa80	42d4530b03fa
1781052691	12045407	1817	f4ad23568fa0	c041dd7dd472
1781052665	12045407	1817	362d61031bcc	ea058bb47d7b
1781052639	12045407	1817	da807db57239	7eff6a598b30
1781052615	12045407	1817	86898aa43d87	82fdedd8f923
1781052592	12045407	1817	12e4730a99f4	a14bff0e44fa
1781052567	12045407	1817	d118d0257c9e	44d792db1317
1781052542	12045407	1817	aed412d9648c	f169c6c209d3
1781052516	12045407	1817	c1fe451be06b	e1f7e7a5348b
1781052490	12045407	1817	7beffa31bff8	548d60748f1f
1781052466	12045407	1817	b6969def60b5	9ea3907d48b9
1781052442	12045407	1817	f66c5f31eedf	d68d005238d5
1781052417	12045407	1817	21f917f3430d	575b343bf917
1781052392	12045407	1817	a567519d8420	f1bceb9ac3d0
1781052367	12045407	1817	6c2930fbeacd	283c6cba9e0f
1781052343	12045407	1817	654e74bcf26a	9617cc12f34d
1781052319	12045407	1817	6dfb9725355b	c6cd73bdf225
1781052292	12045407	1817	a29b6bbe8518	0fb204bff611
1781052267	12045407	1817	12164e5d1c38	ef0f5bcf4efb
1781052242	12045407	1817	ad6f22ff5de9	4acf341c5ed5
1781052218	12045407	1817	4f69d4e867c1	6f2b63f2ef9f
1781052192	12045407	1817	9bf14b319179	1e4cd97d3d5f
1781052167	12045407	1817	3c44f7743b91	510903f03bc9
1781052143	12045407	1817	a8d41289d285	c9cd4a36f024
1781052122	12045407	1817	b70dc61d71da	237237a2a0b6
1781052097	12045407	1817	582132dedbb5	3bbf2a4647b9
1781052069	12045407	1817	194e25032b3f	456d1d9c881d
1781052047	12045407	1817	89679288e468	f686fb36b546
1781052022	12045407	1817	0516397c88a9	fc276bca50e1
1781051997	12045407	1817	7d784eddec1e	7c5ac934b4bf
1781051973	12045407	1817	1330b97ac326	4678409c5316
1781051949	12045407	1817	283881cc6664	1559d9ca06f4
1781051919	12045407	1817	4ba0503e8859	64bce4b4a3ba
1781051897	12045407	1817	3960d403436b	ba6a59cf353e
1781051874	12045407	1817	6f26a1f1a9db	a9a34bf1a8a2
1781051851	12045407	1817	70ffec2f18b5	a53f0c3d705b
1781051828	12045407	1817	2975b4cc4301	4050c133c565
1781051803	12045407	1817	58b27286027e	8d822e54e077
1781051780	12045407	1817	b720d94e1937	1dc3c58daade
1781051757	12045407	1817	e816f36b0302	ba6cf055027d
1781051733	12045407	1817	5e5c9af33d0e	5b71f205118c
1781051709	12045407	1817	82769b72abc5	7338cd61169b
1781051683	12045407	1817	30c2567cc89d	7d4ab88ae9a6
1781051658	12045407	1817	37d22b139c38	daa0f0b54f03
1781051634	12045407	1817	521997225538	dd33b1e238d9
1781051612	12045407	1817	d755624b1451	21f76393d64a
1781051589	12045407	1817	cef206332da7	5195e22484f0
1781051563	12045407	1817	0939f0dcb7ef	8eea5320768c
1781051539	12045407	1817	4ddc2eedf378	29c3a8ddb66f
1781051519	12045407	1817	db482fb33658	92891a27deef
1781051514	12045404	1817	33ba47345c14	8166eeb693db
1781051489	12045404	1817	f6e81f1208d9	0f06dda597a9
1781051464	12045404	1817	8e0629130b14	884ba0dcb2c7
1781051439	12045404	1817	724534940bad	165d20b788ff
1781051414	12045404	1817	e6d43c435eef	8aa2bee65d34
1781051388	12045404	1817	b99a94718db1	01279b026f7c
1781051365	12045404	1817	321934344a57	43837aed3d50
1781051339	12045404	1817	8c63bf109609	b85b5f8e0cc7
1781051316	12045404	1817	8d0b9fde4e7f	0d567313e5cc
1781051292	12045404	1817	7d838160ebf9	87f28cf5c470
1781051263	12045404	1817	b6d2cfab2d7a	e65f29abb5bf
1781051238	12045404	1817	615fdf71edc5	987d2053e7d2
1781051215	12045404	1817	ee55a9eab82b	2bffb0cf51f9
1781051194	12045404	1817	d475b543cf31	6081d3cc89c9
1781051169	12045404	1817	08ac7f86cf51	82c93349190a
1781051144	12045404	1817	ee7990784d41	2b5e20678012
1781051120	12045404	1817	4a73e1321ce1	0c8fb4cbb1b4
1781051095	12045404	1817	a15a70e8cd9e	c7e2c0751c0f
1781051072	12045404	1817	fcf04222de40	f1659b3c28a2
1781051049	12045404	1817	2b25f56309f0	d0261f32538c
1781051026	12045404	1817	d890d50798a3	0f066a6540d7
1781051003	12045404	1817	4cc9246b3a99	39a509863f13
1781050978	12045404	1817	399038c41254	957469fa33c9
1781050953	12045404	1817	4ed49c97aac2	8432be71470e
1781050928	12045404	1817	569b5b96571e	0307b9e2ed62
1781050903	12045404	1817	2fe39df1130c	88f19d2551e1
1781050881	12045404	1817	cbe13142b66f	aae783e26f25
1781050856	12045404	1817	4805935b10de	759f5610452d
1781050830	12045404	1817	9d899790236c	3096a4c32750
1781050807	12045404	1817	f8ac9cf7beba	e4b56f236d20
1781050780	12045404	1817	59b5a84fe1b1	03ee2e90f96b
1781050756	12045404	1817	cdd92bc2a64d	e05db893dde6
1781050733	12045404	1817	46c723042f46	f2f394b2cff3
1781050708	12045404	1817	355cbdec1629	9eba2fb67729
1781050683	12045404	1817	43060e79076d	676e3e6c34e2
1781050660	12045404	1817	a77d369ea294	f52a054deb98
1781050636	12045404	1817	479cf609875d	282e67ea1122
1781050616	12045404	1817	45da5dd15d1b	d201be5085c8
1781050592	12045404	1817	19b75353a25e	3424a3242a12
1781050559	12045404	1817	2bdbc778a10d	70ee253d58aa
1781050536	12045404	1817	f38f33282142	e63c3f6bf8c6
1781050512	12045404	1817	c0852dd2fd09	9916ed81b8fc
1781050486	12045404	1817	e4c3fc4a629f	273815a10dbc
1781050460	12045404	1817	2e9eba4b3088	b8be57632fcf
1781050435	12045404	1817	a3d7c88a385c	2ef9e85219fb
1781050411	12045404	1817	d8679e8ebf06	7068d4f5854a
1781050384	12045404	1817	4bd3058b3276	8b3eea2d7bdb
1781050358	12045404	1817	cf25f4666502	a961f3da0362
1781050335	12045404	1817	437d330a345d	55a818a545bf
1781050310	12045404	1817	1f755b3b72e3	be51d317d4cc
1781050285	12045404	1817	befd50abde45	330208666881
1781050260	12045404	1817	cccf40631713	0df4bbb965a3
1781050236	12045404	1817	ff8fce0a6863	9c3031ba9b6f
1781050214	12045404	1817	252f4f555085	828e31c7fce6
1781050189	12045404	1817	7e00b3935f33	b369c5b4ce12
1781050162	12045404	1817	d01d62c90cd6	6b6d965897ae
1781050137	12045404	1817	8a05fc97afe8	5a9ea716f0b7
1781050117	12045404	1817	04fd3a6c050e	9bb3a202edba
1781050110	12045395	1817	7329eec14681	679f7ea61186
1781050085	12045395	1817	c6e7b8b249d0	8157ba7503bc
1781050060	12045395	1817	20df08e5325e	1b6d6b63b2a8
1781050035	12045395	1817	e95deff9c249	8f2ea72f1196
1781050009	12045395	1817	b3dff3e7831f	10b31ae9671b
1781049986	12045395	1817	964867efdac9	d805128fb0a4
1781049962	12045395	1817	61627b8e11c6	e702d5fd6ce4
1781049937	12045395	1817	f301b581f052	f81e08e155c8
1781049912	12045395	1817	235709ea65cf	f9440c833718
1781049887	12045395	1817	90d3ad6423c3	8b7967583d19
1781049863	12045395	1817	6ec600d409e7	6b98dd439aff
1781049840	12045395	1817	26ad63555f06	392ac939cd31
1781049816	12045395	1817	e24bc68f2880	56f110b6aade
1781049790	12045395	1817	85869f98ced1	3f5546528e02
1781049764	12045395	1817	782ccb2becc5	c53f97f8f933
1781049740	12045395	1817	baa9b7d8eecf	04edd8b9aad1
1781049569	12045350	1814	43abab9b22fc	3ea89c4de3a7
1781049505	12045332	1814	be3646f90050	c8cd83d01087
1781049123	10123172	1801	314c2adfb1bd	59edc683a231
1781048727	10123077	1800	3bc064385fa4	4eff10c0605e
1781048543	10122388	1796	83dab0e7db03	49633c8ea50b
1781048431	10122388	1796	be102eeb91f4	2bcb200c3ca1
1781047556	10122388	1796	3ccd7ac167a9	ea5e6523bbe5
1781047341	10122286	1795	6db2a5ecfda0	dd785d4af5e9
1781047312	10122283	1795	f5fc70578564	3f72ea2b6354
1781046657	10122164	1794	d4550aca94f6	6d9cdab46bb6
1781045618	10122164	1794	30e6f8804a97	df26affb32e0
1781045531	10122126	1792	5828660cda86	d5a245eb4829
1781045500	10122124	1792	f797a03e9af0	9219a0fe8413
1781045465	10121951	1791	688d7cb78bb1	eb7e6b3100db
1781045018	10121942	1791	283fd0f79229	a2124fadfa86
1781044924	10121853	1790	484b38ad8c2a	ec25203d0e23
1781044554	10121764	1789	9d1918a9d9c7	9abf58060056
1781044523	10121763	1789	6b95f6e364c5	40b9d490e016
1781044410	10121582	1788	2ba277b9bcc8	e63123d9e4ff
1781044395	10121504	1787	632f8bcd4c63	b81979e10012
1781044363	10121503	1787	1b01e4074104	c89aab6fd27d
1781043687	10121361	1786	99bdeba8ea4e	2abe36016adc
1781043655	10121360	1786	24dc9fd07ca1	fe704ac21203
1781043120	10121279	1785	de6e8acfb5c2	1e2cc25f9a49
1781043021	10121279	1785	285aba4f14bc	45e4525d3b89
1781042887	10121279	1785	1b36a2abd87a	3204ec6db78b
1781041870	10121279	1785	81c90bbbd3ca	6e5b477dcb78
1781041838	10121278	1785	d78bce5ea928	6851b24afcad
1781041089	10121269	1784	cc1e06e136a9	4b3dab657a67
1781041058	10121266	1784	000fb6730385	8f0ec9dec2eb
1781039332	10121010	1782	704148112437	666de82ebcb2
1781037748	10121001	1782	03887340dde3	571f863c5720
1781037613	10120905	1781	326d9793409c	5d0ae0b1cf37
1781037393	10120854	1780	e89c162a997b	1eb04847ffbb
1781037362	10120853	1780	e08dc3f11fdd	ee19bbdf8d9e
1781037238	10120478	1779	69bc449ebc0f	b1dcbf4f1e99
1781036883	10120478	1779	b2dd244a7422	22ca724f2059
1781036850	10120474	1779	bb919600c592	92c7f55c54d1
1781036535	10120474	1779	be40dd756ef0	f6f8a4371c4f
1781035501	10119785	1775	c7a307f9c1fd	eae7159f68e1
1781035464	10119783	1775	262a95b12b87	cc3a73c35e8c
1781034660	10119771	1773	25f31c83bbb7	7ffca4635271
1781034616	10119768	1773	8f63a2f71df4	ae9cbb710d0b
1781034367	10119495	1771	04c3e75e724a	7010a9d5444f
1781034261	10119397	1770	e1d048334c04	b46e91d98a34
1781034253	10119396	1770	98b64969b450	f8911f25b751
1781034225	10119344	1769	a5c58f1de1ed	3d7a82bd2978
1781033507	10118903	1768	efbed5177287	702793fe183a
1781033476	10118902	1768	c77e1e81c86d	f9e8fc5b3703
1781033310	10118807	1767	21f3f7f25431	91c7212223e8
1781033246	10118803	1767	bf189dc59a08	71cba2719560
1781033157	10118800	1767	5194721b6e7d	3ffb55a3d98f
1781033121	10118799	1767	e9c36dc1b415	ec566d5b6c53
1781032538	10118715	1766	82f3b0b351a8	2de953c18a94
1781032525	10118714	1766	892f7c8a18e4	3b643aa2798c
1781032504	10118674	1765	3f5e0792d553	5c692b6bf327
1781032455	10118581	1764	32e9840455b3	df41ef01609f
1781032426	10118536	1763	3ae103c677bf	64f2075b4f85
1781032375	10118535	1763	b25ccbaa347c	5b4932fd8760
1781032368	10118535	1763	bc23e076fc2d	fd16a8a8036f
1781032177	10118439	1762	9ca36ece4eec	6ab2d8aa8114
1781032176	10118395	1761	138b70fddfbf	63d45a291453
1781032137	10118394	1761	5c9586538f81	87ccb1de6a87
1781031940	10118180	1760	98283dbeff81	15dddf3d9da0
1781031728	10118171	1760	8e1b15e4846e	aadab72f94e8
1781031718	10118124	1760	887423a5707c	3180e1613667
1781031688	10118125	1760	82c8fe865bd7	7688737e9be0
1781031681	10118125	1760	2fb56b3671f0	d9cc538e4dc4
1781031670	8847689	1718	68b6b20ef4d9	de71d33025ba
1781031656	8847688	1718	776bbddfeacd	a8c7b5fea2a7
1781031637	8847643	1717	f0e687cf2a37	02bb7cd2e3c3
1781031375	8847510	1716	6430105ae3f4	447544f6d549
1781031351	8847509	1716	9f8790524ec2	fe5d3356352b
1781031201	8847438	1715	e5debdca1ce0	0cbd50064076
1781031149	8847437	1715	7c98b0bf5462	1999f8654c17
1781030218	8847256	1714	1355782575b6	569ddf36aaee
1781029534	8847255	1714	ac53d1af4886	95f2876734e8
1781029075	8847255	1714	23d9b2780f13	17994a9ba4bd
1781028058	8847251	1714	b268a489ef39	001d8c576e5d
1781028022	8847245	1714	cb4a2044bda3	012789bc05a5
1781024800	8846966	1713	d57c2248bb6b	803d2cdb91b9
1781023694	8846277	1709	d24fdb66f3d3	5ae27baf1b3e
1781023287	8846268	1709	bd9971e84aae	895ea1970aa0
1781021839	8846268	1709	c73291e3046d	d4433eb4c2c9
1781014071	8846267	1709	ce82809e0d06	7c69a793e738
1781014068	8846267	1709	ba99642b4464	fabb6f310945
1781011445	8846258	1709	7dcb5b1c6673	b2435f96269e
1781011412	8846254	1709	a222c14d9087	8b5d55799312
1781011168	8846254	1709	7a04b3e38871	dc7bc9615d4d
1781005687	8845565	1705	bef295c2f5e0	4ab01753c073
1781005259	8845564	1705	8f0691163853	d8957f55f5e3
1781004016	8845555	1705	6be26f440685	551684440a30
1781000689	8845555	1705	570c78c7a4ca	9e45fd3b6361
1780999938	8845555	1705	300fa2b0f2a5	1cac86903832
1780999774	8924753	1705	47ab9cb8ee33	f0e305de3701
1780999732	8924748	1705	c4ffef4479f5	49e6077efb07
1780999523	8813570	1704	1a8615e5f6ed	c5d45ebcdb26
1780999011	8812881	1700	f4bf9df972b1	59898ceeb2a0
1780998854	8812881	1700	d2a5197c36d1	a9fe4e265b7f
1780995525	8812879	1700	a27b59960f05	edae2103bbd2
1780994926	8812876	1700	9e33d63ce263	c08ef07f0a7c
1780994745	8812876	1700	f11ef5109dda	4e4421984b19
1780993654	8812874	1700	835a07abb7f6	447ff982d704
1780993451	8812778	1700	1e950b8872c2	65290786e942
1780991795	8812769	1700	c75d03d8d9fb	0f57ee321caf
1780987477	8812765	1700	f0cae0439469	5235056a3e92
1780986025	8812764	1700	394b8bcd55db	32cd011048f2
1780985991	8812760	1700	70b0e0c56962	e6a38abbd7fb
1780983348	8812760	1700	8e7204b8fa27	208db0b7bee3
1780980008	8812760	1700	eb235f68e07b	e4492bdd1f8d
1780979962	8812751	1700	80782e1619b5	58a1b24cbdff
1780979927	8813188	1696	77abb7b6346b	fae7f5bae14c
1780973644	8813174	1696	c64c81e6891a	3069ce9b4c08
1780973615	8813027	1696	872a15bec606	3df754cd5ee2
1780968318	8813027	1696	897938a0c666	41a147f441af
1780965715	8813027	1696	42b999d02fb8	1d6e340bb0ef
1780964002	6695362	1561	45b24bb1da4a	eab342e87500
1780963690	6695353	1561	128adf70356a	5f9b17800fc2
1780962883	6695257	1560	18ea215b85cf	500505085e1a
1780962847	6695257	1560	a7e997297494	5d26fd2ce68a
1780962814	6695256	1560	aa51047d2acf	f97a8bdddb0b
1780962751	6695181	1559	c6c235265bfa	0550226bba67
1780962722	6695180	1559	58f3d84fe5db	cba565bc3ad9
1780962316	6694821	1558	43ab380c8247	8e37e99f9bcc
1780962314	6694683	1557	f22827cf0d44	eeebdd6bae33
1780962284	6694682	1557	003a6a6e3301	be5237a44fe0
1780962225	6694465	1556	f5d9b61edc11	7593a8592353
1780962196	6694464	1556	f1abfb5b2d40	250cb023fe29
1780961837	6694069	1555	e1cf1db3d2e4	b1f923c4a7a3
1780961775	6694055	1555	4011cc35911f	d456a4a5b9da
1780960966	4901489	1542	05a52678e0e1	a5c904b59718
1780960815	4901489	1542	6f828d2a6d77	fa9b1a88d3bf
1780960783	4901487	1542	90b72eaebc9a	57658c28aa6c
1780960088	4901482	1542	a1ad490bcb0d	973d7b8c2ccc
1780959499	4901421	1540	34be2791e7f5	17e7a0489a88
1780958889	4901412	1540	544f09ba96d2	f0dbdd040458
1780958861	4901408	1540	02338c1681de	295c04d218b8
1780956715	4901409	1540	2a4f246a2a05	dd96e6e1e3cb
1780956604	4901289	1536	9cedee764e5a	ac17a62ef8ae
1780956361	4901290	1536	7f0fd9887f2f	038851e05658
1780956321	4901211	1535	9e83f63ebbb9	54b0ed7c4afc
1780956292	4901203	1535	7375cbc3335a	3f3d3161f9dc
1780955872	4901038	1534	ba1d4ff062f2	408007b90cfa
1780955478	4799978	1531	83db0ac6df74	a58d1175bbfa
1780954390	4799978	1531	2c03a0f7ff94	e1d8ae17c9c2
1780953884	4799783	1529	64d14d24b791	3f7444e626d8
1780953561	4799774	1529	0b4bbd4cf671	15f2d57f8655
1780953303	4799627	1527	d2c0008354bd	4e82ce9bab67
1780952850	4799626	1527	5938dc30d0d7	04655d3b22e2
1780952821	4799620	1527	8b96f48fc5b7	0c5d4da4aaa2
1780951884	4799621	1527	436590547bd0	962e33ebba88
1780951739	4127044	1522	531370b9fb15	8d5418694c8b
1780951713	4127041	1522	8ab442adc723	f655e31d6e83
1780951281	4126873	1521	84f703fc560c	4b1ffc320340
1780951033	4126693	1519	70e8dbef433d	cd38ba58b891
1780951006	4126683	1519	b21997eb9c08	cf13e0d5834a
1780950785	4126634	1519	4bb6f85a6ec6	a7a6837d55f3
1780950584	4126342	1515	3d6fe8a33eae	95fe16b6edd0
1780950158	4126342	1515	8ca91fc563cb	ab20eb196f58
1780950003	4126254	1513	91f7af8cd67d	a8e8ca869c51
1780949545	4126144	1509	e0e490ce9d01	cf21b5b8a602
1780949474	4126062	1508	a5c800347016	d51bd8c376eb
1780949441	4126061	1508	c09b86c5875b	ff1986bde342
1780949313	4125895	1507	b39ffd6aea8e	9e7f76b45ba0
1780949302	4125794	1506	8f05e970891d	ad2bfeddda02
1780949273	4125793	1506	4c6bfd000fc3	a42879dbc623
1780949103	4125657	1505	f454ab6bd0b3	eec0bad92edf
1780949102	4125656	1505	749edbe417b0	e9f818106da0
1780949071	4125537	1504	3d0bbc192b22	094c42d1bd07
1780948999	4125038	1503	518240092ba0	5c215dad17a3
1780948970	4125037	1503	c4a1668d29fd	812ce25903da
1780948294	4124893	1502	9fdb9954d748	a612301e7df8
1780948266	4124891	1502	41fe05f37047	af1feb927bc0
1780948219	4124734	1501	072d84100332	814c40215554
1780948192	4124729	1501	38d4bdd82e9f	7938db32a70a
1780946808	4124577	1500	c7bf7233cac6	b2c5259ed2e2
1780946794	4124522	1498	7e5a0a9d1306	d6d05f68aca1
1780945280	4124513	1498	68fc1503f969	a42376c34fe6
1780944046	4124463	1496	6cb76975c4fd	0de66b81f4b5
1780944036	4124456	1496	f9b126ce3707	2f4e66be8fb7
1780944018	4124455	1496	b63b654ffe4f	142ab473286b
1780943258	4124456	1496	256f5c061f33	d4131ffd675f
1780943032	4023524	1493	990ee6662643	60bee07d7c88
1780941976	4026642	1491	298507c22cee	a792e65d55b7
1780940687	4026645	1491	55ae91247ca0	291ead964146
1780940346	4023407	1489	30094ef0da08	d01827f51143
1780940323	4023406	1489	853b8b9221ed	b8635c07703c
1780937712	4023056	1488	b3f1df1789c3	3168761b4d62
1780935688	4023047	1488	148883da9868	093da0fef560
1780935658	4023043	1488	77976f7a1bb7	3f15b26304b2
1780931033	4023044	1488	2e45f26c4efb	5d3236519843
1780927889	4023045	1488	917068b31996	4e8d28fbeceb
1780927727	4016569	1484	4d86d495a11c	dea799b2d472
1780927532	4016807	1486	862588a6fe68	c043ca83f437
1780927503	4016742	1485	a4a8614beecd	12c20fd1a75d
1780927159	4016569	1484	4a283c05e85e	f80d9f425f16
1780927126	4016566	1484	70ba45613484	d666fc39678b
1780926610	4016560	1484	af3d423691af	eb66a0b6f184
1780926551	4016485	1484	06da14754795	2f17ef41e144
1780926064	4016450	1484	8100767c2b00	314aed313830
1780926039	4016358	1483	907342ec717c	0b3898c32bea
1780925991	4016022	1482	ffcf1b57e761	542020909042
1780925340	4015944	1481	822d64e1b9ec	a92d69a3d22a
1780925309	4015938	1481	8fc0bc845c7d	fa263bfcc800
1780924797	4015867	1481	e91830d320c4	348859e82b11
1780924593	4012091	1477	da888c4d2e8d	92bb21b992a9
1780924473	4012082	1477	cdd133edf301	928c0900c9b2
1780924436	4012049	1477	129098e17284	7cb60fa975ea
1780920688	4012015	1477	0622e09c8ab8	fb10cf88add8
1780920182	4012016	1477	4c8a1b8280ca	876a852ae590
1780919460	4012011	1477	e60d75bb8c60	57166333d8f0
1780918095	4012012	1477	8bdff29b9c30	6f2439f85b5a
1780917958	4012012	1477	2c30b29236fd	d3932328932b
1780917920	4012011	1477	15ca8256511c	6aa69688ad0b
1780917597	4526318	1476	d3bea926130a	3a89c5872a32
1780917516	4526260	1475	1e744fbaba97	7619bff8f663
1780917473	4526071	1474	a601ba2cb602	807306f21b37
1780917471	4526069	1474	1f22a84556c6	eb9388d48e9a
1780917431	4526029	1474	59660fd68dee	95393090cc70
1780917414	4525959	1473	bd7f5701d7af	69f973504191
1780917403	4525641	1472	9201ac998ff9	27f99a18654c
1780917375	4525640	1472	86a86e9717f9	40619bcec740
1780917266	4525273	1471	4ad1a50b4132	5849c4cd778c
1780916975	4525272	1471	21586844d5bd	93b1cc5e8747
1780913436	4525272	1471	9bae3ed18fce	1179d6d22c65
1780913394	4525209	1470	850921b68427	629ae16605d9
1780912729	4525208	1470	575ca36b0ab7	c05d24b9cf2a
1780912702	4525207	1470	f84946abe9ec	451a43c2fd88
1780910390	4524806	1469	f01d3613714e	9a190dead060
1780909565	4524710	1469	5921d36989b4	07c5eb829767
1780908101	4524701	1469	bf37c0386e88	b617ddfb2f28
1780907871	4524566	1469	ae21502e643b	237cd8dd4a66
1780907842	4524564	1469	b46ed582b970	3595651725de
1780907449	4524298	1468	8ff1bf7b9942	b19f461bdd2f
1780907417	4524222	1467	b0d5dba7a1fc	cffe9c3b2d42
1780907388	4524221	1467	084c4dc79989	405ec7d1e0b7
1780903090	4524037	1466	e795a6c95206	73085e873a79
1780902363	4524037	1466	8d2d37ad60db	b975f4365a2e
1780902333	4524036	1466	f25f6758af6b	c52f4fdf391b
1780901825	4600446	1465	2dd309cd6bf3	2a5425a337c1
1780901611	4600446	1465	f646a7a1ffca	964fd9e1f640
1780901585	4600379	1464	7d051100caa5	918cebd3e675
1780901558	4600378	1464	67190bda326f	00234b1e2141
1780901082	4600260	1463	3ba05154da6b	58ca037a1bd0
1780900426	4600240	1463	557c98049aed	746a7c9a3a60
1780900396	4600239	1463	18d0bec0b361	f5cd8297e434
1780900314	4600228	1462	0a7da7ff724c	b7171af243d7
1780900287	4600227	1462	303439c36c11	1f9c381e037c
1780899998	4600189	1461	edde3fbbc946	9673524b2bdf
1780899968	4600188	1461	f3a6780db872	445e44e227c9
1780895046	4600175	1460	cbec0c8a8b59	ed11450966eb
1780891946	4600161	1460	f6d990dcf4bd	88862612cf13
1780886772	4600152	1460	077fe29ef354	430c56edf5c5
1780884318	4600140	1460	0a95ab822f8b	4aac18d51615
1780881035	4600128	1460	4c8937317c78	5bf11e6a6221
1780880839	4600128	1460	6786100c8d17	bfe8d2059d8f
1780880811	4600127	1460	2a3094112175	4ecfacd5fe0d
1780880288	4596853	1459	188ec33fbae9	405bb2746a69
1780879797	4596853	1459	33af572c0fd7	e09ca9aadab3
1780879770	4596852	1459	939dc9460c88	bf87c6c84c27
1780879296	4593578	1458	11614fb05269	b4908736de94
1780879266	4593577	1458	b1f61dad856e	9b77b74efa0d
1780878788	4590303	1457	ffe358daaf58	47de7e5b7ea1
1780878761	4590302	1457	95cc28703550	f9018361e628
1780878283	4587028	1456	a5477d90641a	72e131567071
1780878259	4587027	1456	fa1bcfe0d590	c0de331857e5
1780877799	4583753	1455	98e8644e5d55	34229b4a8bb5
1780877771	4583752	1455	06ded1b10f22	bb287c6a6742
1780877317	4580478	1454	24e44c55529e	77c7ef981e30
1780877290	4580477	1454	00b0607af3da	24e7614d4f04
1780876847	4577203	1453	46ee64b3d9ac	18c00f01ecee
1780876819	4577202	1453	469bd588de85	2b962c87b9a4
1780876414	4574178	1452	99e1988f45a9	59aa39446dfb
1780876388	4574169	1452	25d434266146	08031a9094d2
1780876356	4574168	1452	1c109b9f742d	90ef02e53d0a
1780876345	4571403	1451	830f01426c54	a65f4afacb8a
1780876328	4571403	1451	47daf3128dcc	914d08a8a11a
1780875938	4571403	1451	d43d4b51ffbc	57633f86a707
1780875910	4571402	1451	74939ba16406	73973a64d88b
1780875414	4569401	1450	e7f5787aa863	3e9db6a17983
1780875406	4569386	1450	67ebd9892d30	def4c7f8dfc3
1780875357	4569309	1449	8b55c18c8806	d6ee58de6554
1780874422	3638570	1436	61d546b277ac	7d9bcc47a63b
1780872937	3638467	1435	0956eef8f05e	cd8c7776152c
1780872906	3638462	1435	3c030a2f9b30	9d174c4ed2bf
1780872633	3635156	1430	996f3047a328	a42f15f04dfc
1780872434	3635156	1430	0eb166b6f55b	0769dbd064ab
1780872304	3635158	1430	851831d06f06	3fed15552b54
1780871467	3635149	1430	db639a05c56d	bd596162450e
1780871439	3635080	1429	d17d5679e150	b1638932e8a7
1780871411	3635079	1429	98f780d19bc0	f7402cc339ac
1780869214	3634793	1428	79e75d27e187	0a8010b452fa
1780868513	3634793	1428	a51539ca0d9a	ee7f150f3923
1780868147	3634793	1428	4b93e5ae8f62	b0cdd9b8a00d
1780867358	3634784	1428	88e61ab9b342	c4b8ee54a212
1780866230	3634731	1428	73328d47a458	8c40f0264b2f
1780865738	3634722	1428	3314e7abcab8	6febe2c60cd1
1780865433	3634712	1428	0b73d722499d	708503d45f9f
1780865277	3634712	1428	60afbce9ce58	0f700aff4939
1780865252	3634711	1428	6dfb36a92112	8c8b0cb910fb
1780863870	3634652	1427	af59d552e64b	526a4881a85a
1780863679	3634641	1427	bdabdd5d443e	7c1b91b462cc
1780863654	3634641	1427	4bae697e880d	bea6a16d4677
1780863298	3634605	1427	67fa320cf29d	46b3e3312a4d
1780863270	3634603	1427	4a1eccbd3d6a	781cc17685d4
1780862724	3634318	1425	7f34a502ea0f	db9ee3d2f47c
1780862472	3634309	1425	bb009d7b1fdc	8ecaba5ecfd5
1780862459	3634309	1425	747ead01f8eb	6c4e9d930199
1780862431	3634308	1425	f2d67113b703	283ad950b477
1780861490	3634067	1424	a2ac682f5151	5c83f3a7bf98
1780861464	3634066	1424	1edede67a374	a629f7328c73
1780861319	3634065	1424	3690694992e5	c0bb495903c2
1780861292	3634017	1423	16852c5827a9	1960fbaa6b3a
1780861291	3634014	1423	f8c688f4e0c3	523dd4e95696
1780861265	3633978	1422	6304a75ecaca	175e8ae18889
1780861155	3633940	1421	225ec4fb8402	160aa36cab13
1780861101	3633940	1421	4805b9921e8d	ac457331392b
1780860362	3633918	1420	743c7b02b5af	0f7672107988
1780858813	3633903	1420	a6191165f52a	8938d2a0d3c3
1780858125	3633903	1420	67b7c46baa73	7e8252ac48b8
1780855286	3633894	1420	fba7e52d4d7e	af64486285d7
1780854494	3633894	1420	22a58233e959	516a014906f7
1780853002	3633894	1420	4fc0bcea197f	142eb16218ce
1780851501	3633885	1420	e0d36f5b2c28	1b8449ac92d1
1780849560	3633885	1420	1124f248e18e	dcfbc028461b
1780847667	3633885	1420	60e0fb38a011	3c76a53cbfbc
1780847142	3633876	1420	20b32b9bfe8c	f4db4f604be2
1780846748	3633876	1420	afba8ea1e5b7	b1ab3cb38d92
1780844413	3633775	1419	795231fe06ea	1055ffbb4ef1
1780842515	3633775	1419	a3a1b359237d	4e8b14e48df4
1780842327	3633766	1419	c26e7a60eb1c	af5c6cdaa1fb
1780842266	3633720	1418	de310a72fd4c	8ede952abbbc
1780842236	3633719	1418	cfe573b7e021	ef351f9db22d
1780841916	3633563	1417	61b9e05352c4	f64c04a94bff
1780841398	3633563	1417	7e006a4f6e87	19887947d6b8
1780841344	3633563	1417	d26b8f784294	f52afff17283
1780837696	3633559	1417	5539998a2791	aaae0b7dcb9a
1780834999	3633559	1417	d11501be542e	7968b2edb22e
1780834260	3633550	1417	e2b8462801e7	3341e53cc75f
1780831828	3633550	1417	61194f32bf45	4cfcf85163e1
1780829670	3633550	1417	4be977ed6882	831a68fc300f
1780828700	3633541	1417	70d103938760	4f4612101be7
1780825846	3633541	1417	bf1a6eaf56d8	a816a30ff6ad
1780825627	3633542	1417	fab022b5e584	a3567749bfa2
1780825589	3633540	1417	102b1d68d38d	eebb2a25643e
1780824604	3079063	1415	a090e24a3682	e5d6cea0fe36
1780824339	3079093	1415	4223fdf5610a	07d1e9f6f2dc
1780821749	3079093	1415	5e218e9e55d2	b26092f4a044
1780820942	3079105	1415	fd754e0487a4	4c76a6f9b51a
1780820595	3079096	1415	089ae1e6eff5	2ce7e7209947
1780820385	3079097	1415	1a65b3a7e93b	405e362bd5f9
1780820337	3079001	1415	b1521388bf88	f0ccd4cb4591
1780820336	3079001	1415	93d2c1a681b2	eeda7ad2fa60
1780820308	3079000	1415	a93d7a01784b	44fdaa3eb4c0
1780819734	3079000	1415	5998385edf84	f9bf66f2478c
1780819634	3078999	1415	a71da3cf8039	e22a608e96d1
1780819606	3078998	1415	730d74d47cb8	51b3e5660e46
1780819583	3078991	1414	1c074948da43	45cd914e85cd
1780819540	3078991	1414	4dbfb8ef4cd5	ccc875b6b693
1780819511	3078991	1414	561222a5be8c	363a56b8975d
1780819426	3078992	1414	410318926b63	260dfe68ccce
1780819390	3078991	1414	ff00b8ffa0e8	106f0a6f1b07
1780819368	3078989	1414	984bb620ba34	9c31a7df877c
1780819025	3078883	1413	e3db992373bc	13d05d563506
1780818738	3078883	1413	7720998fdae9	2a0d952da2d6
1780818542	3078875	1413	d0a4c8718c3b	9c3403df076f
1780818516	3078874	1413	5fd05420468d	554799cb951d
1780818321	3078702	1412	5338506fa0ae	179fc874640e
1780817425	3078700	1412	034676fad9a8	4ea82561fce5
1780814411	3078705	1412	1ca4b0150459	b6f4e7f94508
1780808507	3078705	1412	e8172af097d7	aa24855b440f
1780808363	3078696	1412	a431ca84ef64	e1ad10cf15c5
1780808309	3078696	1412	1ef7ac6ed856	40c37cf9d3f4
1780797636	3078682	1412	00de552ed960	7ee973ef9918
1780796285	3078682	1412	07eeb52573dd	672e0d05fbd0
1780796255	3078681	1412	4d67bf811b18	62601217cf04
1780796234	3078678	1411	445fbcd8b29c	2cbcb10ea824
1780796205	3078677	1411	29987b6557df	a17c6a217cad
1780795885	3078586	1410	4abcfc707603	ba9d8a9a9f38
1780795854	3078583	1410	54824e9d8465	60dceb2ed071
1780795652	1403142	1408	754fee763376	97ef7ea15003
1780795157	1403142	1408	f2bb4581d296	fd504a8be5df
1780795068	1403072	1407	11fb8eaf3e52	96983d2caf34
1780793307	1402975	1406	708d089224c5	42b0a5cf94fd
1780793274	1402913	1405	6b7875b42fd9	1cf495e4b88f
1780792773	1402913	1405	fde602bb21ce	074a1e6cda75
1780791810	1402908	1405	e7fbcfad76ea	1b6da8f80e51
1780791780	1402838	1404	4fbc2163de93	f20c3a641a57
1780791578	1402837	1404	e2e4b1af2f33	0a4422535203
1780791453	1402837	1404	6f49bf82af68	5affbc0a1641
1780791138	1402828	1404	e628ebcf88df	6c2575d255fe
1780791114	1402827	1404	241915a3014c	3cff0c85fd46
1780790775	1402800	1403	364ae5bb0245	283d68e71a94
1780790751	1402799	1403	d3c50961be17	b56a4de5fed2
1780790622	1402540	1402	402924b02a9d	983b21f1def5
1780790595	1402539	1402	de269110e8bd	0e86fa92cadf
1780790571	1402538	1402	060d1046f6e9	b35bd4e0e10f
1780789657	1402338	1401	02327face735	ebb75b201d97
1780788766	1402338	1401	f42171785bc2	d98ffe2ad4c6
1780788667	1402317	1401	1486da8fbab8	229de41724e8
1780788288	1402317	1401	6bccb2578e47	3b188872e1e6
1780787894	1402317	1401	99fda72d55fa	0ccefb15b306
1780787774	1402316	1401	179138119215	dbc64c1680ea
1780787711	1402315	1401	e49dd6eb9bad	b635865d4f50
1780787685	1402310	1401	9a320bd9245f	7382d8da4a3a
1780787310	1239797	1397	ebad26ccdbc6	33df1aa7e4df
1780787249	1239788	1397	add9f36d3a11	4af53712a84d
1780787243	1239787	1397	aa5576d9c28b	0096165ee3bb
1780787222	1239730	1396	830b1c9180e8	64d9c8d1f459
1780787160	1239675	1395	5d462a23302e	e139313b4c09
1780787137	1239674	1395	e860750a6274	37a7257a8680
1780787133	1239661	1394	0caadda62198	2b365d6a6354
1780787109	1239660	1394	f8414cce7de1	274ac8a725e8
1780786551	1239643	1393	74f910615e15	b2f82ed06a94
1780786524	1239640	1393	55342e3e5968	fa659ad27076
1780786362	1239619	1392	b7de9210c256	d32a68ac73a8
1780786359	1239616	1392	651e4e28ff49	0152cf3e7e84
1780786332	1239610	1391	ec462adab775	bf510278a96c
1780786319	1239528	1390	49131bd4dd8b	3e3d38e7a4b3
1780786307	1239489	1389	dcb9470da54f	81f1d1416c82
1780785959	1239330	1388	2eb3c3e99834	0877c6e0579c
1780785928	1239329	1388	622f5d5acc99	84604cef4d77
1780785905	1239326	1388	6ca03a4ac72a	438a09db9dbe
1780784202	1239237	1387	0662549d8747	fef53154a687
1780782863	1239237	1387	ce967d53635d	47fb8be8fee7
1780782254	1239228	1387	ae5a46fe0335	7f53d0c62a64
1780780470	1239227	1387	5622cd91016d	a4fb40fa144b
1780778915	1239227	1387	c1f079c61403	3119003574d4
1780778346	1239218	1387	9fffa1d9fb87	1e488f5dc2ec
1780776396	1239218	1387	07910972f4b4	60dd49027c98
1780775027	1239218	1387	42554a14ad22	864f74d107bf
1780773815	1239209	1387	fe3c6d7730a4	0b7b391ab417
1780772259	1239209	1387	301a426a3c4e	85c5766141a7
1780768786	1239208	1387	4e554fe8fb01	27c578e5e487
1780768535	1239199	1387	72afe23a430d	23160bf0bd74
1780768292	1239198	1387	145585f68663	d7fea8e5156c
1780764512	1239198	1387	8b396eabffdb	e945b4638bef
1780764503	1239189	1387	4d5d2053330d	6db1938fa105
1780764431	1239189	1387	5671d92cda23	e850f9bcc1d5
1780760692	1239188	1387	e48810ad6fa2	2e5eb4d3668f
1780760506	1239188	1387	84bc1440829d	9210efbbb923
1780760345	1239187	1387	f636f78e5d3c	c4d37b02dcf1
1780755788	1239178	1387	7d3d161036a6	86af4d6dc995
1780755147	1239177	1387	1ee03db106b8	78200f57b2b2
1780754652	1239177	1387	eefa85113457	cfdbf3bdfead
1780750513	1239168	1387	1f8a75ade493	fd2571d2f03e
1780748188	1239168	1387	ae068652f488	16e927428d61
1780747063	1239167	1387	020dc6a27c26	565f4d685953
1780746384	1239158	1387	4409d2d0186f	537f8414ce36
1780744047	1239157	1387	cdb23c2320de	548aadd9d093
1780741622	1239157	1387	4ab9327de2f8	a8c16d88705c
1780741033	1239148	1387	fb76e73eb989	f39ecff2dd86
1780738447	1239148	1387	89eea8ebc003	499304f816b2
1780735321	1239147	1387	d7fccd96f8c0	dd72a0fb8330
1780735152	1239147	1387	d9837291a0c6	b8b61670afe5
1780734266	1239145	1387	c86c5ca46406	e285a8f9c884
1780734075	1239055	1387	7eb821726497	241284ca8b7f
1780734052	1239054	1387	5aa20ca81993	9a8521c65250
1780734011	1238981	1386	c394687e80a3	7ad7e9221935
1780733986	1238980	1386	58b6e0f6b9e6	aef0849644ed
1780733817	1238959	1385	e8ef3f4851ab	500baff09e80
1780733218	1238950	1385	58517f75a48e	54aed69f2489
1780733123	1238950	1385	8486d8a30c5c	b1e91c025d63
1780733099	1238888	1385	9ee92eb1e0ef	d1649c08f49a
1780732844	1237364	1353	85fbeeee7506	13a1bc99b55f
1780732228	1237315	1352	ac50693adcc6	b99fccae731c
1780732205	1237314	1352	cdc8a987f82a	4ceb0aca7bc9
1780731776	1237025	1351	dd8222d4142c	246ba01e1006
1780730782	1236929	1351	d59ffb94e893	72aeac359115
1780728786	1236929	1351	19c32c74c9da	66da04b9437a
1780728759	1236927	1351	352aff1f8dcd	4bd57f238807
1780728504	1236262	1349	fa443f73bb51	92ac5cac9dfc
1780728333	1236208	1348	6d54aefae4e5	4cc07cd39e8c
1780728309	1236207	1348	3dd0db97d665	9553cc0946fb
1780728255	1236099	1347	98e7af74f164	78463a2dec1e
1780728230	1236098	1347	5f67753eda90	0512ab7fd682
1780728109	1236079	1346	99f219ecc69d	ce414c819cca
1780728085	1236078	1346	81f15628efa5	0b9476b32620
1780728077	1236061	1345	ba1b42d4d042	456488cbb36d
1780728053	1236058	1345	fd3ecaf08d57	c68e0e2b44e3
1780727577	1235433	1343	cd0d486de920	183b08ac13dc
1780727550	1235432	1343	5298782dd5f9	5fbf079a59c9
1780727324	1235217	1342	f8abb6a6bbe2	1e050e32cc5e
1780727300	1235214	1342	25c7c86b7101	484cc05617c8
1780727289	1235187	1341	ec3e7ae7e232	af4584057a13
1780727282	1235186	1341	5fe9eb338e90	af7d158add30
1780727265	1235127	1340	cce78cb0991b	17d0e098588a
1780724637	1235012	1339	4d7e7d981ae9	6a868374c454
1780723866	1235003	1339	875b913127a3	44d7616e0629
1780720243	1235003	1339	c8c61dc98ce3	47ca4843a749
1780719257	1234989	1339	ae16f0fa9f87	0c2d4c43ddee
1780710472	1234989	1339	593da28b24b8	e179c35e7dd3
1780709465	1234980	1339	dafb65401a91	358ca7b58b23
1780703919	1234979	1339	3ff7438c311f	3532d67bdc66
1780703076	1234979	1339	e25623396799	052c51a579f1
1780702648	1234970	1339	d64a2b3e68ad	0307cc68d48c
1780699903	1234970	1339	412414304a13	7698763ba2f1
1780698033	1234970	1339	1eca91785a15	c57d21abbb78
1780697584	1234961	1339	7aac80664969	4b5a0f8b3da5
1780696124	1234961	1339	97e6db12ac0c	6d18afcaf5cc
1780693099	1234961	1339	8c521d0305e9	a3fc1c9f3bce
1780692904	1234961	1339	8e046608555f	1b5d1e976377
1780691425	1234952	1339	470708a2cb58	b62ce787d740
1780691408	1235342	1339	50befb7c5182	78587cdc06c4
1780690566	1235342	1339	0ccc2f061274	a5557ead9317
1780690230	1235341	1339	43dc2f7d0590	644ff9354ee9
1780690203	1235339	1339	6d162cde83a3	a1c006b662f8
1780687144	1234942	1338	8365cea0cbce	e74c0e16f08d
1780686256	1234942	1338	65fb5480436e	572e530e63ff
1780683226	1234933	1338	62233b862eba	e3a63ac938fe
1780680640	1234933	1338	5332ad175bb8	a1881c82cbf7
1780679641	1234933	1338	b2a15fc55997	716443524d83
1780679624	1234776	1338	77aebe6ef5fd	8b0b0be5bed0
1780679597	1234773	1338	95fc7bd6dffa	11e28256f882
1780678730	1234533	1337	657c3e1e249b	4fc2c1014454
1780675975	1234524	1337	722f43dcc2bc	e1171877e1f5
1780674049	1234524	1337	8723f0f50eef	ac434e7cfd2d
1780669225	1234524	1337	1fa225f3ac5d	81efe8e567b2
1780665956	1234515	1337	6c9d4f1350a8	b951ceafda6c
1780663622	1234515	1337	6bb0e2cdba7f	136efe130d4b
1780660108	1234516	1337	f146e1027d4a	d96e6d15d37f
1780654326	1234507	1337	9e477b018c40	fcdf55481897
1780654110	1234507	1337	a5f881d44e3a	4aaea848874e
1780653995	1234493	1337	d804a86244a3	dadaf4bad270
1780653786	1234493	1337	0fd80a7ba9c6	9c8f3f4e2f94
1780649862	1234493	1337	d47b60bf6a45	b49f38201770
1780648781	1234516	1337	5b1bc71ae8e0	ef2f49c9a4b1
1780648517	1234420	1337	e6f97e7b434c	fb8b6890e6d4
1780639442	1234411	1337	45f2c196b9ce	12847ada904e
1780639355	1234411	1337	f6e9bc020653	8540a0e3ab1a
1780634979	1234411	1337	877b0c6e8082	e858681c751a
1780634506	1234397	1337	07a0a9b5a9fb	f27f4710b405
1780623169	1234388	1337	dab01b15be5c	7b058fe67aff
1780623080	1234387	1337	f2bbc9251f71	463016f3a99f
1780619562	1234387	1337	1c8bd1bd16f2	cd920a1368d4
1780619279	1234364	1337	6aead73d1319	7d2f78e0ee66
1780619049	1234391	1337	f23f529841bc	0bc5ddfc7967
1780619022	1234390	1337	6b44b6b5652d	62d582ad4fe7
1780619001	1234389	1337	0991524486e9	5c841f2c3765
1780618597	1234218	1336	829031eb410f	a5022d2e3936
1780618572	1234217	1336	f7930a62f718	478fd6ccbac4
1780618346	1234184	1335	6ad51f18208b	8ea32036c607
1780618079	1234128	1334	899a4b2d4a0e	65392c056863
1780618050	1234127	1334	c288993820a7	3a462b17a0dc
1780617704	1233959	1333	2147f1052dd0	37fe080bfd24
1780617678	1233958	1333	2f9533f2bc8e	b94581acd1cf
1780617550	1233898	1332	7121f6b90d82	0c9dec4d0096
1780617465	1233842	1331	3709ff818ba1	f1b35ab862ca
1780617284	1233833	1331	b59b45fdfc96	dc6e2fa42065
1780617258	1233832	1331	1933ff7800c9	ea2263cf0806
1780616011	1233639	1330	63070b47a661	0707e853c23a
1780615983	1233637	1330	3320c873411f	7da2d391eb8c
1780615980	1233558	1328	828d72c4b0ef	8a6a6458668a
1780615817	1233556	1328	bea78c7af35a	842c9ff354de
1780615807	1233555	1328	00e6b8a2896f	973574f38e88
1780615791	1233497	1327	0589d1c937e6	3db0e1e9dd09
1780615521	1233247	1326	5ceb6c8d51c3	866742243254
1780615314	1233240	1326	6c2fd980fb8e	5565d9893f5a
1780615235	1233238	1326	0017bf239f98	61d91b6ff6ae
1780615153	1233238	1326	8c8ad5d8266b	ecd5d36f3abb
1780614978	1233243	1326	13d9fdfe8d08	0b0c240f0706
1780614769	1233243	1326	c5aeefc657ba	df471ebf5262
1780614447	1233243	1326	451db6d3c399	967703c8204c
1780614067	1233238	1326	b1a249153645	c079fbb09c52
1780614054	1233237	1326	c67546f76055	6d496d1118d6
1780614030	1233236	1326	cd7ac6cd1b95	6ff4611ae74c
1780614016	1233086	1325	d4949942eba5	359b54474e2a
1780613991	1233084	1325	c1c88d19a73a	658b1d4c7a36
1780613210	1233034	1324	eea603c9ed6d	062638fa4627
1780610880	1233025	1324	e65bf4a2bebe	f7355d872312
1780610235	1233025	1324	e0fa156e99f2	a80960cc993f
1780607381	1233025	1324	b014956228c0	c832211d1df1
1780605352	1233016	1324	e085f5ebbe67	053e84816f10
1780605335	1233015	1324	aa60db8d45d4	b58985542662
1780605328	1233014	1324	e69a1f55880c	8856864bf4da
1780605136	1232986	1323	2d71a087f04d	ce6259816509
1780605100	1232933	1322	d2aaa611828a	958a4faa2143
1780605074	1232932	1322	872895fabd15	1a5e20f60aff
1780604381	1232794	1321	a3f897b4a851	bd4b492cdd66
1780603662	1232793	1321	2c06066001ac	bc91c5f64cf9
1780603634	1232792	1321	989cdaebc0d0	56f175b958d0
1780603507	1232772	1320	02d43f4ccbaf	2b7453e929a3
1780603286	1232719	1319	20197d3d3525	4ab1f69f363f
1780603261	1232717	1319	b4b2b22043ea	c6092bbd51aa
1780602860	1232639	1318	5ad56d93be2f	2cfb7111a004
1780602613	1232615	1317	50d44ccf5102	0867b710b3ce
1780602400	1232588	1316	17186812f37f	9364a5840e98
1780602374	1232587	1316	630fd5c58de7	9ad4b4d180cb
1780602059	1232475	1315	06197b327f54	7e9e52554a2f
1780602032	1232474	1315	9c89a32385de	81b2d8fb90ca
1780601979	1232424	1314	152739a05853	bc3df1eeb685
1780601946	1232381	1313	32453973b5ad	af8b69342566
1780601923	1232380	1313	82c526f4d789	a5eebb9d7cda
1780601481	1232235	1312	dc5159b6d3a6	e36ce9953e3a
1780601462	1232243	1312	175e50b0e488	2975da4fcefb
1780601432	1232242	1312	aa6ad625611d	fda2a526df40
1780601304	1232204	1311	ce46a6d27e63	040f1f542d5e
1780601120	1232149	1310	86082da4a264	737aac51bc8d
1780601005	1232185	1310	b23c73fda267	9dd52e6035b1
1780600902	1232207	1310	17ebcb38707d	89b3e1098e43
1780600832	1232212	1310	05355b5809de	9151eca39ba0
1780600765	1232246	1310	1fa113b2ea36	a13dfc1457bb
1780600739	1232245	1310	8bbafef877fb	75e4fcde5732
1780600285	1232119	1309	21ae77c721ff	145cc7620c7f
1780600249	1232110	1309	e7145f6d0d98	25346bca13f5
1780600223	1232109	1309	c625204e12e0	0370d17d155c
1780599554	1232079	1308	36a74e5485d7	90ae4ecdb6f4
1780599528	1232024	1307	53025b639eab	159809e9699b
1780599503	1232023	1307	6d5ac01f71e2	e3144ede3485
1780598153	1231914	1306	b5b47edb228b	7db9d146baa6
1780597763	1231915	1306	7ec257b2f2eb	cf748e5d2c4d
1780597735	1231913	1306	98984675f0dd	4a0f3159a215
1780597606	1231878	1305	e1f568049245	c49780120918
1780597577	1231822	1304	57a3e3c3ba33	6caf71cf9ffa
1780597043	1231652	1303	994312a6b098	240fdf1755f0
1780597014	1231651	1303	d6896d4fc2be	8b70c0294938
1780596775	1231607	1302	00a7596798b7	13b9856b6147
1780596420	1231607	1302	9f15f06fb73d	4c80a4d67a2c
1780596417	1231606	1302	646ccdfd8f9e	b3752e31c7af
1780596391	1231548	1301	1cebf23423c0	1a4e1b1457df
1780596222	1231343	1300	c4f00226e362	89546f12a637
1780594094	1231343	1300	fd12f3aecc23	96dc4adca660
1780593991	1231348	1300	0348594a0930	4141b027ea56
1780591709	1231578	1300	ed18bb9f7aee	1f0f63f96cf9
1780590800	1231569	1300	e2a4c0a951d3	e23c0f2f41a5
1780590708	1231568	1300	f6c09c0ffaa6	4664b957d413
1780590212	1231505	1300	aaacda0d5f40	4140009ce3a7
1780588105	1231509	1300	fc7551c9c61c	c90e1864ca08
1780584550	1231508	1300	9106af374f7a	e8e63813609e
1780584029	1231503	1300	ab7cdde004aa	0b78ade67b7b
1780584000	1231502	1300	eaf276515a73	01423c0fecfa
1780582479	1231365	1299	075c03695881	7f19eb0b1001
1780581864	1231337	1299	ad8efd807a9a	c3ddb9570291
1780581394	1231258	1299	1962c127ef09	acff40e40616
1780581015	1231116	1299	34ff442488fc	8fb71bd7fecb
1780580771	1231107	1299	d5547b96b9d7	14a03a996262
1780579919	1231028	1299	ed4fe6d92a31	d8ed8f170055
1780577452	1231027	1299	dbdafce6f066	d1c60f17aed2
1780577426	1231026	1299	de7ca94afda3	f3db52e9ad87
1780577399	1231021	1299	55f2d47d2327	18a62bf88d76
1780575345	1230808	1298	dcdb4ff99ace	ffe52a6cf095
1780575319	1230807	1298	910a605b8776	3c78ae826b29
1780570934	1230808	1298	3619addab091	2be7fbf1c4d7
1780570811	1230500	1297	873c6ad87df9	31bc7c6ccd0c
1780570704	1230472	1296	c374e6a22485	feb2dfea3f8d
1780570679	1230471	1296	308eb0e03726	4a980118bb91
1780570203	1229987	1295	b263b33de573	d956d73aaade
1780569654	1229959	1294	6e04a877f080	b2a68dae1df6
1780568051	1229950	1294	4a368bf0bdac	bb32291df3f3
1780567555	1229948	1294	95651f072fbb	62b719ec82d5
1780567349	1229948	1294	47bb5cbea8e2	1af2b4892b64
1780567055	1229946	1294	391b69f08566	c82de12736d1
1780567027	1229945	1294	bcde64839865	1b270149c03c
1780566281	1229723	1293	34dd8703c01e	d605d3cc6e45
1780565271	1229693	1293	d39647c32bad	4ea59bbd0fc5
1780564916	1229692	1293	da96d83ee551	d1bc8ae37fd2
1780564240	1229692	1293	79083b9ae142	2762141b28b7
1780564211	1229690	1293	fd86aa9a397b	386197b51328
1780563925	1229645	1292	26ee92720d19	20b38699f3d7
1780562987	1229645	1292	6af0de293471	ef4a459efb52
1780562845	1229542	1292	2a772974f1f5	f870aaa610ab
1780562641	1229589	1292	999bcd84a93e	ddd1e1858a69
1780558113	1229493	1292	e21dbcd8f321	7fa09ad31143
1780557936	1229430	1292	b1e73c1cb8f8	e05e38164c05
1780556062	1229430	1292	86661313816c	ceb7edffb3de
1780554272	1229421	1292	94e35a2f39a6	9697f0280e49
1780553924	1229420	1292	a272605e2334	10fe1d0c3eb5
1780553763	1229357	1292	e1b173dfeb07	6aaec5fea0fc
1780550160	1229287	1292	57a54047c46e	c966b8c41b57
1780549912	1229287	1292	b76b95f94b2a	6415355c2585
1780538606	1229273	1292	84d37ed79e82	fc938a6c7240
1780537745	1229264	1292	dc1780f55ab9	3a81a2abd13a
1780532444	1229263	1292	b96303a8366e	00db8af8e018
1780528785	1229263	1292	d35f54fcc985	8074929c9753
1780528732	1229254	1292	ed5da6f3f581	f0ce5a1556ed
1780527608	1229253	1292	b00762fd83be	8b4dff90ae90
1780527582	1229252	1292	a955f25edaa5	388a9c07909b
1780526471	1229253	1292	c5f4378b2775	21ecb75e7730
1780526352	1229167	1291	6adac36450b3	94f5bb6b4055
1780525072	1229167	1291	5c92255442fb	5e5e96c8205e
1780522309	1229136	1290	dad97ae2252f	f2e35b452c10
1780522127	1229135	1290	1999b3423517	29e4986931de
1780518584	1229126	1290	cf710812d8c4	5281eaf9aa8d
1780514011	1229126	1290	493f766276c1	aa89e57480d5
1780513978	1229125	1290	76113dd72b4c	ff021285ea1b
1780510774	1228939	1289	cdb390fbcd01	8cb704c35cec
1780509644	1228938	1289	a2de13877538	a673c2f6ecf5
1780506828	1228929	1289	c00900ff89c3	00c8426ae5cc
1780506798	1228924	1289	c2d5721fb291	cc8a7e36eda6
1780504880	1228924	1289	328c5084b7ec	38df152ee521
1780504677	1228856	1284	f982945c1361	f4d0fe2d5037
1780499459	1228528	1284	271bbb150296	eefe18a9843c
1780494972	1228517	1284	88da6ea271cb	35052ed031dc
1780493666	1228440	1283	bd3e85315b53	92ade6ec18ad
1780493635	1228439	1283	f6b91e4e9784	442cb2b47dff
1780491308	1228399	1282	1954864306a6	7e975b1c9bc1
1780491096	1228390	1282	c5fd09d23b6c	c5ae7d26af17
1780491000	1228384	1282	e8073031a5b0	56d166b49e83
1780489990	1228386	1282	501d5cdea325	83bc65096185
1780488860	1228326	1282	a872a4288a29	245c56bd164d
1780488348	1228245	1282	c8a985de5c3e	6c91d5134ae7
1780488306	1228244	1282	67434e0de14c	17c598991487
1780488285	1228244	1282	d4dd3557ea30	e55f2a9fe05e
1780485417	1228230	1282	74a789f627a3	055e7b1ae155
1780485143	1228216	1282	fe6fbaf0b069	383b177a1312
1780482379	1228216	1282	453d30dd2677	bc40d57b4bf9
1780478543	1228202	1282	be1da100df4d	61048904cbd0
1780470302	1228106	1282	3efca09f98c1	8d5ef41589e0
1780470239	1228106	1282	66d533dfe01e	e63685b64b67
1780470220	1228106	1282	f3a37d9cfdbf	acb3b202bbd4
1780464018	1228092	1282	4eb697c65797	d06f012fc369
1780452345	1228078	1282	50752825370e	0acd7ac53c42
1780452238	1228078	1282	95ff47c41aba	259a9567dda9
1780452218	1228078	1282	cb11f651f647	c39fb90561b8
1780445375	1228064	1282	cd34bd012330	6cbd068d917c
1780444968	1228068	1282	a4291071bd5e	cbb6f4a4b3a1
1780444948	1228039	1281	1c265eef1126	8fdcf8824a6d
1780444926	1228037	1281	5a8e4ab3aae1	152f79a46a02
1780443737	1227857	1280	3d9aff8d6795	bf717102f094
1780442804	1227802	1279	53568c063282	4631ecf3f0c0
1780442589	1227773	1278	007eb31d24ee	6642b362c37d
1780442529	1227774	1278	f5b8ebda4cd2	39415513cffe
1780442490	1227773	1278	63c05754af2e	d755c838e6ef
1780442471	1227773	1278	f9647d7ad019	f44c9809481d
1780442206	1227760	1278	706688ce36c4	29979354c5af
1780442184	1227759	1278	055d1888820b	10f9c66f9808
1780442003	1227608	1277	1a505dc54c6e	645bea68494e
1780441870	1227580	1276	5724f2e86f2e	a2bae0e28f5a
1780441847	1227579	1276	f6bdba11462f	15e0e0c30125
1780440988	1227349	1275	b00d5d76c204	9f617994535e
1780440019	1227348	1275	7653c22ee66f	ed560a8f340c
1780439995	1227347	1275	86cb7dbb5388	a17a8c4bb497
1780438046	1227322	1274	9a54551874fd	6d65417eadc2
1780436952	1227322	1274	457aeddbc153	2a28b5a6ba96
1780436706	1227339	1274	d859608be9ce	02f919cb9e2d
1780436669	1227339	1274	80c3dfede2fe	50d0255c4428
1780436359	1227338	1274	9b2188296887	8a709ddc7886
1780436336	1227338	1274	5ab3525beb7d	80a3c91b8b2b
1780435964	1227337	1274	ad53457da695	f79793c6e67b
1780435942	1227336	1274	752714fffe68	5790884ff368
1780428417	1227305	1273	6d422dd2fefc	335a9bca99da
1780428332	1227276	1272	2b18f6b526a8	9dad50189eb7
1780428305	1227274	1272	641088bf168f	3c8ccab8666c
1780427886	1227139	1271	99ba6fcc5c62	65d96e251aae
1780427709	1227106	1270	ad31e913de2d	1a21b4be37cb
1780427632	1227078	1269	6c8cee5c282c	c7b8f5b6229c
1780427605	1227076	1269	5d1412f12bf5	32807c05a2d4
1780427220	1226979	1268	575f7e9b2db0	441939287882
1780426993	1226941	1267	6bbaaea9f4ca	f6e12584ccc9
1780426980	1226913	1266	12cba3573d87	4b518e61a910
1780426954	1226912	1266	fadd0338fb58	74594889c514
1780426393	1226811	1265	c5f033c70cb1	6af43a1f0064
1780426305	1226811	1265	92b43a109c3e	3ce315e3dca0
1780426278	1226811	1265	e08190a2d904	a2459defdd53
1780412814	1226797	1265	db543f605aca	82bc182025f4
1780412600	1226797	1265	f4815e1ad82b	a09dc4339af3
1780412573	1226803	1265	4d9f32c3cbc9	977f1df6c0ef
1780398292	1226794	1265	ed1090d6cad1	fb731d8922d9
1780398079	1226794	1265	8f3551993186	2d3e77764a0e
1780398056	1226788	1265	f10bd9201077	b1eb8c87773b
1780397235	1226769	1265	36ceec73e008	280794cf4e8e
1780397067	1226769	1265	204c78da5b53	6d36e5ae75b8
1780394422	1226767	1265	1f828e4ccf6b	2d97c8284f79
1780393672	1226752	1265	2564cbcc2e3d	4a284d87be51
1780390985	1226750	1265	93452983b784	c8aee49d4653
1780381451	1226654	1265	4569fb3764f3	07fc1597651b
1780381381	1226654	1265	487f612be61e	0c5eddfb31b5
1780381362	1226650	1265	8fe05feef45d	c85330f0d3b0
1780376536	1226633	1265	732c7bdd0c1b	f273a2f4efba
1780364607	1226619	1265	8f916ee857a0	eac43188ef63
1780364506	1226619	1265	10ce36411e5e	cef192483e90
1780364489	1226623	1265	8ac26708e4a1	1e690bad45fb
1780356140	1226626	1265	a857d60fa79d	cb5612cf0574
1780356068	1226626	1265	839f33528435	6483a2cb6582
1780356048	1226626	1265	f89872976a3e	4aafa95c51b9
1780350746	1226612	1265	43c054b26a85	1f3fb5e85778
1780350717	1226614	1265	378d74c8aa7c	4ca9f92194e7
1780350696	1226614	1265	967365999a96	c1c448a34c60
1780338728	1226600	1265	22ff145eeaf7	3e8cc52cc96e
1780338631	1226603	1265	c8bc94b723c0	e7862665c345
1780338608	1226603	1265	be2113b7db53	5d1582e4de96
1780318198	1226589	1265	fe34bef66b48	0c460050bd81
1780318176	1226588	1265	072dd37d83f5	72c0456be196
1780317949	1226590	1265	7c4dc4de3694	4899725f6a12
1780317930	1226590	1265	ad6662a43525	a58b970c8e50
1780317806	1226576	1265	7bb049f13293	4f517169ba53
1780315852	1226571	1265	789ecd548735	15f85abecebc
1780314789	1226539	1264	2e0e781ab56a	1bfc4b346908
1780314502	1226538	1264	69ce9ef29c01	4b277f67a02e
1780313760	1226538	1264	b7ba3b7700a5	a5b4412a2d27
1780312744	1226543	1264	30d794f57d0d	e858b9857541
1780311569	1226549	1264	8cd365bef248	0abc9d28c1c5
1780310747	1226572	1264	362ee0c4a21a	eeeee30451cc
1780308842	1226571	1264	8c51e05b0fd9	fbaceeaea0ed
1780303911	1226475	1264	0e2582d40462	d983c5639f1c
1780301588	1226475	1264	6f711e019507	335262c76ef1
1780301477	1226472	1264	b9d4f155cbc0	438d49ad6b00
1780300543	1226460	1264	60f2d7e823b1	40388ac38073
1780299869	1226460	1264	2f432883d59d	1316cc0ede65
1780299636	1226460	1264	eec85bfeaa91	bfe1d74657ef
1780298710	1226460	1264	da7cca9a06cd	0ef90c91eb06
1780298566	1226461	1264	daed9b9c3678	c8693ad0c3ce
1780297701	1226454	1264	9a29712c8f91	ebac97794d20
1780297601	1226454	1264	f0abe4c151fb	7f9f41b0ff98
1780297478	1226454	1264	9200c6d26668	e0760690e924
1780297174	1226454	1264	441ae7a15565	797df19a0893
1780297154	1226454	1264	d256ac525d26	c715669d9bb5
1780297068	1226440	1264	630cd699b213	1d32a7be5213
1780293823	1226440	1264	04bf5a558e73	40430c24d304
1780291163	1226440	1264	822c4f920a10	49db3e2b8145
1780281404	1226426	1264	55b8eae2411b	7c4b9fbb0167
1780279069	1226426	1264	30241d20da49	43e0af977b04
1780279048	1226425	1264	2962dfa64fc2	6e3c88380236
1780279014	1226413	1264	4153e9942c24	9991c198fa75
1780278996	1226409	1264	05c97da5e79a	373c1615738f
1780278323	1226391	1264	f8e4ecb76775	5b023b22f963
1780277272	1226359	1263	cd905c7d5d94	543e587ed1bc
1780277219	1226331	1262	defa4d07a36f	11eb744e7bfc
1780276785	1226345	1262	14e983f09ba6	d449a0a35da7
1780276767	1226343	1262	3a41fea2c1ca	2d4776aaa434
1780276764	1226237	1261	e41d1c4b8d9f	19ae12840dd9
1780276491	1226083	1260	c660043e287e	c2f677989f2e
1780276371	1226057	1259	5e009e462401	e2ae32fcdb00
1780276349	1226055	1259	3d0e38cbef57	31a0fad3ba9b
1780272866	1225772	1258	aaf7596e956c	112684ee2ec5
1780272337	1225725	1257	27d30c9eb185	269e35c5b285
1780272329	1225724	1257	e7d348cdfec1	9cdf64eeba87
1780272314	1225695	1256	c46591abba99	b5ad314484c5
1780270510	1225566	1255	6a28a53f7d86	154fa750ce55
1780270490	1225564	1255	f21dd3ad424a	c038736e5942
1780270384	1225565	1255	b3b791f7b685	7c28139c3c2b
1780270365	1225569	1255	ff5e7d0b9666	101a279a1c86
1780269210	1225559	1255	436c3c1732bc	bb1c29834380
1780269084	1225530	1254	70ca6925cdfb	c765ea5b081d
1780268554	1225507	1253	a691ed186226	64a4511c02e8
1780268549	1225506	1253	724e65c94d0b	c886e57526bd
1780268534	1225479	1252	7aada90dec02	55cb23674f5f
1780268120	1225399	1251	fc8fd4f7d5e6	6668744d4693
1780268099	1225395	1251	f1aedb7431f3	26bc253c8a88
1780268074	1225395	1251	1c913419e91f	45eae04aab98
1780267313	1130415	1247	682f1c8ae805	1b5eaeb8e151
1780267256	1130368	1246	e4bc3ca5c337	f05cbc1f0ee3
1780267236	1130367	1246	f66d8ea1c078	38d24bb0fc2c
1780265882	1130003	1245	f1464d8263e6	5d733eb5286f
1780265863	1130000	1245	ba3c12e11e49	429e37231432
1780265750	1130000	1245	6bc7b019f525	60d18886a892
1780265733	1130000	1245	4b6040e9dcf8	f514449d15ff
1780264653	1129986	1245	8702b273a561	a599226341b4
1780264427	1129718	1243	78eecbe491f8	cfc369a4ac2a
1780264422	1129717	1243	80b912b1d83a	de0b8c8b4c7c
1780264408	1129690	1242	297564dacfdb	8600344bc534
1780264390	1129619	1241	aabc59e55da7	b0181abcc1a1
1780264385	1129618	1241	0575da2e2b1b	47acced0a494
1780264369	1129586	1240	07d5107f932b	a7cd1461e560
1780264285	1129318	1239	4fc157c3a8a8	0961a33dc14e
1780264262	1129317	1239	15fff3d258dd	12ba8fe70acb
1780262208	1129029	1238	828b0c8caf05	7ab404830ab7
1780262028	1129029	1238	383a444d1e20	147dc8555326
1780262011	1129029	1238	bd9d8b17c3a8	36fa27aae799
1780258924	1129015	1238	3b21baf030e3	00d47e14aa12
1780258912	1128979	1237	420e8bd5cee3	2942b7aa6c5f
1780258889	1128978	1237	2053d343562a	478d9af8e9ba
1780258714	1128836	1236	2f71466c7a51	a18fe62da74a
1780258695	1128835	1236	2f64601dc49a	c4063baa79af
1780258491	1128627	1235	767abfbe8624	5f40a6917d06
1780258387	1128591	1234	0db272f36cd7	546bd709ae99
1780258349	1128591	1234	b09fd2ae5934	a9ad7ad94800
1780258328	1128590	1234	bcc67803799f	0287a2a3419d
1780257907	1128390	1233	0cd91a4d1218	1c9fbc71a446
1780257887	1128390	1233	609e575188e5	eb877a2c41e0
1780257447	1128376	1233	bb8485f6dbe6	11afb9216561
1780257426	1128375	1233	ec9e88f9225a	a831546ada03
1780257302	1127313	1232	7659dc364bb1	9ebc7fb7ca57
1780257263	1127277	1231	1de49e12b327	c5b5791044e6
1780257242	1127276	1231	7182331d9481	62030c8a7bf7
1780253791	1126841	1230	6fbab4f96920	a9e76f51df8e
1780253693	1126841	1230	2389b8db14cd	0fe713b440c8
1780253676	1126841	1230	04264db170b7	3934caab674e
1780249736	1126827	1230	f8918a020919	6bd3b99a37c6
1780249460	1126827	1230	8b34e2abfba0	0a4132c6cb38
1780249440	1126827	1230	cc592eba09c5	b102fcbbbd5a
1780246087	1126814	1230	b44bd6e7e83b	a8dd12dd633c
1780245501	1126814	1230	51e15ea872ec	5aaa9b0a2d86
1780245484	1126814	1230	13ad48e69a60	13bd67890527
1780242369	1126813	1230	7a9495c7b756	4fe70fd9e500
1780240606	1126813	1230	f21494282040	93fa4184e6e7
1780240588	1126813	1230	ea6bcd2a19ee	fc2205a8621c
1780237378	1126799	1230	31bf43ff4f38	08a047f82b5b
1780235711	1126799	1230	cb0c0a987460	21e058b0f008
1780235690	1126805	1230	514e170ee13b	10849d944970
1780231629	1126796	1230	3b696533566f	567a2f7edd9e
1780228675	1126796	1230	b84519ae2dd8	556215b85e55
1780228658	1126796	1230	a94d58a1ebf8	a7983574231a
1780225859	1126782	1230	b9c5d4dd77a4	7a71cf05aa8e
1780223199	1126783	1230	24dc9f7fb623	db22e2c4fce2
1780223180	1126783	1230	f62e69057d99	d40c198e5e75
1780219033	1126769	1230	5fb0bc2cf15c	8ef4fe589680
1780218063	1126768	1230	44ad9b39cfa1	9c1bdd1fa6c2
1780217703	1126798	1230	1c2bac4ebcf9	fc13b1131188
1780216430	1126798	1230	093ab6a4b3a5	032ca871f7bb
1780215348	1126828	1230	5eca0643799f	a856a3f98c7c
1780215330	1126822	1230	6d1f329f069a	e0257da2b481
1780215026	1126803	1230	7f33a32fab5b	167e33a8f32d
1780207169	1126707	1230	d7be6e9f7d6d	d75fef91d87a
1780203405	1126706	1230	f336bbe8a3c0	5ee2946dd2c3
1780203387	1126706	1230	d84710e7d225	fe220af43072
1780203287	1126692	1230	3a5219c7ac4b	5f3200d902d5
1780191127	1126665	1230	c70ea8bf2de1	af10b983ffc1
1780186684	1126664	1230	a16d85c509a0	cb4ad38a5d7e
1780186665	1126664	1230	5eeb41661d99	2fd8f91539ac
1780183012	1126650	1230	2adb335283b4	c8ad35b2479d
1780183004	1126650	1230	f0c8516bbe1e	d24f71bff4ea
1780182994	1126648	1230	884238280768	a7fcd2e759e9
1780179417	1126634	1230	d13105fa6ea9	77975da87dda
1780179315	1126635	1230	747bf5193224	3d3ab55fb517
1780179229	1126638	1230	562b58606004	06997529e5ab
1780179203	1126637	1230	2f20408aa657	b9843cdc6272
1780179184	1126637	1230	645217eb5de0	dd3745d5c093
1780179170	1126624	1230	d735d132bb68	298b13d43c48
1780179150	1126626	1230	1eab4c5f6961	88a77bb7a34e
1780179091	1126650	1231	cde56328e5b3	32b8e40141a5
1780178647	1126652	1231	076bf96bb913	8972712d725f
1780178087	1126652	1231	acaccb289c50	f57605af3d9d
1780178023	1126651	1231	7e7e28b1fac3	73986453c0d8
1780177982	1126648	1231	35642a23934d	a6c4e81e5316
1780177964	1126646	1231	909c29b349c8	0774e36d47c7
1780177909	1126622	1230	1c84c18c3657	dc3a2594e3e1
1780177713	1126620	1230	bbc55d00dce8	03b581c83e7f
1780177604	1126620	1230	540d60467d4d	76228b2aac71
1780177281	1126620	1230	cf4dddc24537	b3d64d46337e
1780177223	1126620	1230	a4a1eeec35f0	e046edb13693
1780177001	1126619	1230	a5585a51a8a5	eeee3908e78e
1780176947	1126619	1230	90764b891875	f2bb20f48817
1780175465	1126619	1230	2ca2bbd69bf9	ddc75edd043c
1780175449	1126618	1230	91d7707a2df6	5e7ccfd8158a
1780175431	1126618	1230	842fa10b90a3	3eb3b122c922
1780175311	1126617	1230	9e2c917ef22b	bad8638c01af
1780175239	1126604	1230	cedcb6c0d54a	1065b563300c
1780174979	1126604	1230	f92b0c63e72d	ab1d55db83ce
1780174192	1126604	1230	3a9b55a66b94	ec32d3609ebb
1780174172	1126603	1230	41dc5611944d	c51ca18fe58d
1780173983	1126439	1229	a194083ad972	c89448a5d5e2
1780173938	1126439	1229	39a3205c6bd0	5ae3b43c870b
1780173824	1126437	1229	ddae9bcac366	ee9df66ce4d5
1780172759	1126436	1229	85dc1341fb3b	7e64f0a36114
1780172718	1126436	1229	85d823f13a6c	c0c041690aae
1780172684	1126435	1229	04baa3de1e9c	abcccf34016d
1780172626	1126433	1229	e4848f645307	498321ee43be
1780171483	1126428	1229	b30d4409ba80	0e95c97836c6
1780171166	1126428	1229	bc0a657d84c9	f60145a7b6fe
1780171157	1126428	1229	e1fbca93f878	55b226f5c934
1780171145	1126427	1229	cd7611dcca96	9b46d262b0bd
1780170836	1126413	1229	eb2330144a5f	22a25cccfcfe
1780168671	1126413	1229	cc657b6f108e	fcdecb6a3788
1780168630	1126413	1229	408affeb153b	ed50c9372ad5
1780168307	1126413	1229	26cbe2d8a032	2efb1abdbf9b
1780168258	1126413	1229	0a4371798908	fa0cd92c0ff9
1780167992	1126403	1229	52acf4ad9fa9	502d828cf095
1780167651	1126406	1229	bac321dfe9bb	2ab01f7acfaf
1780167063	1126406	1229	dd542d6141c7	944359a19775
1780166837	1126406	1229	d1cb3a21e3d5	665c62e04969
1780166836	1126406	1229	41e608ab1f71	f758f7d556c3
1780166825	1126298	1229	cd5affe38e03	8b35c4566e12
1780166820	1126297	1229	81da7fada442	174390a6de20
1780166770	1126284	1229	782a29609558	0e659843cd0b
1780166702	1126280	1229	05a1150f2eb7	286c52be0dbe
1780166614	1126280	1229	d1391d6ef875	cf080e92348b
1780166269	1126283	1229	c196d03d63cb	4a53beca90a9
1780166141	1126283	1229	007cdfcf4cb9	7d8dc8313003
1780166066	1126284	1229	467f3d56a8c0	a8a9a98facbe
1780166031	1126282	1229	d516e1907539	f4c1d8718349
1780162806	1126277	1229	35eb66d59c22	c0d3853562cb
1780162790	1126277	1229	bd1f4c469d7a	1d04ef6a5b0c
1780162779	1126276	1229	bf51f2dd52d8	119895ec1b1b
1780162509	1126275	1229	698405840908	b88cf45450fd
1780162431	1126279	1229	0b89e9fea15e	bb59b304d057
1780161887	1126279	1229	6e20b945bd7b	3cf043fa9126
1780160538	1126279	1229	a770360ade6a	ccd5a430736d
1780160513	1126289	1229	fb814bf4a6a3	90b7dccef757
1780160444	1126297	1229	f2932826e124	b2548d801f7a
1780160389	1126297	1229	acfacfabc962	3b3db1e1b192
1780160345	1126297	1229	3b5b3edf4a82	cb540a91bb9c
1780160217	1126297	1229	5c08fa1203b7	9319907d409a
1780160183	1126317	1229	f87c7a95b49a	8121a17afe13
1780159841	1126338	1229	aba6198fdb10	8a50fc991d31
1780159818	1126338	1229	2af6e2051a91	04b5a42b98f1
1780159798	1126337	1229	5c3bb17b2262	a7b6e705173d
1780158739	1126335	1228	cefa726d7e39	4c527b5ca1ec
1780158721	1126335	1228	75084ac69b82	222b9b242555
1780158683	1126321	1228	eb18fcb77317	ec80dd8ffa43
1780155361	1126320	1228	24fdb11c8237	c9ad18b89d35
1780155342	1126319	1228	b58f90ee436d	86f5cf4db001
1780155280	1126317	1227	f195cf94392e	1769c904c2fe
1780155260	1126316	1227	a1e3910d4c4c	b0cdd9a54b63
1780155255	1126314	1226	1fc04e6d5eb1	552d228a31c1
1780155233	1126313	1226	a099c1598fe5	31d4ca4b9e8f
1780155205	1126311	1225	6b0e6da61013	8f63323c5685
1780155184	1126310	1225	d46d8cc991de	4bbe5b485af9
1780155147	1126308	1224	e78cf803f7bf	ef31d28686f7
1780155126	1126307	1224	020bb6631f15	12d93bf26de1
1780155091	1126305	1223	c7b856556d71	e2e0a79bd99b
1780155072	1126304	1223	726debc4e0cc	6a278525e9ac
1780155045	1126302	1222	110c57f226c4	f27dfb05c86e
1780155024	1126301	1222	d4df310da4f6	6e8970e4ba1b
1780154431	1126299	1221	12b3b4dcd492	7094049ebe8e
1780154413	1126299	1221	7598f33f0b37	a7d6e89c0bef
1780154385	1126285	1221	48c64d15243d	e5da489969e4
1780154365	1126284	1221	b0c0b1a0afb6	ac3dfb4d4a1b
1780154307	1126056	1220	c6180a5cdfc2	0793f0290b7f
1780153916	1126055	1220	19af3d15efea	100a7d3966c4
1780149818	1126034	1220	6d901ca15cf1	43d38b1125ca
1780149797	1126034	1220	30a6ca11ba20	be936ec5f63d
1780149640	1126021	1220	abe7c46f8b52	6e880f488dce
1780142903	1126020	1220	307e74a9adff	f927a31af632
1780142885	1126019	1220	5199ab47e3f5	49b237a61cd6
1780142867	1126025	1220	d1023078eb84	a1751250e252
1780142577	1126029	1220	aec464647941	c10002b0c228
1780141787	1126028	1220	d365f9a7db5d	82167d7c76da
1780141621	1126144	1220	e9ab4d13166d	532ce2cb3b91
1780141597	1126143	1220	2d2214a0f2e1	09a44f8ece18
1780141435	1126080	1219	6dfc4e4ec1ad	7b5c0262b362
1780141414	1126079	1219	e3afb0c35a77	bc5824e48e17
1780141413	1126036	1218	c0a14a5464e5	f61d6bddba78
1780141394	1126035	1218	f704e4737a14	372be8813758
1780140834	1125990	1217	7803b6f0651a	34e3027600b0
1780140814	1125989	1217	6f8c14db7995	ef0f1aca237e
1780140757	1125948	1216	fa0a385b706b	703f124e186d
1780140730	1125946	1216	cd20e9c91383	144fc135dcf0
1780140715	1125915	1215	aa52f46ea3bb	9257a47d17ad
1780140213	1125876	1214	daa1c68e3c41	6eeda5cab97d
1780140189	1125875	1214	1c7cc988495a	e2a6574d809b
1780140014	1125842	1213	937bbe505853	e512f23e6582
1780139995	1125841	1213	40ec5aadf75d	ca3a8df0ba25
1780139172	1125810	1212	e9654b583c6e	54bda8cd93ac
1780138738	1125756	1212	fe67fe9150cc	17f24393a1ce
1780138718	1125756	1212	16e99b44ff3d	4da67f5f24a7
1780138436	1125742	1212	3cf110a2eb05	57ea9d73134e
1780138420	1125741	1212	fc31749f4b37	9b3fe68caf2c
1780138370	1125739	1212	20161d5d885d	17598d69df20
1780138013	1125699	1212	a292d6b25526	f4da142ed1c7
1780137949	1125659	1212	4057423e35e4	58a966d6a881
1780137755	1125605	1212	4b6633124110	aef8d338ae80
1780137694	1125617	1212	aa23d013034b	9a8e63e1c369
1780137385	1125579	1212	787a67a37756	f7844e42801f
1780137365	1125577	1212	cf337fcfc210	70bb90d94517
1780137074	1125401	1210	46e540d94a5d	c17036079767
1780137054	1125397	1210	ae3d052052b2	8da1720a41d5
1780137025	1125235	1209	a1eec2685330	c7e582795f9e
1780136564	1125224	1208	b280a0bf002e	726a8dc6a4d6
1780136540	1125223	1208	d2cb09ad2a6a	cb468d960f70
1780136321	1125219	1208	5180a5b81d24	ade31a98b3b5
1780136193	1125214	1208	a6ef3d673848	c7d5aff8cc14
1780136174	1125213	1208	16b562369cf1	ac6c625acff3
1780136164	1125213	1208	3f4f49e6bf9e	fb5f709bc292
1780136141	1125212	1208	bdb596f37957	41d5c7061b23
1780135027	1125208	1207	8ab1dd621bfb	29e9014923ce
1780135026	1125194	1207	6f081ee4cb75	0aafbfc80c97
1780135004	1125193	1207	bb325e2dd084	61fe987c4505
1780134906	1125171	1206	f0683a57862a	2ac400da794d
1780134748	1125120	1205	b40d77d7ed95	807774e7d6d1
1780134727	1125119	1205	9f874c230c65	8b7a525f65e5
1780133727	1124885	1204	8fc73b54f1cf	03208b3e8db4
1780133708	1124882	1204	95e4b18540ee	ff2e13754ed6
1780133707	1124883	1204	5a3c4eee00e6	a3e39653eeb0
1780133692	1124883	1204	d0d43b631e87	712cb259f960
1780133659	1124883	1204	c5c2be8eee90	75f85917f731
1780133447	1124866	1204	6fb750d9ddb9	2eeef858098f
1780133270	1124863	1204	997bd856068d	5cd14dd983c2
1780133252	1124857	1204	17440e6bcf0d	49c662cc784a
1780130110	1124838	1204	83bf24814ea9	70fe53070fd7
1780129974	1124838	1204	75c6a1dabedd	760aa77b285e
1780129625	1124836	1204	da15d5858b60	f02e29ab7713
1780129609	1124787	1203	e33c03c4df14	89978cb58d23
1780129592	1124740	1202	1e3ad52620e6	093434605c13
1780129424	1124731	1201	d8763e1884b4	a4ea062a6b14
1780128132	1124689	1200	d4c7318523a0	5bcc399a3cfc
1780126580	1124687	1200	304b93477be9	5327087c811e
1780125690	1124591	1200	4e82e3b7cf36	5d220ea85a8f
1780125672	1124591	1200	94d3d1032311	24843f3a8333
1780115341	1124577	1200	5c72763e7d8f	dbbc72a3fbde
1780114402	1124576	1200	941bda33306b	927ea1e29a1e
1780114383	1124572	1200	7a3cbba34a9b	5b799ac26713
1780103516	1124554	1200	b582c02a767e	9e38d68f024c
1780103472	1124537	1200	b46cd732cf09	c1a8bbab4177
1780103436	1124530	1200	db858d0ec6f9	c3e357ad2845
1780103414	1124522	1200	20923a57bf3d	a727d6bacce0
1780103380	1124522	1200	b3d75af82d5e	46fe6d662f07
1780103338	1124461	1200	ea5b018ebb13	a6fcd205f5cf
1780103204	1124436	1200	aae4b6452f94	0fbb801cf38f
1780099543	1124420	1200	e9c8beaa807b	dabc40eed81c
1780099524	1124417	1200	98a375df3705	40e4d6f89acf
1780099340	1124416	1200	f1e136af5d9e	c21a14b50c9e
1780099321	1124420	1200	2c1ad091088a	859adf52f913
1780099270	1124410	1200	33ebcd89728f	1ba8bbe1afbc
1780099116	1091458	1197	a75957b68b68	341c2860041a
1780098958	1091443	1197	c2641b0118d7	19a8df9007e4
1780098315	1091385	1196	965aceb4d4fc	fe28fe9e803a
1780098298	1091384	1196	beef6d2fabee	313a34dfee99
1780098138	1091372	1195	10dcd5037685	94812b5bfda5
1780098121	1091371	1195	40e26b0a1299	60b320b72269
1780097965	1091220	1194	76f9250fdef3	82ff62e3d839
1780097949	1091216	1194	ec1a71e3ac63	a4540c92fc53
1780097599	1091151	1193	13033ddbf216	2380265389a1
1780096844	1091137	1192	9e634d3ba9e2	480b535ae1a0
1780096764	1091128	1191	288573c9c925	be17360879fa
1780096726	1091111	1190	df1a52c09a13	c9637e4c0d37
1780096710	1091106	1190	8aea8e106bfc	9c5e966be7cf
1780096691	1091100	1189	37f58c111fea	2c47708e8028
1780096119	1091093	1188	453b6f73227c	d2afbcb8350e
1780096102	1091091	1188	01ea743fc0bf	1e10104a2374
1780095594	1091075	1187	68996e52ab5e	41f3d28ca252
1780095576	1091072	1187	01f6f1d0f488	5ecc927bca98
1780095434	1091059	1186	0408e2f70408	6d6b39352088
1780095417	1091056	1186	c00c45ab1d67	cf4690ba8e60
1780095346	1091051	1185	8576c5bf41ea	78f1257ef10e
1780095326	1091049	1185	28f14ac20b05	704425eb8431
1780095180	1091045	1184	3b2d22493023	43d7fb317817
1780095164	1091041	1184	98d088677608	baaa818bc186
1780095153	1091037	1183	5bd0d3cce433	c830b9ece5ea
1780095139	1091033	1182	8ffd6277d66c	3dd18d621661
1780095119	1091033	1182	ee81d1509651	a904302899f1
1780095070	1091019	1182	3756ac77c5bf	3ec33e99f5c9
1780095053	1091017	1182	4203360a5a61	6058e57e150b
1780094892	1091009	1181	2fa7d53cb818	3b6088ca43f1
1780094874	1091001	1181	21e4bec8ac06	8c7bcd591e72
1780094068	1090995	1180	d19ebc2da5e8	1a609d9cff05
1780094050	1090994	1179	c6743f232595	acad73a28960
1780093441	1090955	1178	c0fa99abe465	4e270379cca4
1780092119	1090879	1177	1c543664b2eb	645adbd4bc4e
1780090047	1090874	1177	06b10bdac8dc	e16c05c99e6a
1780090028	1090874	1177	912549c5087a	a54af8c60fc8
1780083473	1090861	1177	7efd67e8edc5	f098e294350e
1780083455	1090861	1177	648ecd787e59	018c0bfb36b5
1780082604	1090860	1177	0c27e63cd62f	ae2b84785704
1780082585	1090859	1177	91dae10c39ee	9e011a8f242d
1780074020	1090859	1177	b547006686c6	3232404ac5fa
1780073998	1090859	1177	1cdd0df7a31d	cfc8a81f06b9
1780064782	1057958	1176	77b5282be2ce	4efc9b9306af
1780064447	1057958	1176	a800b041fe82	5e52472499c8
1780064206	1057956	1176	8b29f2888257	8a67bb90f788
1780064116	1057949	1176	1fc7e2c59dbd	d41740c9860b
1780064114	1057947	1176	b8007fe87218	9947ed07ba73
1780064089	1057946	1176	2ec60487b6f0	e4bb7afe745d
1780063321	1057828	1175	2ce1d4f5d2e5	c9d2e6bc75bc
1780062993	1057822	1175	88052e950111	efb8729ce603
1780062500	1057818	1175	eea7e50cf58c	2bd4a3c3fff0
1780061650	1057770	1175	8c400f0bb570	e0ec1814ea00
1780061628	1057776	1175	d3f9bdb5b11c	12671a8f3d0e
1780060479	1057763	1175	cec0c84c6b78	0d2441ab8583
1780060219	1057782	1175	3b2d046d4151	c1797bc9d0b1
1780060200	1057777	1175	634e2b74b3a1	165e703f3d48
1780049484	1057806	1175	d13c2d0786d4	e95f5d575511
1780049467	1057800	1175	53e0f2c79613	d0f831510d71
1780049401	1057799	1175	622f0966d89c	336834d12fe4
1780049136	1057786	1175	b5a77a19ce6e	1aaa4193fc98
1780045432	1057786	1175	eb19582c395c	86730ddc6f60
1780043938	1057758	1175	b94f48616295	d9f05daafbf2
1780034401	1057662	1175	0d1c4fd113b1	49187cc9a5ff
1780034381	1057662	1175	7aa90aea946d	962022fcb74e
1780029966	1057648	1175	4e42c911f842	489ef56efe43
1780019352	1057589	1170	16bbf3c46820	097d3e7eefd8
1780019333	1057585	1170	35fe545075cd	73dbffd3d6ad
1780012019	1057571	1170	e1981c676cf1	7a6f925571ca
1780012000	1057575	1170	d97d96001a1b	d0c7d35301d6
1780006919	1057561	1170	01829158d99b	b0d722954956
1780006901	1057561	1170	74d440d70b6e	ee45c18fffd0
1780001798	1057548	1170	df3b46044dd6	2ff1f90ddeb0
1780001773	1057547	1170	2108772ef64b	f67c7f8b0a6a
1780001717	1057518	1169	bd053d9dacb3	afa9e7945fd9
1780001695	1057516	1169	fe199e03c372	46d786952fe7
1780000781	1057494	1168	fff867391615	2f7527b74436
1780000760	1020949	1167	f4c16e6ac525	a5d84b551374
1779997176	1020948	1167	703701d14b64	a69cfc85ef87
1779997167	1020899	1166	cc997c8f75f1	2eb14485e2d5
1779997143	1020898	1166	fef3e174d1be	5daa3bc23589
1779992079	1020758	1165	10fdb3cc0055	08c17b766167
1779980247	1020744	1165	a3d3b1e53381	70fa9d9021ee
1779968955	1020730	1165	b4096754f743	924f06b16ac8
1779963378	1020716	1165	a09a9127f9f4	9f477497cacf
1779963132	1020716	1165	380d261aa9ad	47d14ef9cb49
1779958683	1020714	1165	95381acfdbc4	f77f22e8aca6
1779957620	1020712	1165	f01eebadf224	20ce0ca4cf3c
1779957562	931996	1165	76baf0a4f654	c29d0e232d98
1779956145	931900	1165	053ef9cf2a75	81bdf7f74424
1779956123	931890	1165	a2de584c9d5d	0eba2d136de2
1779955968	931873	1165	dd6b57c78f2b	3d397bfbeae9
1779955949	931872	1165	b273b5e33845	fe10bb6e5493
1779955379	931524	1164	e27a3d2e3f36	d656f0514fbc
1779955241	931510	1164	56da1c2e564f	a46c3eee6f72
1779955160	931433	1163	01bdfd0b2153	8763937c74b7
1779955143	931432	1163	002d81d51ae5	7b988e69295a
1779954627	931079	1162	b568d06481e0	0964bd4ade02
1779954606	931078	1162	01848705cdec	b772e81977b8
1779954584	930969	1161	f6e2afef79a6	b39d79862aab
1779954536	930954	1161	1a6cd145be3d	a788a4ceb7f2
1779954266	930952	1161	8c2b9f2e9d9e	33f097c3ebfd
1779954235	930950	1161	18ec3b22cbee	0db975a7a754
1779954218	930948	1161	f0b2cc0ed876	477865846115
1779953267	930951	1161	8f2dde81d2d1	61ffe7a295b6
1779947113	930895	1160	a7e71b4170a2	24f13749c73c
1779947044	930881	1160	0bbf5f461d47	c527c61adcd2
1779946923	930881	1160	a9c315d4bdfa	6f4f2e3a54a0
1779942308	930880	1160	b61833c9399e	ab0bdd862d7e
1779934734	930880	1160	b0ffcbeab240	eb0b1c9bf28c
1779934713	930876	1160	4d7781f59d1b	4aea274cc06b
1779934399	930637	1159	85803577690b	06b2f73a08f4
1779933701	930552	1158	017cedcf98a7	2c49052f0c98
1779933644	930543	1157	edf1d3e9d9b2	585c87721a96
1779933298	930542	1156	2a4a9da6ee87	202a6636e81c
1779933281	930539	1156	0d078445ca31	8098c4012da4
1779933222	930495	1156	d21c9db90d5c	de3657131a5a
1779933126	930434	1155	53724bd130be	e648888ce47d
1779933110	930433	1155	e6eab2d4c269	d92135b59868
1779933108	930361	1154	bbf17b6b9fe4	f9ced02416c2
1779933092	930357	1154	1e24ab4aa53c	3772afe7cee6
1779932410	930255	1154	34c6f1435479	ff137f5322e2
1779932394	930235	1153	587dc8cdf569	85acfc897418
1779932376	930230	1153	3159de6eb8d6	365a44a764c7
1779932354	930223	1153	3a7ada4bb9b5	6a2167aa05c7
1779932344	930211	1152	2e0a258328b8	1927b00ff223
1779932331	930210	1151	f9a379ea9d32	bc8f2f175900
1779932249	930111	1150	d5cd65d02093	d2b4b2018540
1779931967	930255	1150	2c42c9b42b84	5630fbb8f04d
1779931871	930168	1149	244a44d692bf	42437e81036c
1779931853	930167	1149	ddc71385cc28	bfcf0db6b6d9
1779931660	929753	1148	d4577b5b0938	41cfd09b9628
1779931616	929753	1148	de19de777408	98e1d08754ce
1779931506	929739	1148	d7e7eee29822	a63e713712bb
1779931070	929726	1148	ee9ed931021d	47da6fdd799c
1779930853	929730	1148	86dd50603a34	01709729f4e9
1779930377	929726	1148	7d89d34c4f29	8af051ae492f
1779929190	929722	1148	148bae9080f2	7433fb7ac3d9
1779928845	929721	1148	af1854bd6087	73cf9e76be00
1779928716	929753	1148	c7d365dddf32	1108db443ec8
1779928337	929753	1148	4041abdd2d7d	d277582ced92
1779928327	929749	1148	8fbc88aa84ba	22afd223702f
1779928310	929748	1148	d65ecf607717	7fe077818277
1779927867	929650	1147	6f4fdb5a1e84	b1d5dbd8e15a
1779927849	929648	1147	a983c9fbb7d2	21505ca09a32
1779927650	929604	1145	33d173c4cac2	6557da999524
1779927633	929600	1145	df50452bb154	ae722d7d31ec
1779927610	929599	1145	02b44f8c07f7	f81af42eb818
1779927357	929549	1144	7f3ec728bc71	c17fbe6fd25b
1779927244	929545	1144	4cf0e19257bc	3a08f81e5445
1779927228	929544	1144	6332d008d6c9	016c6b4baee3
1779926582	929445	1143	08537d1bc108	0d3dfd137dea
1779925805	929445	1143	1dca90f6fb9d	b0b745614dea
1779925768	929445	1143	0a48b0f7f95d	f565ea313248
1779925729	929431	1143	1c7cd65a692b	7d11b85c1e1d
1779925709	929430	1143	7aa2f432e555	969e52ccdab3
1779925515	929426	1142	8df73a4f4052	a587571e63de
1779925218	929422	1142	98c6c3f825d3	7d480bb2af18
1779925217	929421	1142	4b9f3e1fc180	60eaaf754aae
1779925197	929420	1142	dd93ad643860	b702def4e561
1779923344	929353	1141	733316e101b4	80878ae81af4
1779923324	929353	1141	86b928f23d39	6f24c529f97f
1779922629	929343	1141	83fd2a13e717	f8c9ed0d8932
1779922152	929343	1141	7bdab2b77bc2	505a33752c02
1779922102	929344	1141	7034a68db135	e73da2cd9f77
1779921991	929331	1141	533b279b3699	3b2a4120700e
1779921973	929330	1141	6b3b3e069672	4f99fd11624f
1779921579	929322	1140	7df4278d5d5c	0b036b3d7737
1779921382	929273	1139	7edeb46c4417	b9016c7eebe2
1779921007	929259	1139	54f2324c4fa3	cdcd962a428f
1779920991	929258	1139	5ffcfac5e897	7d3ae7eceae8
1779920325	929164	1138	592572516a45	4a83869a1384
1779919247	929150	1138	cfacd4550536	468bcbb662ef
1779919230	929149	1138	087c647e2391	bd278988dbbd
1779919030	929149	1137	74e7492c4626	07747995ca06
1779918894	929100	1136	3cc7c498fcac	0cbbcf08ad5f
1779918876	929099	1136	2f7acc18c18a	2874ee6733cd
1779917784	928983	1135	82080094c5c2	98209899fb64
1779917289	928979	1135	49046c23318e	e3efff345fcb
1779917275	928975	1135	1f48dfc8c45b	4d64400833c8
1779917198	928927	1135	63899679c1d4	a21398e5ca28
1779916588	928928	1135	9721cefd12a7	7c54f27eabbb
1779916569	928927	1135	93592630e274	30198b8a7e4a
1779916555	928909	1134	c93be1dd7a5c	a833b22a256c
1779916431	928891	1134	ada96704da21	1921e4e65031
1779916355	928890	1134	cbb52d92fd1b	2c23f3f064f8
1779916336	928888	1134	050c2daca976	7cc642163ac7
1779916217	928834	1133	3ef6e63ffe6a	f085544e21dd
1779916196	928785	1132	1f00e7f4685c	937c96e71d24
1779916101	928632	1131	c02850012997	5cc83f9ec1d4
1779916069	928632	1131	b85df31059a8	fa9c5ca629eb
1779913797	928632	1131	66b99a470161	fcf05ef24191
1779913661	928618	1131	d287a3aa9f5d	80305b5ba724
1779913638	928594	1131	b0082a05712e	3b084c23f6da
1779913622	920748	1108	53822bf8cd97	934ac4ce7000
1779910663	920742	1108	ccc8e1013dd1	f3abf2f39f05
1779910072	920741	1108	32a9e1965615	cf3e85329a88
1779909018	920740	1108	8bcb74902e2c	ca238764310d
1779908985	920739	1108	4cd7b67df23e	3f3a3c4259ab
1779908919	920738	1108	434a21335e6e	54b97ca53959
1779905560	920677	1108	5b05db12be06	fffe1d21b800
1779902857	920663	1108	fbcdb1779194	1708756b4d84
1779900791	920663	1108	d6b5542b7377	5d6eef31d1c8
1779896129	920649	1108	4ce13f0da010	fde5e5f3c401
1779890421	920635	1108	70d3c8da5a88	208727b68f69
1779890289	920635	1108	1f75f5148497	ca95c902f581
1779890276	920596	1107	30dc535968d5	f351c1279c1e
1779890255	920595	1107	482985f0496d	c93673505830
1779889725	920472	1106	49b7da533518	0128313de92a
1779889694	920472	1106	c14dcdd7258a	115c76ee584e
1779889129	920458	1106	79d6205e2ee9	e6cc97dad3f4
1779888430	920458	1106	666feed3087f	2b33914749ff
1779882986	920459	1106	3402111a4b6b	67b2489e4caa
1779877859	920445	1106	10dcb21222d1	a66d532613fe
1779876894	920445	1106	1a1036eabf9c	b5ce42877ec5
1779876822	920445	1106	b0797cc7fe3e	5092fe90529c
1779876434	920431	1106	19dfdd426717	7acfa74c5422
1779876154	920431	1106	0ce5d4c4720d	45121bc6b8b4
1779872394	920431	1106	f73d27aea2b8	4b4cf72b9408
1779870910	831756	1106	9fa0e4a80a9f	1102438817fb
1779870794	831660	1106	d4dd8b31d978	df2fb230ed1c
1779869224	831646	1106	92003f485c28	602ad599ce36
1779869056	831639	1106	9e5f46d837ff	02a921dc02c9
1779868269	831669	1106	6511b041dbda	6625ee2055f6
1779868216	831664	1106	b47c5d8161d3	20bcf7813758
1779866962	831662	1106	05c4efd8ddce	f008edf938b9
1779866833	831673	1106	3030aa1e3217	2b78c4532146
1779866283	831676	1106	b3f75b0a3a1e	0626e16b4122
1779862328	831636	1106	78937d7d4381	ab3185bc06f1
1779861878	831636	1106	8a4837bbea29	cf449f3e98b0
1779861844	831636	1106	10bde88e30b3	f245a967a4cb
1779857527	831622	1106	35cddc182a16	cc49eee4973c
1779847138	831608	1106	2f16c74401f3	ad41100c5e1b
1779846969	831607	1106	3f49fc71216d	8e3dff3f1534
1779846761	831603	1106	e3a810fc3244	3cf618e45653
1779846739	831604	1106	44740721dcd4	4651635491e7
1779846037	831590	1106	0d730f557454	820e4f5eb6fe
1779843709	831584	1106	22b3bc78481c	b590d31ec4c5
1779843460	831571	1106	6c70b426df8a	f6b6242ed3db
1779840960	831557	1106	278c243ac3d0	7622d3d74f7b
1779839138	831543	1106	71e26fd03293	342e7d0f88e3
1779839123	831544	1106	4d2056ac18e1	40788f8a2d68
1779838874	831531	1106	8111ee7f7944	3df047aac867
1779836408	831530	1106	58967ae4cad0	26415c82324c
1779835245	831516	1106	cbbda2210bf9	e40fefc28f8d
1779835201	831515	1106	9b35163c13b0	0f8698abfe7a
1779834379	831514	1106	b4210535dc6e	e97ce3312222
1779832328	831514	1106	23d853af35e7	3f32e7f4e274
1779830884	831437	1105	015f2a9a10eb	3879628bd1dc
1779830186	831429	1105	3b21cc5a74a0	f49ebde33c11
1779830150	831430	1105	98aaa5a92da7	827c1b43dd6d
1779829134	831417	1105	f7a7e725648b	4c6a969e245f
1779824255	831417	1105	69345b862a62	8d9405823f44
1779824215	831416	1105	83faa8012ccf	b00d288ddf02
1779822169	831416	1105	bdd7eb9167d4	912df6a730b4
1779821323	831416	1105	606adc118016	2d50cfb14fb2
1779820124	831393	1105	49bb38feec16	b78f57925de4
1779818840	831307	1105	13738b8ab76f	d84c824c757e
1779818398	831308	1105	f89aec1cbe4a	e5bbb02da06c
1779817262	831305	1105	0ffdeb2d70f1	84948de3d14f
1779815540	831304	1105	a375e769d7b8	d739b7de95eb
1779815318	831294	1105	736598a8541d	b2c381c55396
1779815285	831293	1105	987c841a3103	4deb61f1b313
1779814813	831292	1105	e90aa8a62d5f	04cd17973adf
1779814627	832158	1105	f384fdd5ce2e	9acae8961b03
1779814502	832153	1105	249f0e55ae44	edb619fa669f
1779814436	832255	1105	b0a64d34796b	ec2ccfedbc36
1779814415	832253	1105	15b7fdd01682	3062f1f4ef0d
1779814108	832245	1105	fc5be5263c74	51492e650a2e
1779812950	832184	1104	cbc1feea91fe	bf26ba180a20
1779812356	832184	1104	54addc94c541	38f70f9608e1
1779812331	832183	1104	da529b551f2b	33e6a2a03aeb
1779809383	832031	1103	0aec91d066c8	5675594f108a
1779808904	832019	1103	238fdbea9c26	507ea55fcfd1
1779808881	832008	1103	1ff1c13f34e4	6bcf8fae8807
1779808574	831977	1096	a6484a0a7c2a	74e4c3910dcf
1779805590	831620	1094	1339f401f269	fe5b7e6558fc
1779798688	831606	1094	5e21e216569a	043f084eee7b
1779795505	831606	1094	a248e10fea94	817ba4e07a43
1779795479	831533	1093	068d85114b41	8fa55d3a051f
1779793686	831421	1092	3b09b3a22cc9	9bf6a15eea1d
1779793247	831445	1093	158df9615cb8	5aaf56f5f301
1779793157	831526	1094	e709023e4e16	363e1f1c82ae
1779793085	831502	1093	d6234d819fa7	a14124de6e30
1779792940	831495	1093	43017093794c	87bc60a4b250
1779792921	831569	1094	c303b5d01997	2b4048f345c8
1779792808	831495	1093	5af13a1fccf3	870fa3112d92
1779792670	831475	1093	12ddc19a957b	5a0d75784f03
1779792593	831421	1092	e6004fc2f5f5	9bf6a15eea1d
1779790647	831369	1091	488c91ae5e5b	cb91c020b25a
1779790645	831347	1090	c8515b3ecba7	56301ab083a1
1779790628	831313	1090	c89dbad7f96b	b1b529d10f38
1779790169	831032	1089	b948e4e6cc61	846cf06a9d74
1779790166	648739	1078	99906b3fbb8d	6ddb6b5313c1
1779789877	639351	1057	5f13ee1bb2a3	a775345db79f
1779789820	639351	1057	585c1784c5a8	3a94d2b9de84
1779789233	639351	1057	e3b755da3786	19399403d966
1779788658	639365	1057	dc616e8e38f2	d5111b650dd7
1779785617	639365	1057	f02f1197b9bb	83b9a1aaac8d
1779785553	639366	1057	c75f206d3b7b	5ac770048ed9
1779784374	639353	1057	9ed3939b0ef5	208281571d25
1779784339	639329	1056	20da79302641	cb81e5101603
1779784318	639328	1056	a3b4f49dbf12	43c71f57d7ae
1779783842	639195	1055	c8b6327c79ee	578668ede553
1779782790	639204	1055	d7567142eeb0	de59f4826d9b
1779782654	639021	1055	f2ff64644fd8	842c0f4776ec
1779782080	639007	1055	9630db372bf9	70fee40812c3
1779782005	638984	1054	f8828be60087	6e7bf463eb37
1779781983	638983	1054	e24084859bcd	d02f5fb7742f
1779781044	638904	1053	8cb74749871d	40e6a6f15c41
1779780546	638902	1053	ec8a3a006310	6efb95186ff3
1779780528	638901	1053	f8bb3872ee17	2d527378194c
1779774838	638863	1052	6e87a835a373	02701884af5f
1779774079	638863	1052	e4409f2e8322	d80c36e519fd
1779773986	638862	1052	eb277de190d3	53f41517c8ce
1779762913	638861	1052	28ba9671fbf6	93df6df09b8c
1779762910	638855	1052	97fcc542032b	b6fbb00789e5
1779762646	621288	1052	940023b36cc7	d6c108605368
1779762389	603768	1052	14c2ac88c96f	222a52f63e9c
1779762131	586251	1052	b815cbcfaebd	5ddabe13f09d
1779761873	568736	1052	4e25c4942ee8	8c1db8a1980c
1779761615	551168	1052	cafc0963c31a	03dbcc7c4699
1779761360	533649	1052	c999f5381f03	2c1ce515c172
1779761106	516133	1052	7d6cb4baf0c0	26e6b188a600
1779760852	498619	1052	5caf1406e9ee	dce77b1884bc
1779760596	481051	1052	88e7eaf791f2	d9ff862904d6
1779760347	463531	1052	6802dac6a283	50a227314632
1779760245	458013	1052	f5af612dc2d1	5b1ddee02b8b
1779760107	458006	1052	f3560f30c77f	950fae0d268c
1779760076	458014	1052	0c802b0d1740	a8c0703671cb
1779759929	458014	1052	5cf0077c43de	2a77f703f4dc
1779759317	458014	1052	83bba1427185	2bd7580a7971
1779759208	457987	1052	47a33030a458	360f23dc4b2e
1779759110	457879	1051	2f0cc1b77044	fd70354ca158
1779759097	457878	1051	7160f6cf08bf	06ff66ad7134
1779759057	457718	1050	58529c7e6d19	7cd8b1983072
1779759037	457718	1050	e7fae848d1c2	375064783695
1779758007	457704	1050	c672b4fc301f	7cfe92389695
1779757894	457939	1050	539d3dd15a17	4d4effd2c584
1779757839	457918	1049	619ef7da89d9	02dd19cd3b7e
1779757818	457916	1049	d2d26a91e237	08291b082708
1779757222	457843	1048	477b8ffa057b	7eff25a08df4
1779757083	457795	1047	1ee8a982f797	00886913b986
1779756962	457745	1047	f74a104a88ec	28b9ee1def61
1779756815	457658	1047	7f4f3bd65a95	115fa4c74971
1779756772	457637	1046	9e58786bc4ba	fbf271cc81f6
1779756759	457634	1046	a54e9ab23663	0d402ae0bf29
1779755578	457579	1045	dc7f10dd889e	e31996fce4fc
1779755258	457537	1045	4325b77e5e07	6b9f4f75e07d
1779755258	457525	1045	4ab2123acf11	a88dff3929f9
1779754969	457516	1045	ed9b8fe3a0dc	812dbdad0501
1779754956	457430	1044	87914809fa2a	76f8a24b4ee5
1779754880	457403	1043	d8e547ba0034	cae512abfa80
1779754869	457383	1042	0dc5048cbc39	48617b3e5d06
1779754702	457303	1041	a2b7882da669	c57da7dbcc87
1779754594	457283	1040	49e2ba109580	4e5e8ff2af47
1779754578	457282	1040	6b4303b99be7	0882aabb945e
1779754379	457254	1039	f88043d671b3	16be0f2d224a
1779754365	457255	1039	4daaac20587e	64c6f0200439
1779753972	457256	1040	cea4c03e5dc1	ab9a3dd53b3d
1779753959	457254	1040	f1f6284e06c4	2cc3f774966b
1779753491	457253	1039	0fdbf8da88af	d7add1591ca5
1779752939	457083	1039	1b5639e58ea9	a8ad606007da
1779752789	457083	1039	19f6b621a2b8	b71fa55bf3c1
1779752741	457083	1039	9461beb58946	dbdd63621579
1779752683	457069	1039	dc8b1f27121b	74d3b14a4ad8
1779752486	457029	1038	6f0fb577af38	ba443902ad28
1779752478	457009	1037	e0a21dfca49b	e81d0d838e45
1779752464	457008	1037	07cc7bae3cb3	663f96c37c73
1779751535	456951	1036	f24eb0b56c51	155f33acc4ff
1779751421	456839	1036	f5feb7b059c1	666989f448db
1779751386	456815	1035	fa353b80fd75	463f073f9b12
1779751372	456814	1035	9ae442232b9a	d27966dd6790
1779749788	456186	1034	cf5c4270fe7b	ae85ae3805a2
1779749270	456049	1034	cf30032f60d2	c94d7124b915
1779749161	455975	1034	82c863ab1719	f34f3c5f20f1
1779749084	455975	1034	0ae3c17405c3	a48d5733b92d
1779749081	455961	1034	00961573b207	7f50ee886318
1779749066	455961	1034	94465d23d0de	d25a9e1339d7
1779749053	455905	1033	8808f58737bc	aca34aa88e12
1779748771	455676	1033	60c124116ffb	ba2e4ccc7283
1779745825	455677	1033	73912878e693	315c102c4012
1779745751	455678	1033	2a872eb48030	00ee4bb4f1f9
1779745472	455665	1033	3b2ced45f072	a02fedd0c293
1779742347	455665	1033	154183b7c222	5de577e28fec
1779741698	455620	1033	6eb50d48938d	e8924107bc50
1779741681	455560	1033	c7b49527e3ce	55e95698536e
1779741656	455560	1033	534fd13a684c	e12d5393ab0a
1779741362	455560	1033	86a92aec5996	2d59c5461c16
1779740786	455505	1033	fb61002fb96d	dcdb92c43a41
1779740692	455505	1033	dbe1372b9ab5	1e8281b5ad5f
1779740623	455505	1033	4f7dc6eae1ab	f02ddfd89aae
1779740610	455502	1033	31bd40acdc1d	94e3ccd37fb8
1779740265	455486	1033	7eb09dfed9ac	fc173bc6b0f0
1779740047	454045	1032	b6dc552fb972	4de2e92f695a
1779739979	453995	1031	b04b2794606c	01000c7d48bd
1779739964	453994	1031	d8d5b1a1c54e	bb8bb7eee40b
1779736187	453868	1030	095278bb267a	696491f92b7e
1779736122	453867	1030	792818ef20c5	fd5cab3a9f10
1779735475	453866	1030	b04715edba77	b9189378b705
1779734435	453866	1030	9d9d3a455a27	95ed589c4976
1779734337	453829	1030	684923e2817e	eec67421a904
1779734228	453833	1030	abfae6197010	fc08c0791d1f
1779733885	453936	1031	6b3a2cbfd990	9f532cf1616e
1779733866	453980	1031	3ba92d4f9f88	85f8a25fb4c8
1779733852	453979	1031	b36b78ea0cb9	35a9a9a92bb6
1779733165	453911	1030	5819ac288a46	a474395669b7
1779732499	453819	1029	699cab31db5b	85192ced4681
1779732144	453815	1029	c6ee79d9d74d	c3988c7bf0a3
1779732119	453762	1029	b1edb74a3b46	768d88bb8c47
1779732104	453758	1029	6286cd96c404	064aa792128b
1779731658	453651	1028	cfe9af1f1220	c0ee700d07c6
1779731598	453639	1027	19ed668fcafe	7878e65af6f4
1779731519	453640	1027	1a6ff06c0e40	e48d7c2c1a4d
1779731492	453640	1027	c18f08b8949d	e671aa4e77c5
1779729798	453622	1025	f28fea23514c	8c4ec1108f09
1779729636	453623	1025	513bb0e0fdfd	1b994db5b7bb
1779729519	453577	1024	e27291bad790	98ff7417f840
1779728704	453533	1023	1f92c57374de	c5ca15a25498
1779728139	453529	1023	0297e0d9961b	df4b65619d90
1779725437	453425	1023	cf325865a375	9436b25edc83
1779725335	453424	1023	df4286daef72	046c636731a5
1779724033	453424	1023	a5c0154fac69	a0dd2051b2f5
1779723825	453329	1023	df8b5d22f5be	1ccb18a5ccb6
1779723809	453328	1023	505c19205c7f	f46f118aabc5
1779723666	453318	1022	c47ce88d19ab	224a5daa5879
1779723606	453277	1021	a45eed455e93	979cd1f55007
1779723461	453277	1021	7501b5285e00	7b6adc7ca97b
1779717099	453279	1021	0432046ce5d5	30726be4c83b
1779717084	453278	1021	cc5494e4a0df	b74068e99f95
1779716909	453234	1020	99f7385f65e1	735289ee8407
1779716192	453234	1020	b58f9aaf9fb7	1b03bee9f80e
1779716178	453218	1020	96d0f7513dfc	52d9efa27399
1779716061	444972	1004	a038305681e9	1dcacc440573
1779715825	444940	1003	f2fe0af444c3	2fca4927d209
1779715805	444937	1003	4e2bd403b099	eb4c7e0ef313
1779712600	444812	1002	4a62719ef79c	6f3f869a2006
1779710231	444811	1002	e54cde349fec	cda206cedbe1
1779709332	444667	1002	1779a4c7030a	416e81c882ee
1779708988	444489	1001	1804e2196c4d	dc1b391b7a05
1779707673	444338	1000	0a00fa75abfd	f486aebe5be0
1779706024	444338	1000	f39bc4244108	1f620544d82d
1779705782	444297	999	549bbe22cbcc	8b9e187ed2cf
1779704891	444297	999	43ad741cb8e5	22a62ad509fa
1779704876	444295	999	ba9d542083b1	2089293fa9a8
1779704312	444054	998	342fed623e51	b9fa5de4ae3a
1779700357	444054	998	21a576bf8908	2d9b2bdc657b
1779699409	444054	998	541782a035c0	4ed2e9e471a3
1779699224	444053	998	7d857add9706	9fbe565501ff
1779698410	443870	997	fb8ec181ae82	8689b70ff2cb
1779689123	443854	997	20711d654faa	74ef8ab82b0b
1779672905	443854	997	3ff89d347c4d	06b2fd45431b
1779670180	443854	997	eb7670f710f9	cf020de3c017
1779669405	443854	997	32d8a4fe8d6a	5291a925af4d
1779669391	443840	997	cbe157a8658b	2713aebc6242
1779667749	438924	987	cf56f96342a8	c148183d81be
1779667536	436626	984	6789aa25b530	a28b191a2fcd
1779667525	436584	983	02114e28cd47	40d25901cbc3
1779667135	436427	982	62c906852073	62654e974a8e
1779667119	436381	981	5c4aac8dbfff	bad35e7f0383
1779666841	436266	980	f68282514d9f	2cd824bf3fa2
1779666727	436266	980	fe42cf0ef2fa	96b000e68786
1779666711	436265	980	e661a7e71a2a	c2e9044b1799
1779666246	436243	980	9ead4a473520	30f4d3e4daf8
1779666125	436239	979	8b77906fbdc9	35022a60037d
1779666111	436236	979	ba2c94258189	3d06e75cbb02
1779666015	436197	979	e3b309b34fe1	a94a568ad9e5
1779665852	436124	979	a9c50fc61b41	dabd28be3a2a
1779665606	436124	979	3001ad5b9970	cd197cb9bcea
1779665594	436118	979	fe6f4698ed54	b8c4b02b1f35
1779665188	435990	978	fa68d8b0392a	841a4f69ae53
1779665145	435966	977	96f28d13d25b	e6c4f13eb37c
1779665130	435964	977	4f95c5d6e694	74e6ebe185fe
1779664758	435963	976	8376c543d193	0248919786a9
1779664345	435925	975	f69bf04408d6	2997ca6743c7
1779664333	435884	974	3de63afb20be	8442f51a510d
1779663012	435839	973	2707556b8028	1fedeac39983
1779662687	435838	973	8e722ca044d1	4dfb0297c045
1779662671	435833	973	0655af785017	50b095753f99
1779662481	435829	973	466f35912172	300d463a8d67
1779662092	435500	972	ad778769ad53	7a4d072dc575
1779661398	435500	972	5e8e7219a1a0	130c71cc9590
1779661384	435460	971	9c63db9b24db	62e5304110b1
1779660269	435436	970	d59e1b45a855	3005e5b437e4
1779659986	433225	969	f5cdda45e467	ba47d2751ca0
1779659970	433194	968	859b302b469c	4cd995ad1869
1779659950	433143	967	8e5cb9a5e2ff	0618ce3946eb
1779659933	433142	967	4ef6e87a3643	503ccde3f3d4
1779658517	432996	966	1a3a4dc85d4f	d5a7b0029560
1779657394	432996	966	931fd0bcf27d	ab2dd5e165a6
1779656703	432996	966	7e7b68d7826e	a0dc8590ce57
1779656047	433031	966	b5d1ac22c554	55af1691b61d
1779655308	433031	966	d97ceafa5892	481d4d349da0
1779655135	433010	966	9b08ad7b09d5	69334170569b
1779652281	433010	966	89cc1b6db249	24ec983e2e75
1779650346	433010	966	356ca261cf54	f662c09a431f
1779649456	433021	966	8305d67015c9	f7ef7701c61f
1779647211	433021	966	739736311242	4c7a54e6c215
1779647029	433011	966	80fe0a0c36bf	e2472731b47a
1779646846	432969	966	07ae02564ba5	b0c6dbd8f202
1779646138	432943	966	c2d4d366473a	aa81b0927706
1779646013	432878	966	bb4947bccc9c	3bdeced8afad
1779645314	432835	965	02b3acc58b14	a70511ff151f
1779645144	432835	965	c0cd7c7a8d68	2dd6649cdeaf
1779645129	432834	965	e3bd5744575e	cb83ba5d42f5
1779644447	432714	964	aed09559d3d9	d7f981da7eac
1779641762	432714	964	4c0f5845910b	57eeedd6bbcc
1779641019	432714	964	9ddbd26e5c5c	d0b8f56c1c05
1779640812	432714	964	8559526d9cda	fecfb55d3d1b
1779640620	432712	964	a0de88e85029	046b4aa08c84
1779638178	432685	964	1ab2a5bdc121	436c0fafb25f
1779637602	432685	964	4b6c94538c9f	bf3bdcfd4d28
1779637040	432685	964	789275e95a6c	2f35b5f9b32a
1779634029	432691	964	b1dbd32a5bef	32aa0728b698
1779633708	432691	964	57c8aaea1957	6c9530ce500a
1779627897	432691	964	239a33a02106	8998c4a76a4c
1779627803	432691	964	aa9d9a1aff42	6cedb468f798
1779623819	432691	964	247646a4b6a1	203c1a70a6b6
1779623233	432691	964	fda051f345d8	9917b8513bd4
1779620124	432691	964	7bebb7260482	c2b6b67ab505
1779617780	432691	964	25847bf97a54	2fba6622f510
1779615021	432691	964	827364993025	cf5954bb3ab9
1779611707	432691	964	1ca2bb7122ae	f5c26cadd33e
1779610716	432691	964	51909e92cd56	f58084fa442a
1779610441	432691	964	1c1d38a9867b	440bb352cad8
1779608324	428788	964	a4a579610c8d	20e3d8f63d6d
1779600949	428788	964	750496db827a	55f8ef7853af
1779597392	428788	964	ed69fc2db49d	24569d3408bd
1779586107	428788	964	5fcda270d0e0	cce8be62aa7b
1779582589	428788	964	2b458da1f09f	166b60984feb
1779582556	428788	964	9930346e1b5c	86ebb8077986
1779582343	428788	964	fd842072b895	7c7d1fd33b76
1779582319	428732	963	76a9631c362f	5f5ef781f207
1779581692	428736	963	b8bf9baea5dd	df6a3d9b3d96
1779581410	428691	963	4c655a3fabaa	468930d15668
1779580673	428691	963	ac427e038e1a	3fcac2af7ce2
1779578820	428654	963	fe2cbc3f478f	83912af75fb1
1779577886	428654	963	649a6559aa8e	d9d1a2504538
1779574464	428654	963	b24f710be529	f64f68c9a25a
1779574375	428654	963	a57c45db292f	bae72f704c4c
1779573628	428654	963	4a391ed6c111	52292d76f539
1779572855	428654	963	57400858ee9b	06c13bd671f7
1779571719	428584	963	77ddeb907f38	abb79a43c6b6
1779570760	428584	963	89d6c1ec0a21	48d1beed3fce
1779569860	428584	963	821340d2d459	70cbbc51e60e
1779569845	428582	963	9bdebfff6216	41e340dd2fe6
1779568346	428581	963	0d99d750fef3	6cc407446abd
1779567248	428581	963	f16b724bae7c	89be2e5c8f41
1779566846	428581	963	e3d08564f37f	f8cbb0042430
1779566494	428581	963	5e2b9fa59f3c	7b1e00c23f24
1779565886	428507	963	5592414401a5	74db684eeb94
1779565584	428463	961	220bf64a03e7	a09b01fb8a52
1779565542	428463	961	a0dafaaf5bac	4908c602bc0d
1779565526	428458	961	97b9901fb1b0	b74c51f74e75
1779565512	428457	961	dc099b00969f	e6f29e0fa181
1779563585	428321	960	18b8ac85a0a5	c7e0092f25cd
1779562869	428322	960	ce2b17b91612	97c01c64501c
1779562748	428322	960	744955106c45	2f0910065b77
1779562446	428322	960	43d2b969115e	eeb28d12856d
1779561458	428307	960	a8d256b25c77	241ce29b930c
1779560188	428307	960	3a47eb83de5d	3d15d0f1dab4
1779558937	428234	960	dec66d56d1d9	e5bd139bb261
1779558491	428234	960	e07c8703989c	7f7d7c4e31e1
1779558476	428232	960	dd61b498fe47	1ca10e9d7751
1779557782	428172	960	fc0aa8a3c26c	6777580446a5
1779555160	428172	960	17a88c6fe641	6d3fe666c5c9
1779555026	428172	960	6fa5e9ffff2b	c11af031e464
1779554040	428172	960	3eb5ea730ae4	b580ef80db33
1779552494	428172	960	99004043574e	221af086c2b0
1779552181	428095	958	ecf27683d8e5	6834e39d9551
1779549708	428085	958	2008caf0cb3a	a329df42b2ba
1779547059	428085	958	120cd9380ed1	d093176e5a18
1779547043	428083	958	066bb60abf91	b1bfc412a04b
1779546554	428524	958	764d211acebc	5a7f27d00795
1779546237	428457	957	cd7bad03c08e	8962e5f85ba2
1779546074	428377	956	5038c096d77d	97012cd9456a
1779545931	428283	955	6a145285c756	fcffcb843923
1779545914	428282	955	1805726cd354	24c1bd93ef66
1779545833	428196	954	7470613b4d74	a8f813c67f31
1779545812	428194	954	4e84868f9098	17987b1d04a9
1779545163	427995	953	3f198236071e	53207bc4fbce
1779544899	427940	952	052c01c7e34e	2eb986d09cd5
1779544884	427938	952	7c5f68524107	c2ecaddacb85
1779543862	427868	951	90d46df6e1da	eb341c7feb30
1779524708	427863	950	7cf23a4e698c	7add86ef8f5a
1779512188	427863	950	8fef7d2a93cc	ccc300869010
1779512172	427862	950	6d2596d93bf3	59ebc8c656a1
1779512139	427804	949	fe346747de28	b58139c14804
1779512124	427800	949	38eadfdbb43f	7808e49077c4
1779511106	427613	948	05f967864502	31b9e6ee3cbf
1779511032	415399	945	fd75f4f4187d	7ef9c85addb8
1779511010	415347	944	91174d62c853	04168dc6ea93
1779510996	415346	944	22e6b7feda25	45fa9167edbb
1779510393	415294	943	a3f56f46fb16	211cda08a415
1779510376	415293	943	e981d5a1b83f	a5ff4ec9ceaa
1779510173	415064	942	30384fff9f57	a49c5128aefc
1779509461	415028	941	759bee881162	231d9fa6ee72
1779509448	415015	941	94a2ed194df4	647cc070eda3
1779509211	409351	928	0f1bdda8924f	b25000b1f6a3
1779509199	409284	927	2fe0911ae897	0f940d533f6b
1779509185	409283	927	3b015742aa05	d048b31378ac
1779509175	409209	926	83eb7d3f8a68	b34cbe1d3e9b
1779509159	409206	926	76c385907c42	f4ec41e825f4
1779508860	408736	925	3346738654f0	3fa48b5a2574
1779508673	407912	923	0a99b368160c	7d284b181663
1779508660	407911	923	f90d9e53965e	270bb3366319
1779508281	407621	922	d20e1a5c6e8a	c490558948d1
1779508275	407566	921	abea8ceb0fcf	fa17f5d5fffd
1779508261	407565	921	cc826cc5479a	df8fe20f1438
1779508255	407513	920	0a6b0f2bc63c	09f3a6e6864f
1779508241	407512	920	6800a55f3fd4	11b8d4de0988
1779507421	407146	919	5d46a1b0b422	b6046c856d82
1779506647	407140	919	0013a774e3d4	19c11455f4cd
1779506633	407134	919	2b7fdc046ba7	23c902e8743d
1779506543	407203	914	7e4e009d6f92	b0e0dc9aac0b
1779506352	407199	914	73d53bda4d7a	9362bd12a1f0
1779506207	407140	913	7ac73e246864	6d57bb02b5d6
1779506191	407139	913	c38d0edb5868	793435aef459
1779506181	407070	912	b0970a87a453	2e4bd87d7f1e
1779506166	407069	912	23a5eb449ac0	a2e6a22609ee
1779504972	406436	911	551cbb2c0e9d	8d1b5f5f04b1
1779504953	406430	911	ad4fc19e31f2	056550a0e2f7
1779503647	406109	906	50a6a43bb5df	3488644ea2f4
1779502724	406056	905	78175d9b5f8b	fdff713907bb
1779502707	406055	905	13a1d679aafc	22b7e0a0c2ad
1779502561	406025	904	66dca16ccf59	f78332215a45
1779502539	406024	904	07f8c0345527	4d87316d0a89
1779502045	405765	903	0375df0c9769	8a1b35ad6d85
1779502032	405707	902	312be456146e	9c9a45100885
1779502018	405706	902	c877c9e2d248	6ba4ebd9e6c8
1779501587	405656	901	c1dde6e07637	43d76588044a
1779501572	405655	901	b7f7402c479a	3f8f38919b6b
1779501069	405202	900	36816d49adc3	095687e2f979
1779501053	405184	900	108c4189e23e	d9be13915b40
1779500726	399462	884	8e04eab52975	20408a46e5fc
1779499819	399395	883	5296d842cb9f	2bfb849dce80
1779499800	399394	883	318b033db14d	09f4439aae87
1779499788	399349	882	fa15ebf72fa2	78044c08f3f9
1779499774	399347	882	cf9273a92ef4	4566b505484c
1779464454	399080	881	22db303857d9	bf489b8a9217
1779464400	398957	880	80c49e36ea58	ff3c058fa0b1
1779464328	399006	880	d9f0d8ea0c4d	01ed2eceb0ed
1779451766	398945	880	3627e95fa9ec	680a2f53189b
1779450701	398945	880	d7b0d5d01dd9	8c0118b37387
1779450684	398944	880	a4d49df14ba7	499c0c8f709d
1779449918	398822	879	82c0d4988ed8	c9a672f5e9a9
1779449903	398817	879	7b547768ae5d	3ac5ac1ba8f0
1779449282	398812	879	be5070e4eb49	466c38c0eb9d
1779442613	398767	878	0b985841282b	21fff59edffc
1779409217	398767	878	20a0ff7f7b03	95f3fe70d139
1779408953	398579	878	b9589f94673f	408b9aa0fdad
1779394085	398293	877	14379fa93ab8	f08dab8000c3
1779393916	398063	875	a559652dce11	71f3a149750a
1779393798	398008	874	68192958cb49	e44b2a24a6f9
1779393774	398007	874	ffb7e8cd0457	a0c118480a9c
1779393464	397553	873	44d1cf9f0c7a	e66575ca7e2d
1779393438	397498	872	408c6313ed84	4b287f6479ee
1779393424	397497	872	21cf4619415e	649d851b97ef
1779393121	397085	871	e03eced0393c	41bb7825e1f8
1779393098	397083	871	01d6012ee147	d7c493fca843
1779392443	396617	869	8e121d1c634e	da94f9cfe348
1779391348	396563	868	36090bbb728f	3124973968fa
1779391331	396562	868	261498aa5a1b	fe0a01453660
1779390945	395991	867	9571838da959	517c8356060a
1779390929	395989	867	52a8fd38ae78	0ad419640784
1779390340	395608	865	a8b136b0cc85	864861937fb8
1779390249	395553	864	a550a9c988c1	69c966e335ad
1779390232	395551	864	a194b76851c9	e3637922c51e
1779357071	395054	863	eeced6448d16	efd556a1e0bf
1779320642	395054	863	c77b5829592c	c05ebe75e9f6
1779320456	394958	862	ed767a50e998	402a6826d40f
1779320372	394910	861	66331939d30d	6eff8d5156c4
1779320353	394909	861	cffdce3d5b8d	a5d9ba9b34ec
1779314180	394758	860	5040330bc26a	8d638eb12ab9
1779314137	394710	859	d7388026d6b2	11301318662e
1779314123	394709	859	7f9d5582d7d9	a31d321bdcab
1779311565	394560	858	c354f93a5916	ede82904ab66
1779311554	394512	857	025acc25a8ee	0ce23ee80446
1779311534	394511	857	30925d435dd7	979cd5a84ae7
1779310529	394370	856	d3ea5e7e3837	4f15fbddb16b
1779310513	394322	855	c658d96b0a12	468895e2acc3
1779310491	394321	855	f19d815dd88a	b6be5dea47ef
1779309808	394227	854	903bd400284b	25fc017dc4d3
1779309791	394225	854	1540acef1e30	9a6f01dad28b
1779309574	393903	852	a5bcef411535	ce925fc5954a
1779309557	393847	851	462682367b41	ed6f3b85853e
1779309541	393846	851	abd662f18f66	ab953cc5a065
1779308439	393392	850	78a853200d8d	9f6443cc737e
1779308417	393391	850	3dd931b07298	0ed828ebf618
1779308292	393324	849	d2c076b4e96e	b9b4687cf80f
1779295477	393276	848	b9fab290cfef	535e666591a8
1779295429	393275	848	b76ab1194b15	2500f6edf688
1779279727	393100	847	8284f23c5657	4bdc820545c0
1779270169	393390	847	71b8ceadcf39	b77903f72ba7
1779269262	393390	847	e1915930e3f6	6d99a7a6cd4d
1779269247	393389	847	74c07a0db770	83e9b6264caa
1779235789	393099	847	e32728b87692	906bb7250cfb
1779235643	393099	846	16fcc98a5cab	95266e1a99e9
1779235628	393098	846	bdaf1853d573	485d9ccb9014
1779235533	392654	845	a6814fd23cf5	0b1cb2783021
1779235240	392597	844	beba04a252d8	1eb84e260d79
1779235224	392596	844	6bb34a6268db	d00c1273b9a0
1779231398	392163	843	d74cdb6b3ae5	802bafc5ef58
1779231380	392162	843	88c899177ecc	5ea55be2d57d
1779226967	392000	842	8bd46c7cee1b	9f299a07c28d
1779224416	391945	841	ecff04073a46	cb9e02bd1f90
1779224401	391944	841	eb96169e254f	df4c4d4aa2e1
1779216740	391730	840	872975b517d6	11cd088440f3
1779216721	391729	840	6eea928bde81	7e7c26d99865
1779216281	391079	839	e68bb0a68fda	41c14cd8f2a2
1779216245	391026	838	1fb5d9f2c03d	c2bef498e2c0
1779216216	391024	838	55ebff281298	5283325ce2d2
1779215824	390572	837	a86d6302f72c	ce39bc4edb58
1779215640	390101	836	f5fb103dcb82	003265f047b3
1779215123	390052	835	53cc07e60692	217d77fe4272
1779215099	390051	835	fa81311330e0	8820885484b4
1779214746	389737	834	2bca49f8b7dc	000183df2ada
1779214729	389736	834	3ef14344a396	2731c03e29bc
1779214573	389740	833	eea842aec762	9308eb9c12b3
1779214566	389691	832	471b85aa51d1	2a8733cd7a07
1779214549	389690	832	95efebe9bc99	629c532b72c7
1779214344	389574	831	e2ef13b250f4	2d2f2fe65b3c
1779214324	389573	831	078a258558f6	d9b4ad3dcb55
1779214102	389555	830	bc805b267c7a	711332b6081a
1779213675	389506	829	8b27addf0339	f7100e258b2b
1779213657	389504	829	a05b279fc638	68a08bc81ee1
1779212149	389409	828	638c0ebf0291	01a82645fc94
1779212029	387117	827	73bab9ff7aa6	e1fa2da3e51f
1779211894	387062	826	d3b09a4510f8	e1cb2fe6d245
1779211873	387061	826	a3cf44bf7271	355ba960f14b
1779207173	386678	825	40a450d62cd3	ce5c57738661
1779207152	386677	825	fbaf7a42f8ad	45ef05565893
1779206947	384926	824	ac4fe0f772ef	569b1af97156
1779206918	384861	823	89392ae9e2fe	93d6ee1f9b1b
1779206900	384860	823	c0f7d7327165	d430dbb08550
1779206756	384478	822	1c300a8807a8	b8638a8c3076
1779206750	384425	821	82761fc15626	38a704b13e7d
1779206728	384424	821	600fec26c0d6	0febd49ba283
1779185416	384122	820	a66dc7ee21de	961b88ec8dcd
1779185344	384102	820	b2b50faadd5a	102444d775ec
1779184498	384082	820	4d6d3d60e1e0	86542329f959
1779184045	384082	820	191a8c8bebaf	ab9378d06b86
1779184028	384081	820	556b8be1985e	28b3655a6308
1779183766	383977	819	9557be36934b	c3724aca5596
1779183743	383932	818	8f8ab5ac28d7	1d652cb3df92
1779183720	383931	818	937985e0125b	3c3bd31dc407
1779182676	383705	817	8d240084f5da	28687c2a5ce5
1779182655	383704	817	f2a8d3a0f839	021549fdfade
1779182498	383676	816	d8d71767b431	396cbefe409b
1779182488	383631	815	85bc5adf730d	a91a9906c605
1779182469	383630	815	3ded899dc547	d7bfc3368a7a
1779182213	383524	814	95749eb2669b	9fa5a16866cc
1779182195	383523	814	703f5588ab9c	e3e87515549e
1779182038	383495	813	e4d5903aa708	bed5545d454b
1779181950	383450	812	f9c1927150f1	28f593699443
1779181927	383449	812	1aab0fa31ac8	3327f17348f2
1779152362	383343	811	0fb0a0693715	7fa0b74d302b
1779152213	383342	811	00a83f1371ca	c3114995ac35
1779152198	383262	811	b44a8040d219	f68e4576c55b
1779151839	372272	751	10f8bdfb9a79	bc5def0d7d3c
1779151748	372213	750	685a84bc5cdc	0491fe246a39
1779151733	372212	750	b36fb15df53b	65d73411d95c
1779151699	372085	749	9a42f104502f	552a5607d2fe
1779151685	372082	749	823ab758c437	f65aa8c1d347
1779151474	371887	748	e67bbe412930	6d1f02de9767
1779151460	371887	748	9708624c3c7f	3c347e10f5dc
1779150995	371757	747	66fcd0d0b99f	3c9680631284
1779150980	371753	747	bdf2744a038c	7552dc04afd5
1779150858	371668	746	2c09c2469bde	cd7b3b58be70
1779150628	371592	745	48c944f3aa79	7a7603dc77b6
1779150605	371592	745	043d0bd26180	f9d1c2617d3b
1779149968	371509	744	cbc4591c4175	13f287caafc4
1779149953	371499	744	aa1331bd6a37	8211d26e8e07
1779149809	371392	743	c865392af6e9	e495ea64d63f
1779149790	371392	743	00ff59000500	3c68ccfeb7d8
1779149670	371392	743	8baf8aa02cdb	27aef992e24f
1779149243	371283	742	4a364635ddc8	fdc595379c0c
1779149156	371283	742	83238790e43a	bd629a551bd8
1779148888	371201	741	db1c686bbd17	44da6d363042
1779148837	371201	741	381a2be9e81a	ade920dce80b
1779148271	371048	740	af4f25cc77db	2f6ea4046cb1
1779148160	370736	739	3348c5f96303	6edd8412a8bd
1779148095	370710	738	ebf69da6eb27	38be6990bdca
1779148079	370707	738	e9948c20a936	b9ba200a84cc
1779147910	370598	737	d6eb0c426990	2008f5b2402f
1779147881	370598	737	5bc7544e5ec3	76cfebf4c698
1779147369	370455	736	cb8e96bfc3c9	744fefd54323
1779147353	370451	736	83a04f457a42	dac640c47914
1779147230	370373	735	d4910445fcd7	2626e72b6f77
1779146908	370371	735	b2c1d8e477c5	0cc849d3b0b8
1779146840	370371	735	6ed6fec5c2c0	c8b958008a97
1779146533	370307	734	e4cc6f601900	63e79bf95cba
1779146481	370307	734	46293c166b66	6c2eafecbdc7
1779146464	370304	733	cad3c06dd7a1	dd8e4aea87de
1779146458	370323	733	7e1b406d7865	b2f474af9132
1779146443	370317	733	f80151d96e32	d42c059ea168
1779146291	370109	733	4fc7a3ef196e	174e5993df60
1779146164	370055	732	c4388e7f765c	e72c1ccf7b70
1779146152	370044	731	87437abae6af	5ff1c2277615
1779145984	370044	731	c4128b6dfe2b	6364600d7091
1779145892	370033	730	8728a1a3da94	7b6d04bbebd9
1779145553	370031	730	ef9361ae21bf	a4251213df1d
1779145539	369953	729	7e1e5cac05eb	b428588458e7
1779145478	369682	728	178314b5c5c7	99d849d566ed
1779145464	369683	728	bcd79949f5e2	43e8d720df4c
1779145321	369706	728	430ccabacc2a	2dc4cadd713b
1779145304	369705	728	5ad1f2319622	32878870a4fa
1779144495	369682	728	114af0318dc8	978e00441fc8
1779144480	369675	728	571078a40cbf	51039051d1e8
1779135390	369646	728	10971477d3a1	82bc4991acfc
1779134091	369610	728	e01b86ba97db	b197f960a600
1779132986	369561	728	b7b726e09711	302d14ffa2c6
1779132925	369569	728	fef0a3a6cf9e	30c27e12d3f5
1779132846	369608	729	1ba31235b15b	a081a88053f0
1779132419	369612	729	fa75b41abdc7	a4b8497f51d4
1779132395	370053	729	d135599c477a	fa299ab6ff9b
1779132332	369973	728	15bec8844e27	5faec71a82f7
1779132307	369833	727	3e63291a14ad	a926058eb261
1779132282	369679	726	57bda35aa973	db6bf32a73c7
1779132262	369500	725	57be92761185	2b5c9d4426fa
1779132235	369361	724	58bb977ee9db	61f7958c217c
1779117768	369292	723	71e0a9e94ac7	c5e28800a9a5
1779113576	369100	723	d8f2e126be17	0b87fb779a96
1779109895	369288	723	46f43ca58e84	5a97d1ff7a7e
1779107929	368808	722	2004c293783e	521b5fe34f50
1779107778	369207	722	05a2f93042dc	c105b1bfa754
1779106977	369064	722	926a60d767b0	838d613189e6
1779106959	369057	722	d6ecda35a167	b881dd4ccedc
1779106429	368995	715	1bec450daeae	f0737547db78
1779106259	368953	714	490d30b051ed	7910c6cddb7f
1779106241	368952	714	5f8736e33d60	3c6f075b3b55
1779103467	368721	713	de58e903e26e	b03c35f22521
1779103446	368720	713	26949d305fe3	fcf8275f6c3f
1779102769	368719	713	18c07eb72b40	2b7ec44aecec
1779102591	368700	712	ace710503351	45f3faf9ad17
1779102559	368668	711	f3a42acdfc7c	367828b6c4db
1779102543	368624	711	3b042fce590d	30ecc33450ed
1779102364	368574	710	bac975d5f5ef	cc9dc76fc74f
1779102159	359727	675	bd6c56999118	4a36a3e4193e
1779102142	359695	674	2fd55f853dde	a6c64c3533e6
1779102127	359694	674	72ed9f93737b	25d9ed5dd6aa
1779101754	359456	673	ebddfdf624be	459cfffd53d1
1779101734	359453	673	72b3ab940f24	5e4e06653e3a
1779099248	359453	673	bae970ca022f	4880c590626d
1779044624	359453	673	9b36448eef8f	593e37add87c
1779044475	359453	673	7b828f755bc1	14415a1d3198
1779044250	357379	671	800b90fd9393	d117c2c91f3f
1779044236	357354	670	1c0ed1e2dccf	559cd17bd454
1779043782	357247	669	b2bf6d9f766d	1e66983ef8cb
1779042792	357182	669	683e03bc53e4	79635b506095
1779042773	357178	669	19bc95aee172	e2d6415bccd5
1779042502	357175	669	4cbd8e37a419	0e38962a2d02
1779042367	356913	667	09f59b49838f	4fa5f342c590
1779042261	356910	667	800c87be8c5d	12b59a037194
1779042069	356793	666	3fcf28b1793b	26ac96e870e3
1779042035	356762	665	97fb1b947073	ec088343fff6
1779042021	356736	664	084c830ab81e	d7d5ad0fba21
1779041991	356710	663	ff01c9a23ce6	f01c946fdc01
1779041963	356684	662	b6d6e11e3bc3	ed77aa1e7fbb
1779041944	356658	661	0dfe0e06ea4c	a9a49bc5312f
1779041942	356640	660	11585f959682	dd221369f571
1779041924	356639	660	e876cc3a01bf	dcc5fcc684a2
1779041882	356468	659	d95d84540a05	706f9fb0e4f6
1779041862	356467	659	2fc32775d5bd	92997305ca8a
1779041853	356358	658	1dc5b0454b0c	adc9e6a1a13c
1779041837	356356	658	9cde02db39ad	d743d23f7dca
1779039657	356230	657	e2dd55d068cb	b953968f84e9
1779039417	356187	656	e9bc37dd553d	ba3296603329
1779039415	356162	655	bf431b1ca6b2	6afda8bb1d78
1779039400	356160	655	ae270a8e299d	7b978f13e1e7
1779037552	355807	654	64cca73f6dc1	2053d4b5dd51
1779037327	355683	653	9b79247640ab	84bc699d4bc3
1779037312	355682	653	acc6840521e0	217f3f6d64d4
1779036838	355645	653	5a5a6ff51fec	3f0edca48029
1779036824	355620	652	384bcd4b8add	fdff39a3eb9f
1779034526	355283	651	1553c6a254fe	dcba1dbabb36
1779034509	355276	651	0a3755871530	df272c8e015c
1779034108	355275	651	c876e113c6db	28c9f0d77882
1779034094	353824	645	943feb99fe47	d247894d512f
1779034076	353770	644	f54fb112703e	4582dfa3ca3f
1779034000	353744	643	83d5c2ebc316	ea4e5879aae5
1779033984	353743	643	f2a8cff0632a	382b7c4bc545
1779033929	353741	642	2ad5b0a1ddb0	8e7ba89ff276
1779033908	353740	642	b78c70e45bf0	c74ce62ddbf1
1779033877	353635	641	4c763fe67d07	ad8f3891e280
1779033863	353634	641	18893c8434c1	41093240f308
1779033828	353551	640	81ca1d0c6534	8ca5ad0b4f3b
1779033809	353550	640	bd2416e9d846	a3f38bccf62f
1779033772	353522	639	d8a4dbe32438	9ab3fa42bed0
1779033752	353521	639	330ce1ab4104	67c6222f35c9
1779033733	353446	638	dad94edc08d2	b51e826c0d7f
1779033717	353424	638	9ffae2229fb8	edca65ff9fd6
1779033487	353400	637	6bd169416a7b	ad5ec166a7da
1779033227	349207	617	7edc9ca9edf1	525bd548edf8
1779033221	349185	616	3aae6054691c	71e0f869fe01
1779033202	349182	616	23d283018065	551dcb6cff20
1779032294	349051	615	f0908fa165cc	eeb6e44fbaea
1779031811	349046	615	f956f68c16b1	06e91513d824
1779031797	349007	614	0c9860a95177	5b45242a610d
1779031618	348935	613	dbc3c48d1bdf	bf041dce78f0
1779024781	348897	612	a2512f05d2f2	9e357730d8e3
1779024247	348891	612	0e6baa7efe11	43881603eb97
1779024050	348888	612	d241cfa57ef5	8d0b1d003395
1779023912	348881	612	9278df2f3d6c	8e8009ec8cc5
1779023898	348880	612	12f4f32116af	1e1cff43b509
1779022833	348879	612	d9ea5852fd39	b78490800708
1779022828	348830	611	3d050b83c733	9b1964e9052f
1779022811	348829	611	bc00c5e507b6	a11aa788b677
1779022372	348778	611	e5db116a7535	9d44198c049b
1779022241	348694	610	ab55ef164754	c53e52f1ecb8
1779022187	348663	610	d6156739379e	1e23b0404deb
1779021689	348635	610	7484b37f9e58	f4bac4455118
1779021660	348611	610	4810ffd3c7ce	4c16edc64a7a
1779021645	348610	610	1e7696288258	993870768932
1779019719	348606	610	7e1ae9a21b63	e255f9d12d08
1779006399	347845	609	c2ba042c15ee	8635a0233223
1779005291	347845	609	3c31f4bc297a	da5ce68c6d9f
1779005276	347826	609	64439742f254	c3b3a28b136c
1779004493	347756	609	4d084a192387	e9bc5b06fd9e
1779003763	347756	608	ca1b4bb515f3	5bd87d2ba905
1779003751	344584	590	374870526947	9949b0969ad5
1779003745	344549	589	352a185d2a24	c7204a877266
1779003730	344547	589	2c047230a408	092444706213
1778986505	344397	588	f1522f131eb6	739dbae50a11
1778986486	344303	587	e0024750b0fd	558a30d3a6cf
1778986471	344301	587	83b3139e8ea3	211e64d53ba8
1778986436	344005	586	f344d0e1117f	196be22ac9f9
1778986423	343783	585	6472d55698ce	4671d8167f5d
1778986409	343782	585	e38275d9c0d1	e2adffb05682
1778986097	343692	584	4f2efdfd1c7b	65a9e1df1399
1778985719	343670	584	e66b442a64b6	d326a4dc87cc
1778985643	343737	584	a91a5a5ce99d	615c9f41a1a0
1778985580	343776	584	59567ca28951	4b5acf46952d
1778985564	343833	584	68d58372b67b	d8c190a88105
1778985546	343832	584	7bf5616e506b	e11fd7131375
1778985049	343834	584	aa11ccd03055	1696f971d1fc
1778985030	343759	583	a487964012ac	a17dfeffbdb8
1778984973	343692	583	53111bdc6bbb	7a5092698c1b
1778984931	343653	583	249c5fc287a6	269ed353d6cb
1778984869	343596	583	2381e2914e80	327e60ba3ecf
1778984428	343594	583	4dee4f4ca7d1	59723475c2e0
1778984373	343595	583	389836693e06	77db2eca6397
1778984356	343594	583	47367f43af00	03a0bdec7e95
1778983754	343594	583	496ae4d6d74a	3e51d0235306
1778983739	343545	582	38a4408fdc10	5712379f6840
1778983669	343506	582	a19387975793	deec192863e7
1778983621	343496	582	07d0b4a5a818	0f26f53f0263
1778983604	343495	582	a3c82128fe6a	745f166c893e
1778983051	343494	582	19e9a3c2a611	c6868487c581
1778983034	343446	581	45b8455e4a77	beae33b38f33
1778982872	343375	581	8c52a27764cf	90c7dc8bf93f
1778982846	343352	581	c3bbf7962736	9547e05e3eeb
1778982611	343350	581	9a32c868f8df	44d7872cffb1
1778982585	343340	581	c61a263e49a4	d26dc410c208
1778982577	343335	581	07a436b14107	c1124b26d41a
1778982562	343334	581	6ddbd6492deb	093e895d4afe
1778982326	343333	581	3fed15c3f847	efcaf55f8043
1778982311	343280	580	9f1acba028fc	ea9bd04a59ff
1778982280	343272	580	6bdf5b26b769	e1f17846623e
1778982251	343211	580	563aa252507a	08f5fd51c74e
1778982242	343208	580	c14f1ecc71f3	bd2a80b49da1
1778982226	343207	580	345ca992b8b4	8480b829c84c
1778981769	343205	580	a1c4e38d8088	05cd567a8b61
1778981753	343164	579	8702b0158527	21b34301d7a6
1778981677	343127	579	8989e487ffde	775cb9d72089
1778979683	343115	579	46c15f82769b	30d34fe5c099
1778978730	343133	579	810d5a0dfdeb	004b8bfd3c3a
1778978716	343126	579	600bb7fd4eb6	8b0253fc3079
1778978494	343121	579	a251bd530b13	71f2d07834d8
1778978482	343846	577	9a6d5cf4fca6	b99588b03370
1778978469	343809	576	58b1427c3e10	4068d96134df
1778978414	343655	575	b146f27dcfb6	19f5a8030dbd
1778978404	343647	574	beb11d01172e	7f39872e2e2b
1778978154	343595	573	fa3be680570d	32bb1094c290
1778978137	343594	573	ec8651227ed4	477151b191bf
1778977995	343582	572	fa65efa1e5a8	1a924b0467d0
1778977968	343576	572	d5845fe9e606	ade3de509018
1778975183	341428	566	a35000503656	c32854a941d4
1778975169	341419	566	d2d4fe806550	6b584ccff0ef
1778974591	340677	561	f09f0a885330	0a8715ad0a9f
1778974566	340680	561	952c0cf12139	8152e0ee39a7
1778974547	340677	561	1b05e5389f61	0a8715ad0a9f
1778972837	340774	564	2b2eee35ad21	ad32bbd65cbf
1778972791	340599	564	6f6e2a4e18a6	34beb1252c3c
1778972773	340594	564	c73b4bbea84a	501de9a451e6
1778972629	341044	563	3b9b4b337b7d	8dfe36f8094d
1778972329	341044	563	3af397b0ad67	bec057d20ee2
1778972028	341045	563	a7549330e4b0	d2e2ac48bcdf
1778970818	341075	563	6d2474d61ef0	8d0724807eb2
1778969839	341117	563	ed9d8e13a732	8eb8e2432fa0
1778967406	340723	562	bc6884a01b96	f8a0ba788de2
1778964592	340680	561	9371842cdb4e	8152e0ee39a7
1778964576	340677	561	83e4872981d3	0a8715ad0a9f
1778964323	340650	560	71c3f2c5b37d	ec92435770dd
1778963131	340563	559	3e70ba27d35c	16fef6cd3628
1778962695	340562	559	6ac751683104	bac6e1d0456c
1778962680	340557	559	22170c58d8e7	51bb22283f26
1778962574	340446	558	8f34792a6e22	5bb1cde9a58d
1778961530	340228	558	ae626d3d7407	d1488962d30d
1778960495	340071	557	380b9bf495c3	50b8820d637d
1778959850	340041	557	5107e6541f1c	e6571be0c28f
1778959419	339874	556	307f0c3f8847	ceea97b49c5d
1778956638	339949	556	66217a84f0a7	d97c760e0784
1778956623	339945	556	f116b87e6203	cc6bbe2096ae
1778956106	339781	555	8f7cc7953185	7f1078aa45dd
1778952161	339782	555	0f4469a5c34b	fd11f5053a76
1778951246	339778	555	ef225869c935	e0c9e5de77e5
1778948880	339836	555	1e77eb7a7a59	71b334934dd6
1778948204	339794	555	fd28a363cbe9	ef8bab5f6706
1778947753	339792	555	81df6415a4b3	05f97cb0d414
1778947194	339588	555	97eed50ae1d2	9691454adee5
1778946945	339751	555	acaca45c9157	014c299deb86
1778946733	339540	555	d6a8f85f132e	bcaa1e73dcad
1778945670	339539	554	3978685ab827	44c1687dbe0b
1778943994	339442	554	a07532900cfc	352b8b4d00cc
1778938241	339114	553	76880215db21	cec9a9ee41e4
1778938225	339111	553	76c05b9d3d17	53211b02fabc
1778938065	339069	551	a8530ba28c48	2823a6a779fe
1778933420	339066	551	200225d6d7d1	1cd735e7f02b
1778933160	339027	550	eddaef561792	1f02eef1e6a7
1778933140	339023	550	f9b3f945bbd0	33896eb0eb04
1778933108	338940	549	bca961d00fb3	cf5329d6eaa7
1778933092	338942	549	b96d6a84a22e	b4f2a956a2d0
1778932948	339025	550	b899f3aa04dd	9128dec3b8ea
1778932928	339023	550	e6949b87d8b6	eeaddcaaae1c
1778932659	338940	549	c728c950b1c4	cf5329d6eaa7
1778932273	338943	549	cbb93ea1993e	2f8e92833c1e
1778932252	338941	549	1427440d9b6a	cb384e94caf8
1778932117	338919	547	2a98cc43ec76	e803fee58f88
1778932103	338914	547	cddc13e4caff	487349feb7b5
1778931495	338897	546	69b58db546d7	18210d538731
1778931404	338851	545	a6ce944f9bd4	501956f5013f
1778931390	338838	545	b1cb19a68c4a	8c6f533f98a6
1778930879	338821	544	7a75ef76ac8b	96f0d34677c5
1778930557	336693	544	f337a4e9ebde	3d874d7f7c8b
1778929945	336692	543	ca57229110bf	f88ffd8bdf05
1778929621	336666	542	9c38ab04ab1f	9acf957b871e
1778929254	336619	542	e439135fddd2	90160cc7f89b
1778928017	336586	541	d24f53a90038	9de1cb2405fa
1778927906	336584	541	00186f4cb86d	ad1afb838623
1778927647	336467	540	10fc1d9189a4	70889968d5ad
1778927633	336464	540	e7efbe41e9e4	cb59f5cf28e6
1778926975	336416	538	9cf6ba821990	c4a1e4be020e
1778926745	336377	537	2cf933aefd2b	09288524ebe2
1778926729	336372	537	c6cf77f905d2	d04a54737a50
1778925975	336297	536	e9853f133027	d767f1be16e1
1778925845	336206	536	742209743453	7ab9e032b3cb
1778925326	336203	535	8aaf24a35e83	45dc5098043b
1778925306	336200	535	e6c2eda6ae6f	9dc352c0e461
1778925069	336185	534	6bb0ccd0d8e2	68d6e417a6aa
1778925043	336164	533	6b4d145974a1	9764f73c0e57
1778924942	336185	534	0d610e958fbf	276a17b3ff0c
1778923089	336164	533	ec7af10b2cd6	9764f73c0e57
1778923068	336163	533	f694c0f6aa04	251927bd059a
1778922928	336169	532	82e7594196b5	e82507bd4844
1778920356	336137	532	65a506f770fc	7ca5b2107499
1778920341	336134	532	48d4dac4319d	e1f401533f8e
1778920133	336097	530	b51aa27353fa	de62ab18febb
1778920116	336099	530	d7fec17bcd1a	da02194a6ad6
1778919756	336040	530	f31e51b03a35	35b85ed0cd3b
1778919459	336037	529	b5abce1c25b6	a6ce4af78898
1778919427	336014	529	2d458eee03bb	0c4d4abbda6f
1778919406	336008	529	a6fbfe1806f6	28e65c271013
1778919236	336007	528	211e8561d1c8	34621ba52b63
1778918993	335887	528	ecb11f7fb1eb	8060d6d4dda7
1778888096	335887	528	6649d65899cd	b49e7679b984
1778887962	335730	528	88f16d127114	2122be0f86ff
1778887731	335718	527	6cdebf272b54	bf5ecf5e5ed0
1778887684	335712	527	c24308012539	9bc061669358
1778886905	335711	526	35d6d0830e04	0be8e9bad591
1778886889	335704	526	3575f03d8a05	8f3ca810bd3c
1778886755	335247	524	edaa9eff7ef7	e642743f288d
1778885998	335265	524	5420c9170047	c55037485b33
1778885107	334735	524	3b669396d413	703cb80e501f
1778880387	334734	524	f7c0fa981c4a	d9122b72fd6a
1778878944	334734	524	cdfb75799824	d9122b72fd6a
1778878910	334720	524	cba7d683f2be	7cdbc79c2171
1778840437	334719	524	fdaaf9d68eea	541935d528a7
1778840244	334718	523	109c02030b51	79708e683f83
1778839949	334717	522	0b956f3d4c69	cfd6a38f2a9d
1778839929	334712	522	0b70dd9d8bef	d535c5b8b3e3
1778839443	334694	491	7fd37e278c2e	6c76165e3a73
1778838851	334000	491	c742ee56d11f	9715a61d21aa
1778838749	333975	490	5912bc58932c	1a08e1b96371
1778838704	333891	489	5c07c2a9ce2c	06d46e431a7d
1778838689	333890	489	977fc660a5c5	08e6dbcb2187
1778838101	333574	488	ea4502cd1c48	1050ebf3edcc
1778837839	333574	488	f69ea70885ca	f35547699633
1778837710	332321	488	122b064487aa	cb9d09b278a9
1778837405	332121	488	534a2c8a39fd	4faf9254ca59
1778837390	332121	488	a990a2487dd5	cd990baa1aa5
1778837387	332121	488	11d23b76a1b4	5c73fcbf8363
1778837365	332119	488	c5b9c688358d	d01f7869617d
1778835276	332118	487	ff4b4fd81d45	08f889145445
1778820646	332118	487	fb663443a3a7	05acaaeb1a69
1778793784	332118	487	ba47e386899a	aaf1e2cb71b7
1778792588	332313	487	8bb04737964e	d38e62180e0a
1778755393	332118	487	8eda64957c7c	aaf1e2cb71b7
1778755331	332119	487	c1830374e5ed	c99b52db154b
1778755079	332120	487	1031679fc129	bb9416251de7
1778748235	332108	487	cef15838cb44	724b0fd1dc15
1778728474	332108	487	cfc673e455da	9633f3e044ca
1778728022	332100	487	155c7d7918ab	5c8ebf46cc5e
1778727281	332102	487	51443d42d15c	9a36adfe15b0
1778726490	332002	487	d788fecb5313	4b180dfe79d1
1778725955	331994	487	0c44097abd3a	61c8629b17e1
1778725137	332055	487	4ccaa5366133	0a909bc19521
1778723959	332002	487	1481359acf48	4b180dfe79d1
1778723444	332033	487	d66f30d395d4	084b552e00a9
1778723171	331426	487	aa6cc58ce192	9a364411257e
1778722302	331983	487	bfaf2b0db920	58cf60d84419
1778721220	331759	487	1a602c108671	16bcaaca6442
1778718592	332002	487	96b40264522b	4b180dfe79d1
1778717614	331922	487	69eec1d4d49c	1117c83b2d3a
1778717597	331928	487	ab7f987760be	057cb435416b
1778690421	331595	487	eebe5eb8b783	20231e02ece4
1778689838	332445	492	4b4586aae719	e5fc4e33300a
1778689159	332447	492	a3fd518cba74	9e74530e5979
1778662245	332457	492	393837ab5b06	ef6bb62c91a8
1778581914	332457	492	f5ff0e900d27	00a5af3ed2e7
1778576658	332448	492	4cfbd1d9bad7	07482e4bdc0e
1778575605	332070	492	4628a03e590c	aa45730c48a1
1778550274	332070	492	957ef1a2813e	0a5bd8e9e534
1778549739	332063	492	95742113e91a	5afa61e76289
1778548892	332199	492	b5b97c803323	8c1777527e72
1778548459	332115	492	a0b8a326b6cd	12c403c51420
1778545078	332116	492	a31539f957ba	6e7f73dbbc3a
1778544325	332027	492	f1b8b6bdc073	801a10639918
1778543893	332186	492	b014e34733e8	dd681f9c5b30
1778543442	332198	492	d3b5159799df	d885e0690bb1
1778543089	332166	492	a21bac800f67	48b732510ae6
1778542656	332199	492	6e0e2a12d22e	8c1777527e72
1778541768	332185	492	2236800e224d	00d720d03a8d
1778541191	332184	492	870b6ba377ae	950821b491af
1778538295	331841	492	4d49374c381e	60934a9dabaf
1778538279	331842	492	11c8a83973d1	572338f49100
1778538132	332038	493	ea9a49782990	32bb35e68172
1778534554	332096	493	d27ee34ef293	ef6af6f342c7
1778534247	332095	493	ac63de3b5c79	155b4d48529a
1778533879	332048	493	f56f610f3046	48fa5967bc0a
1778533862	332048	493	9e107f498155	2a8c770dcfc2
1778533487	332048	493	55a857571541	a4b32264ee92
1778533463	332047	493	fb78f6b14b6b	1c34f82d5a7e
1778533233	331729	492	dcb78352013b	cf2607bd9299
1778533211	331728	492	943d11e78703	a78f4ac03bdd
1778493008	331532	491	1592f8bb002b	31c86f5decb0
1778400820	331532	491	bb5e64a87c05	0483da16b6a2
1778380710	331532	491	4fb2885575fd	d0fb6874c147
1778380315	331514	491	63b19e3bc7cd	f58c195b2bd8
1778379947	331485	491	2fe8d236777f	411a7a575201
1778379483	331425	491	c07afa828ce6	7e3272b8d855
1778378928	331418	491	f5301232b66f	2470b10d641c
1778378760	331418	491	dd9e962ff432	12077d3d98d8
1778378014	331409	491	15f5a3969788	7cfd567ffe4c
1778377644	331390	491	660ae13cfd45	f86ced33646c
1778376792	331374	491	3bc8cf69751a	4b01a07207ea
1778364452	331364	491	6f5468fae2e0	ba5d7a6db00a
1778363528	331376	491	07c10b5d740a	b37e04be1fd7
1778363299	331334	491	213575cd6212	147126b402c9
1778363019	331333	491	04597458f48e	3f89ec03655a
1778362780	330747	491	2d0dff2fe121	887bf0870fa4
1778362564	330747	491	35007d8c9cc8	f00685817f4f
1778362548	330842	491	4a63a99ff877	6a54428e213a
1778361784	421514	600	8a48f48ab7e3	05ffd6914850
1778361767	421512	600	a951654aaa8b	65b19e251bbc
1778313736	421511	599	aa99ffb72e4e	e0add01f8d48
1778269207	421511	599	bd9a5378463e	9ed43fc9794e
1778226470	421512	599	c871482d52e6	2f6a49a424d1
1778143250	421512	599	a249e1fec8af	c086ffa554e2
1778056418	421512	599	34b69583fd87	9516cc3eb9d1
1777969098	421512	599	42e22b4a7fa7	e05b21765193
1777883767	421512	599	00f683b34965	952fa888a443
1777795596	421512	599	7bdd55a2caf3	1b89ced8ccc1
1777708255	421512	599	2e6b0ecc14c0	801cdff5a233
1777623571	421512	599	7300025ca01f	3f9f5b4dd9c1
1777622942	421512	599	8cd9711be3bd	ddee0055119d
1777620451	421512	599	83c39cab5473	26de163c4093
1777614191	421512	599	a8e6185431ff	ca52477ce8da
1777611042	421512	599	2f464e6ae49b	f99a9bfb1468
1777537699	421512	599	48587f37c2f3	5d69c36f480a
1777451135	421512	599	4a348a1d409d	c87344dfe6a9
1777365124	421512	599	5a96cfb0096e	cd93128ed9e1
1777332642	421512	599	106c1a4062ec	704f72e8bb51
1777332355	421513	599	ff1f8690e683	4bc47ee7aa92
1777321477	421513	599	3c96c07c453b	4bc47ee7aa92
1777321291	421513	599	fdc497c4eefb	98960afec578
1777307429	421517	599	14cd7b302d5a	6551b080511f
1777307340	421517	599	91f155862595	01be32b8a656
1777307077	421517	599	356c2527b3a5	6f51e2aebb6c
1777300941	421517	599	ed0c1ec364cc	7a17dd7a9222
1777300640	421517	599	3b5f5b6f30ab	01be32b8a656
1777300589	421500	599	415bd9a4ebe5	9e6ae917695b
1777299884	421500	599	daf0f02c9773	9e6ae917695b
1777298742	421500	599	26a1b71f3b9a	179f4aa6c586
1777296330	421500	599	3de8200e6079	50c154f50e66
1777294879	421500	599	1af9ab9bbb55	25aa9678f717
1777293508	421500	599	ef18cad6a682	2bf9d917c5f4
1777278815	421500	599	819a11d03f0a	952efdc07988
1777253004	421500	599	62874ba728af	18cab1965935
1777251903	421517	599	d98ac54c2b4c	063ca8acd88f
1777251862	421450	599	04e6b80cf936	879d32f36a4e
1777245311	421410	599	b32cc44164c2	9b8c4a3582cb
1777245294	421315	599	6ce49aa426a0	8436735a2f59
1777209147	421315	599	bd3424aa9755	8436735a2f59
1777208874	421314	599	ed6280e033a9	7ca698b343ca
1777189578	330745	490	531772a9b326	f9c11716cdff
1777168195	330745	490	798ed2c9b86a	42f53d10c09b
1777168179	330742	490	f7e52b9e8a9d	29934c8315a6
1777167519	330739	490	40f00200412e	bb0e6b2376e0
1777167080	330736	487	8035c2e6d184	b4c3a81f3d7f
1777167048	330689	486	e6ca5d3c31e3	534f3a35b550
1777167036	330688	486	2b086488997a	ba3a7b0f9cd9
1777163273	330603	485	9e58e3dff763	2bf19c508df5
1777163260	330602	485	0205826064a4	679ee3976eeb
1777155711	330604	485	c290544bdab7	00c5de294f2d
1777155274	409612	484	66b8a8c69f6e	06aff28b39a8
1777153709	409612	484	ca3372b626af	3548759f858f
1777153124	409611	484	80b06e5ffd92	dc933ffeaee7
1777153093	409564	483	e31ef2df5840	5e4e7c53dd84
1777153080	409563	483	3b0747cf5c4f	2f2bfc45e4d6
1777102263	409482	482	cb537073202f	0d16ee25f4cf
1777102251	409389	482	78a0b2833fd9	4a7cd43ae4cb
1777101921	318986	375	1e925675d644	3b5926c76971
1777101116	409389	482	668442f5eecd	3bf025246348
1777100619	409388	482	750ab9c81584	a2bb7755d0d1
1777078219	318986	375	184c55875832	53bd7a645591
1777077585	319009	375	fe1938be0228	fd50b2c3a387
1777074224	318986	375	97cbe6eda2d5	53bd7a645591
1777073612	318980	375	c595d7c3a094	4b2004e58eef
1777073121	318961	375	351945cc4fa4	fe174a343690
1777072152	318977	375	fe77fb06c200	6b142accb2a8
1777072143	318975	375	e09733f313b5	8fb57deb5b30
1777071239	318969	375	dc72233e89b1	8005257955f8
1777071153	318959	373	8d0e16b5a351	d44bc396e489
1777070138	318762	373	befa1e9c3220	de538d6f8c95
1777070089	318728	372	d27abbf58aa8	77f21bf4479b
1777070079	318722	372	751226e111a8	35a0213fe1cf
1777059285	318721	371	b28def3d7e17	fa8a554ad04b
1777058528	318361	370	011c06a34de8	58ce01b54a67
1777058315	317918	367	510b52cc210c	b90cc17e9428
1777058007	317918	366	48322f063a21	2e1fb819fa9c
1777047495	317918	366	841d94eb8db9	4cd216667f74
1777047472	317917	366	c3d0bfd47b6a	e75807222c0a
1777047279	317748	364	7614ef39b0d5	c10fbe44d0a8
1777046753	317748	364	4814bdd39e3f	f8968e6c4461
1777046600	317747	364	e8e45bcc97a6	fa433ae96df9
1777046362	317731	364	f8ee41848857	c9c9def8ccb6
1777046337	317644	364	6c702cca68e7	c02902d0cd81
1777046230	228412	263	5857f7788c9f	de532cd8e2f1
1777045591	228400	263	237cd8e9c7d9	5250e51a9403
1777045080	228399	263	bb52722ba9b2	75b587833f31
1777040586	228387	263	da3d4cc52164	86b3beb3f410
1777040250	228382	263	839eaf3fddb2	2a3e1b850b8d
1777039833	228381	263	1b957e05fda2	71f7c38052e1
1777039733	228296	263	cdde1bba1901	9629a73b286f
1777039617	145051	214	4d5ffb0bd068	a7d593f75e63
1777039473	145051	214	315700d9a59f	c25984aa0c99
1777039334	140863	166	f841ac89f3d9	b0dfe97d7bcc
1777038600	139391	164	d398045ee806	9bb005b7bfb2
1777003066	140076	170	aed161e39f0f	dceb23b39e69
1777002955	139668	167	ce49684b306e	0c10b075456e
1777002541	139969	170	8470c99d275b	f1ce3eb61b42
1777002469	139966	170	f300eb14a00a	50dd241a3883
1777002382	139686	167	78492dfd7c74	597116181bc4
1777001683	139669	167	c0771d8c9b4f	0bb2813f3504
1777001584	139654	167	a10b8274fc6c	c9267ae8776b
1777000827	139453	167	83dde286f4a5	f6141a6c8d29
1776997335	139456	167	51bd83cb36e3	45ba09d884f4
1776995128	139456	167	d560bf77b324	45ba09d884f4
1776993246	139460	167	084040ff5eb8	8f0da1d0045c
1776992278	139451	167	386e3fff48f6	57ffe68a4994
1776991578	139445	167	2e96d7c5a30f	f3a85f448981
1776991280	139450	167	2c05a9f7917c	09e8cc705778
1776991032	139427	167	d93e3bb57bcb	6ec60af9c4c4
1776991023	139426	167	5f95596249af	7e0e9017adb2
1776990811	139419	167	21c4f452dc05	6c3ca9338ae5
1776990658	139415	166	671a5771694c	ad31d49d301e
1776990613	139421	166	715be8e762d9	34eac0485b04
1776989914	139376	166	685335bf07d9	fe205be57b09
1776989886	139331	165	755db94ae2dd	72b0d074ede5
1776989875	139330	165	00feab51d466	6ad7954bccc0
1776931400	139229	164	0ce52dd50c3d	090109f30ced
1776890164	139229	164	ae2b49142e58	3f95f90de3f5
1776794509	544787	4562	0232ad51a9a0	c0f19e5fd79a
1776794304	544786	4562	2add8a21efa6	a447ad296b3e
1776793823	544577	4561	c3232b2c2387	1bc0f8b95cf4
1776793746	544568	4561	d42a1439ebd8	6295820e7433
1776792681	143065	216	711d761a1fe4	6839e5e66a51
1776792442	143043	216	406526b70a1c	2436550914b8
1776789747	142915	216	a043c8782fb7	ff3012f6d502
1776789723	142915	216	9ac429ebc05d	621b53cf7725
1776787997	142903	216	1d7db2d081c5	0f4dbecf6256
1776758460	142902	216	1f20571c6489	a7e80e4c0952
1776720127	142902	216	c466a452c541	64f45afc6eee
1776720107	142900	216	5e4eabe07890	f05c26b73737
1776719455	142527	215	c049d3bd52cd	9eaddeaf4932
1776719429	142457	215	5af838cb5b30	136d1c5ece2e
1776673090	139229	164	6bf690372603	203d5baa1484
1776612856	139229	164	3fda8e15aead	19a9c841405b
1776612847	139228	164	47e5e0fa3a0d	98915cd3a93e
1776612405	139141	163	651ed627507d	3c6c4c40fbc6
1776612394	139142	163	2bc8b3581e96	45ae2b8b8247
1776612373	139373	164	4b69ae57029d	9f18b73b09c8
1776611359	139422	165	c0c51bce790a	918aede06034
1776611251	139424	165	9651b5fca8ed	52876a9a06d1
1776611050	139437	165	d376b92282a2	a62ca30cdac3
1776610971	139437	165	a174998cfb20	a62ca30cdac3
1776610670	139438	165	dc6181036d38	a3d62d17b40e
1776610603	139386	164	c7fb69d5b0a7	f2b2495e6c29
1776610593	139385	164	c47338224bbf	c28f6c08a74a
1776583609	139141	163	0e7e5a56347d	3c6c4c40fbc6
1776496569	139141	163	e82102548ff6	174a85df3d6f
1776412623	139141	163	20985f425131	4178f70b5dba
1776346516	139141	163	37f97bdef9e8	cbfdeb91adb4
1776326143	139141	163	927ecb722e94	da5e90d71d47
1776303208	139141	163	f0c171ee2af8	f99258fc977e
1776239785	139099	163	5d5b58a46c7d	32ec45f24463
1776226098	139099	163	a0e68a96c6cf	3bee88d296b5
1776153336	139099	163	bfbff5a82dcf	6c4d94d38171
1776108209	139099	163	a0d5780fd89a	9072311fef27
1776108146	139097	163	16ed9b76b725	d8d4e135f2ae
1776107988	139098	163	f97972fe7fc0	17fa8d3ef5f6
1776107477	139114	163	eee72402c91d	e0488335763f
1776106795	139114	163	965f8dd1b7e8	f1907bec2888
1776106565	139109	163	74dc839b6eab	d9c787312e27
1776106332	139128	163	ee43ac838dae	b3b426e07ef6
1776103080	139098	163	73f7756af2d6	d978750d5aa5
1776067925	138835	163	80baa36832b7	87e734296935
1775978529	138835	163	7aa9b64ad943	ecde7bb92586
1775891235	138835	163	2c064e5e4acb	54e87b621a22
1775846238	138835	163	b9e54c3f6aa4	f4b8dd8ed0e7
1775846227	138840	163	f8bf5b96f841	d926c3d005b9
1775845901	139421	167	31dc71bdc845	e2b94f232a74
1775845728	139161	167	268364701379	f33bdedffd3e
1775845698	139146	167	62b8ab414b7c	79fb31acaf0e
1775845331	138973	167	ed19c8bc5c26	fad2f2f1846a
1775845319	138973	167	fdcb4f9cc059	67728b4a3ca8
1775845303	138973	167	e528947c1acb	0566aa651ecf
1775845292	138973	167	c78a2f4e6189	1f05a34d69a0
1775845268	138973	167	ba5f37cd080a	a4afca5d1413
1775833950	138973	167	f5f3a9579d5b	418d5867c165
1775833807	138953	167	e8798fac6fd0	479a2ca34e1c
1775833776	138844	167	88e91428068a	bce3fdc73493
1775833764	138843	167	e0d7a5c482da	8097a71710b2
1775833755	138842	166	367ddd883991	0d2f7f850264
1775833744	138840	166	dd99201205c6	cc9b0fd6b6c1
1775833725	138839	165	185337311e5d	d61c303551a9
1775833692	138838	164	e548f2c58f8c	276a135fdc93
1775833681	138836	164	36cd81fb2007	32fe07ada758
1775833523	138835	163	52bb3c2de457	f4b8dd8ed0e7
1775833512	138836	163	9575f9e7a5df	35951055d2d3
1775831402	138837	164	aa747904e71b	20e82be36731
1775831389	138837	164	b97fbf5f32b8	8af850c2d8c2
1775807399	138836	163	d730c3dbf86c	bf2f2e06045e
1775782725	138836	163	0f208eaa80d7	e934675ea353
1775782697	138836	163	fefa41231469	e934675ea353
1775782668	138836	163	8860788b88b0	e934675ea353
1775782291	138836	163	a67678de4e68	e934675ea353
1775782144	138873	164	2796b764022b	7a188a59eb86
1775782113	138873	164	a01198fe2a5f	7a188a59eb86
1775782081	138873	164	0cab36469b63	7a188a59eb86
1775781214	138873	164	2580f3c2af3e	7a188a59eb86
1775781185	138889	164	b2d7f2f0f8d1	b6bb6e7c868e
1775781156	138731	164	135182f7a3df	c0b4c37d27a3
1775780242	138764	164	6dd6512cb061	9821e75a9c01
1775777954	138686	164	3773b941bc57	f330a434f7a7
1775777749	138314	164	b841ddac7ebb	69f484b4564e
1775777723	138355	164	39bca6e0d33b	3dd3b1759b8c
1775777545	138425	164	ddfc25a36a2a	0a86388241b3
1775776856	137479	164	4abd960cda10	405c700a9182
1775776090	137475	164	066fbcf62fe7	9ce44e1ac4a2
1775775890	138338	164	643166023585	940ee059dc1f
1775773980	138709	164	6de598cdfb81	ef1441bb1e36
1775773826	138709	164	36251fd0c21d	ef1441bb1e36
1775773797	138685	164	635f78b5be7f	223f5db01db8
1775773742	138609	164	e891afe3a55c	9e41823775c7
1775773106	138489	164	e4d60b60c68a	ae3d0843ee6b
1775773078	138182	164	dc00cb1475c3	5c005faf5132
1775772602	138488	164	ece597dbc7c1	602f3af04519
1775772560	138487	164	1b33499c90f3	6aa31dd01295
1775772550	138486	164	7d37bb2b0085	9f7574fc8f8d
1775772537	138361	163	4b2f9b203064	2347059ed647
1775772527	138359	163	5c84bfbd1947	5734b79e52be
1775772347	138263	162	6bbd0767cf0f	caca477a1276
1775772216	138226	161	a6576ee5cbc7	3f56f6244079
1775772204	138225	161	2044fe38078a	a37cf0daa0c1
1775772194	137159	160	5d1ba3ebcb1d	39eaae7dcbf9
1775772185	137158	160	22481eb4f04a	2792817210bd
1775772167	137093	159	91f8b70b1b43	d7a56277eb73
1775772156	137092	159	81db0d7da9d2	5cc0c74cce2c
1775772146	137014	158	2d09b5158dac	cb5e13461965
1775772135	137015	158	de85b0f1b7e5	98370746662f
1775772106	137093	159	63b6609f5d75	dbd88478713d
1775771661	136918	159	5be33458917a	10f310bb76fb
1775771650	136917	159	cb1fb22128e2	bc3686112815
1775771628	136839	158	24d8220b0979	217f9e0e3833
1775771615	136840	158	6f7c4e3a1ec8	50592514580e
1775771590	137231	159	1773ea3bf8a6	fb2fd9a65f30
1775771357	138628	159	de5e6f12f635	b8af42428b24
1775771134	138628	159	81cbd9a5d943	b8af42428b24
1775770658	138380	159	91b502ffa759	edb462a38955
1775768825	138603	159	832ed6174b15	8f01f6c1c543
1775768553	138603	159	226051e5bf27	b181d94bb559
1775768192	138602	159	985993e51a66	bee6fb1d3234
1775768101	138583	159	05eee18087ec	a46b089a8052
1775766409	138583	159	6207b44afea1	e4211a6846bf
1775765170	138630	159	c7a2b5ee138b	b50567d3c485
1775764624	137005	159	1dba30704eeb	e3c2fc0f992b
1775764581	136976	159	7b3d20b0a9b1	9388733dea79
1775764569	136975	159	e6f1d600ce94	c58404ee9e1f
1775764218	136628	158	f7edd0fa4da1	0614d3cba19b
1775764207	136626	158	53cbb600fb8a	b4704223987e
1775759898	136625	157	4ea8dc9001e6	e14113018fc6
1775746593	136209	157	8f04cb036e4d	7069b9f536ab
1775746509	135898	157	fd6931271a5f	cdcf16fce43d
1775744026	137020	157	2b4700da0dfe	5f883616b219
1775742208	137151	157	4b3b56009df4	eba9b7d48a38
1775740135	137071	157	7e425e855f28	c046f699ea99
1775739768	137067	157	2a9128b7c4a2	3e2dcc54785a
1775739415	137067	157	0d8869159320	26d036de36c5
1775738614	137059	157	0e4d55f0d8f0	1d79aad94c98
1775737988	137048	157	3d05ac64a4e8	8f5214134fd5
1775737345	137043	157	0964e9b3ad17	faeca6c9d159
1775736717	137043	157	616e45ffe945	9fe8990b9a4f
1775731485	135921	157	a16bf1edbad1	d13a71803c9e
1775730820	135838	157	d3638d535b09	8665ce434860
1775730394	135825	157	cf1b88d67be8	3e5de43788e0
1775720689	135652	157	cecb95f300d7	fd9220b6c710
1775688925	135652	157	c6acc8128667	a429654d4bae
1775687669	135653	157	58307d9ce49a	af8556632da7
1775687515	135595	157	256e81937e8a	770b22770b0c
1775687341	135484	157	ae15fffeaf30	bf31824b122a
1775687198	135409	157	601865ac6823	e6b95b4a7af7
1775687188	135408	157	abf4c2f935eb	84c45b8db745
1775687173	135077	156	1b5ca84f0d84	ecdbbcee43cc
1775687161	135078	156	780d470d4391	ad3802f1e719
1775686686	135505	157	efaf164afef3	dde32b30cc37
1775686440	135505	157	72a2359fb047	dde32b30cc37
1775686342	135504	157	015c66943f71	04ac54d4950c
1775686329	135502	157	f316293c7d8a	2d5fd4707732
1775686284	135076	157	5fe2ed96be9c	25c50dfd478c
1775686269	135075	156	c23fc33c7659	025cddad3d44
1775686250	135074	155	6f351effa28f	443c1c50a25b
1775686240	135072	155	9cc4d369d390	d2d4c20e7e23
1775684976	135071	154	211e44f0ad5f	3745af13ae3e
1775650173	134786	154	f33e51f66508	b2628309ea99
1775649248	134799	154	b0607f35f56e	442d7d129b53
1775649234	134803	154	5e454d930f52	b1aca858c15b
1775634147	134621	154	ef3a42479485	8dff33b2a411
1775600822	134621	154	652bd33c38e4	b04b757ddb50
1775600420	134624	154	b9144d94872c	64214f1e29c9
1775600064	134624	154	495d6c4c76e1	64214f1e29c9
1775546769	134546	154	ce5ea3a747e0	529eaf3e4250
1775531351	134546	154	93074ed495b6	016ee347326d
1775530375	133996	154	8c7cf803440c	1996ce4e55c5
1775530288	133995	154	6e8a60dbe682	2b43feba10aa
1775530106	134004	154	5da130f024e4	26dec66231d0
1775529400	134152	154	12ef99e637a2	6c0d4f280857
1775528560	133922	154	c03525779ff8	d3bdfdd4548c
1775528179	133988	154	1c6d55433c90	a21d3e8d96c3
1775527951	133989	154	edaf8d544621	106ac8882a64
1775527544	134119	154	ddd97388ca7f	c3cd672eb8d7
1775527328	134118	154	ee3b6ccd90d0	1caf988f400f
1775527187	134220	154	8c2faa01feb3	eba750a75ef8
1775527051	134118	154	bbeddcad1f71	1caf988f400f
1775527040	134116	154	7cf02d4dadae	dbf6d90af0e9
1775524028	133726	153	70fa9673a4a7	02fce54020d3
1775521162	133723	153	058af3910b88	e64656808409
1775520612	133723	153	bd0e49a7a1c4	98e5b54ff130
1775520095	133708	153	239f50c1bdb9	8d5177f73150
1775519977	133708	153	c40f2387eea2	db1df3470626
1775519638	133720	153	521a1dd2976a	fe703cf7c8af
1775519393	133892	153	7b332d6d30e4	16321435ef7b
1775519158	133892	153	25c36b7eff30	84b5d7f23be7
1775518948	133891	153	50a6cc35a7bb	363cb8edf20c
1775518888	133865	153	50092b3a34e8	865b417ddbb4
1775518824	133930	153	5f0c025e2722	43636fa97f78
1775518195	133852	153	a2b2f2e5dcc4	e1e4c99c57a9
1775517921	133691	152	a34ff709dccc	2062f0c1b667
1775517834	133654	151	5fbabbd957ef	c4236e679601
1775517534	133647	151	543bc1e33c64	8a4eb730841a
1775517289	133646	150	af059514452c	342e1070ec01
1775517248	133652	150	2b705ac10037	33d4e5b6f6ba
1775517223	133830	150	0fe541335c17	d24cd0336185
1775516908	133651	150	804e8b0923f3	773328e072bb
1775516603	133650	149	0fb07a818d63	a6b867a49a43
1775516563	133652	149	da98cf14fbef	1d8f9ced4b20
1775516262	133651	149	7222e6d6a150	0b3e364acea4
1775516204	133651	149	5f5eee11405d	0ea0e5c4e6ac
1775515228	133655	149	498fd88c0039	7b9cae35bde1
1775514948	133643	149	5510625bce85	e171c6cceff5
1775514878	133641	149	f52a9be55e23	245acd0cfab1
1775514614	133633	149	af75adb3537f	6dcb20ecb2e1
1775514578	133597	148	2f57cc506274	a3490b29d02e
1775514098	133388	147	9faff5587f60	81bd85c40aae
1775514063	133399	147	edf0ca748290	ace8cd7e32d6
1775513872	133414	147	a8572f9807d2	26dafb8fcaff
1775480019	133416	147	25cf4f9c406c	7c45ba4b3356
1775479540	133417	147	b1f0cd53f23e	f23cf3c22922
1775477429	133556	147	533e3673522a	82020c44b503
1775467814	133206	147	6a1122cee6a0	10c817e29471
1775467540	133261	147	0fb9d69be3ad	5de4c5db6285
1775467173	133235	147	6949e72dadac	2d61827d891e
1775467060	133235	147	5076e07c4713	54b045252233
1775466928	133235	147	7c613a1328d0	6ab809fdcf17
1775466359	133187	147	25106210e658	04666675467d
1775466106	133206	147	ae7f0aceedb3	a5de81d35220
1775461946	133204	147	1fcc45e95aa3	0e9529ae5bd0
1775442550	133204	147	f3472156fd51	0f52a2b66a2d
1775442451	133055	146	6b45dc216c02	e5bef261f8e1
1775442156	133035	145	03029910fbaf	a143c4e6ecaf
1775442024	133015	145	6ba3571d2eca	41ccbcc38d13
1775441682	133123	145	9fa4d22b843d	e0fdf4406eca
1775441588	133177	145	79bd55f5d2ee	94ac649c065c
1775441448	133176	145	7f8da061a27a	e02a4efe6e63
1775441208	133014	144	12676ef20bfb	d2e2a9aaac8c
1775441098	133040	144	824c06888dea	84aa1742a3e9
1775441006	133039	144	abeb23722541	86f67c592056
1775440813	132995	143	9f3e381e726f	f5bb78bcedfd
1775440705	132996	143	180ff5f13d12	b03799d532a4
1775440338	132995	143	4b8800d62b91	4d7d04665d04
1775439543	132914	142	d12f94d61914	7dd18d32ac3a
1775439404	132912	142	3e1e99d8efec	734c4cb9efae
1775439060	132767	141	f1407c895dce	7765dba685e2
1775438981	132767	141	16b783654164	337bdaa03754
1775438601	132852	141	f483d7e5e7ca	cb6d27110b86
1775438391	132852	141	6bb12ac25041	934b8d39acf9
1775437480	132730	141	694f0108b03f	ba671fe4599e
1775437214	132760	141	20ecdbdfdf95	8a92e54cc222
1775437182	132711	140	a023266d6768	3858f6b9ccda
1775436721	132613	139	4bc6be231bfc	93f249cf4ffc
1775435721	132591	139	cb447620edb7	d537be60727d
1775435531	132585	139	95abf9ded380	e14fecca9eb3
1775435279	132584	138	ce5cb254dfbf	e8785e8f2d2b
1775435157	132587	138	71125c6d1354	a9c62d995620
1775435076	132538	137	aaf8f1f2c2a0	032f7aaa33c7
1775435043	132455	136	3d5c5372d0d7	e4f3da1df3c3
1775435022	132538	137	0ce20d6a1ca2	59ea8aa9544a
1775434383	132455	136	0f34db146f6b	e4f3da1df3c3
1775433628	132449	136	2c065ba4be66	10a9d0a3b6eb
1775433102	132448	135	5e234e1069e7	123762c5b25d
1775433058	132359	134	59459677a5ec	ff6f1bb278fe
1775432128	132310	133	86f5e55ae153	a5b09867bb1e
1775431662	132308	133	fb6ce70b37b5	67aa34165eab
1775431580	132308	133	a9f6440ed218	cd36af642be7
1775431195	132270	133	1c4b4e666aa3	a4874f47d2b2
1775431118	132269	132	4df3c1ba5701	12fe05e460e7
1775431082	132137	131	6273551cf1bf	432a1d377454
1775428049	132090	130	d4bce6b809b4	245604fd93b7
1775427010	132080	130	e059fd8fd09c	c31d35636cf5
1775426665	132105	130	efa55b49a680	ed8edbe155ef
1775426623	132105	130	df6c1dc22f81	ed8edbe155ef
1775425381	132101	130	fbaf46545bf8	8097ef184108
1775424883	132101	130	dd13c9f9755e	181fa7de82ba
1775424863	132108	130	6a5106005c1f	423c48d329c7
1775424849	132108	130	50e4ed1d796c	423c48d329c7
1775423097	132111	130	648095080eb6	357b0fb83816
1775422508	132077	130	a1ec1f8f4f0e	64116906fd85
1775421767	132093	130	726270ebbc62	f7c910761863
1775421471	132093	130	57db23de9436	f7c910761863
1775421445	132067	130	6c6d7bc41798	4bf64cd9491b
1775420959	132069	130	ed9dcb7cfafa	d881469562a9
1775420881	132068	130	6cdf467ebd89	edf7870c657f
1775420380	131657	130	98fcff60230b	bb4927155084
1775420352	131627	130	ccd440e45892	7a9c57406e47
1775420330	131586	130	e700a1727b6f	77f4a7ffb15e
1775416496	131327	130	bae6844f85e2	dd79e66209f7
1775416087	131295	130	9eea1314b80f	bd9f0822a091
1775415413	131252	130	7e964cac03c5	939d1b8191a9
1775412813	131205	130	26ac863244e3	f23f15392c8b
1775412762	130531	130	ba82da29ffbe	a6730eabc498
1775412501	131206	130	e61687870503	602446bddf76
1775412420	130531	130	15d507d59f57	a6730eabc498
1775410869	130532	130	dda9007c4854	64ace88dcd93
1775410670	131206	130	a073b1c9f21c	0134afd0c020
1775406333	131205	130	a56943448f13	f23f15392c8b
1775406310	131205	130	1b025db465cd	97e982ab1fb9
1775406272	131207	130	f54b5a9d59a0	b1d795f8b6b8
1775406199	131097	130	c0dc5751e28d	ebeb2d8529fb
1775405605	131417	130	c0a3b149d63f	c13faa23b382
1775401127	131283	130	5712290441f2	9efad0f31d60
1775400727	131174	130	288376167bed	e296471b229d
1775397790	131166	130	0f7138c01eb1	9d607c2f863d
1775396080	131156	130	8fdf98b5d78b	fc86175d978a
1775394552	131151	130	e989b8fccb7e	aa534495eb4e
1775392422	131075	130	efb8bd1fc7f3	8462bfe39cbb
1775390332	131016	130	d3c48e3e7709	20fab229fbf4
1775388802	131003	130	4ca560d02496	3d3d91cff1f3
1775388656	131002	130	6110202a1143	1d12205ccbad
1775388330	130811	130	0aa71c1b1426	2ba8999cefbe
1775388277	130811	130	654277529053	55f041536631
1775388122	130810	129	d4142e41718a	103b5dbb16d5
1775388009	130057	128	913e924d51d4	b842fc1b2d1c
1775373285	129973	127	81585c1dc0cd	5f74a2592803
1775350999	129973	127	2aa943fe4a23	cbf5d3d5305e
1775350687	130011	127	9f3f6a62d007	37c7286b0311
1775350198	129973	127	57642170f7d6	cbf5d3d5305e
1775349883	130011	127	5e6cfca757c5	37c7286b0311
1775349545	129973	127	15418eaaba02	cbf5d3d5305e
1775348254	129941	127	1398dd8f5737	2eea3796ea96
1775348161	129940	126	af48752cd88c	e68dc559ac58
1775348125	129893	125	655b290d1e7c	30f83ae22b75
1775348059	129772	124	af04bf36e849	cf3b17c70c3d
1775347938	129771	123	57d83995a868	1fb348ad005d
1775347856	129724	122	51a66554c445	ba94f970f20c
1775347591	129563	121	d14f70edcb80	a2fa9d018ab8
1775345689	129566	121	c8797a587af7	a3be7f0c8671
1775344578	128392	121	66ad880de71a	28f1eac3eb72
1775343378	128357	121	91b9d244c68a	742fd380b608
1775343252	128344	108	a6b89a224da5	99b9ff0f29ac
1775342783	128351	108	01f38303cd53	62b9147e4302
1775342635	128328	107	8f2bbd7dcb84	8731db628a32
1775342157	128329	108	1ec7dd90c566	502250ce35b5
1775327523	128328	107	023d6ae2c15e	8731db628a32
1775322916	128365	107	f53573e500df	c9b21a7afb24
1775306830	128366	107	4e46cf317160	6c81755623a3
1775306377	128364	107	0738954c7275	fe63f64c7c09
1775305543	128363	106	85a54440e9c5	81102ebb081e
1775305481	128363	106	d284218d0a29	e79ba04833c5
1775304756	128446	106	d2fcf5f21db7	aa7e069c8f2b
1775304710	128400	105	d74bdc013932	fa93fb4786d9
1775286463	128109	104	d58170130079	b78fb30fbc92
1775269800	128109	104	7eb3691f9268	6730629a79fb
1775269280	128084	104	2180fe21c458	84925bfbac0b
1775268822	128084	104	6960563c93e6	7c12fdd0762d
1775268332	128084	104	cb589ff8eca1	7c12fdd0762d
1775267354	128082	104	53dda4252a9d	4b2941f1ceea
1775266519	128078	104	989674c22096	abfafbb74648
1775265631	128058	104	a52ae88f7003	1efc43ca404d
1775265501	128057	103	ac94efbe0516	dde4232c75b4
1775265225	128056	103	7b5d141efec6	d30ce2701233
1775265177	128011	102	e847964088bb	3516ea3e42ee
1775263088	127915	101	d2536d65201b	5dddc3d8d7ba
1775260592	127864	101	00d659789b56	0761b89a902b
1775259699	128017	101	06acbc78eb4b	49cfbc4c5575
1775258524	128016	100	087c65580945	6944cbddf0e7
1775258340	127880	100	1576e7f0a0db	d866c0dae937
1775258309	127831	99	d6b315a8cf2d	495ca51a6fad
1775257686	127717	98	441659d77952	58349116daaa
1775249783	127506	98	aa0167065629	9cd4f70ae121
1775248678	127419	98	a2a4dd0b6f2b	7d0b573a4529
1775247899	127330	98	a23bd2153940	fb302cf38008
1775247564	127310	98	80aae372c21f	0a5b6815e121
1775246927	127322	98	9d547071a2a4	2ab2a1af5133
1775246595	127264	98	c90f8e414d84	9d35aab1de18
1775246493	127051	98	d0f65e39f954	6d5bb74a833c
1775246453	126732	98	8ba10e0e31a4	ae81d5c0ec6b
1775246327	126090	98	7c7d8fd244b8	7b49cf57ed78
1775246314	126090	98	b1cfcd6ff39c	f4d1b7c8fa55
1775246171	126090	98	0de35ddcb86d	223861f4c018
1775245778	126115	98	8cb5dfeb76e7	15b30a2b74c5
1775245670	126115	98	c7fca7a52dbd	a7e1cd295271
1775245481	126245	98	b7d52309fa9f	6ca1a5ea6274
1775245267	126245	98	ff91c166c6ea	6ca1a5ea6274
1775245174	126215	98	d35d3b021477	5d507231cc93
1775244379	126215	98	bef5a88b7133	f1467ab76f3b
1775244126	126215	98	44030a096465	3ad44959dad8
1775244098	126215	98	cdf590488a2a	db49faafd26c
1775244071	126215	98	9b00809eb5d7	db49faafd26c
1775244048	126221	98	87580591ea72	464c2671bca9
1775243817	125901	98	aa5d0e9e8ce4	1193828ff0d3
1775243691	125787	98	fb71198d7925	f60f6e4debc1
1775243318	125129	98	57a69cda275a	544215cb4354
1775243180	125010	98	d3cb1ecd16ca	db0f56229231
1775242850	124474	98	d9e25788b61d	3027c174db45
1775242500	124138	97	92bb9533fa61	080fe688eebc
1775241883	124130	97	8ef9492e257e	4061bf06a428
1775241798	124173	97	ac6ae1a3dbb7	0292fe773b7f
1775241661	124020	97	9dd99dd48cbc	43786cf5b81d
1775241430	123489	97	57217ac4afcb	1fc96b576bca
1775239596	123485	97	7a273431e0de	38a42be2cad5
1775239560	123484	97	ee10e38bcb56	8da172a91d61
1775239542	123482	97	da49bdfd769d	f0238643a444
1775239292	123477	97	933a6a2d894e	3a4e4bcdcf2a
1775239114	123477	97	153d73aa221f	3a4e4bcdcf2a
1775238648	123425	97	8afd458e063f	dd83f29fe296
1775238341	123431	97	4e8d2b721eb3	94cefda8b156
1775238104	123370	97	2837b2268ba5	a7bd2582f9de
1775237961	123318	97	ebe0adfa9fc8	cad7cd89f0ee
1775237498	123291	97	77715e5c8aea	ca2166c51195
1775236797	123257	97	78f2dd42e371	5815fc071410
1775236405	123220	97	04d6d37e9557	bbc00cb72361
1775236228	123221	97	7aa19fd6b47a	c47de6bfd74a
1775234976	123225	97	b7eae6aacd2c	fe42fddffc39
1775234842	123226	97	d454cec12c00	4fdaa73aef65
1775234472	123218	97	1289614dbbdb	99bd99e905d7
1775233047	122758	97	9909312822c3	e12e445aca9c
1775232446	122845	97	8e9c8af307b7	7d3ee35581c3
1775232348	122744	97	14557078cf87	51b4d06c4e1f
1775232041	122744	97	86a23abcbcf6	e0411663c751
1775231922	122759	97	ef8a7724f501	bd5e2893599a
1775231532	122751	97	ac7b36ab631a	a560ce0d361a
1775230908	122751	97	c3d15c99494a	34a6939ca545
1775230793	122751	97	801567e1a14d	ad502b22f4ba
1775230554	122757	97	97e4f8b7808a	4f6bbeb5b9a5
1775230249	122759	97	9d6453043bc2	710de9c0b723
1775229223	122766	97	89a257e705df	d84c8cacd0b5
1775228145	122652	97	e3a50f00e8be	c6bb147625fb
1775227768	122652	97	aeff728e06b9	657424cf1d38
1775227347	122643	97	7368990fd7be	d72a07af80a0
1775226706	122648	97	2209a478bd9a	6c5bfd248fce
1775226247	122672	97	dc3c271acb55	efa2aff89d77
1775225923	122666	95	f4aa1a218c6d	a9473e903f58
1775225688	122668	95	9bc14456df2d	f4e04d26ffcc
1775225313	122677	95	625b75814cda	d3b31d2d73ed
1775225240	122677	95	55405a8002c2	d3b31d2d73ed
1775224635	122680	95	fbeaba4246c4	a7fd6cae5335
1775224621	122677	95	43efe3851372	a8f27a4ce8d6
1775200651	122676	94	b2023334d39c	96c6bd713b72
1775114439	122676	94	3a1a0b8080f5	c8375ebf3e94
1775055248	122676	94	29e9e6f447b3	b1f92d5c5835
1775055101	122671	94	e31fdee93737	3e28aa26d241
1775029321	122671	94	7ed1e92fd644	3e28aa26d241
1775010180	122671	94	56c3e4a81ee9	5426581e8098
1775008999	122716	94	5c5f0fdda4cd	c4554f98b0be
1774941818	43706	93	cadad9f1d3c1	5487015fb954
1774917291	43706	93	4822f0f49a36	84ffc86966f1
1774917161	43704	93	767a304e309d	f5ec7c683e93
1774916639	43695	93	eee420c5b61b	602566233023
1774915903	43695	93	25530c111233	602566233023
1774857021	43710	93	8d5a2fb1fe9f	08b60ead838d
1774832440	43710	93	a6da1bb1db2b	d64a99b4eb47
1774830019	43690	93	1dca389e015b	d4fe79ac8e0d
1774829974	43674	93	363c3593bc53	37928fc092cd
1774829352	43673	92	58211acf6499	127558fc3bad
1774829306	43616	92	ab7152fc9a01	d8a4bbcdfeef
1774829151	43599	92	eb3f50990a2d	c06c89e9f14f
1774828867	43598	91	40e486698f9a	e5f714fc52f8
1774828727	43618	91	701c272f42a6	0e3371254410
1774827941	43546	90	7e4ba701445d	b2b053a083a6
1774827722	43546	90	b8bd9a655bff	eab7868a7861
1774827073	43963	90	70ca9bd7ab6b	b78656a72fe3
1774826445	43993	90	e4a4d7d63811	40f9b3c15174
1774825926	43995	90	007764447340	9220605c53d1
1774825420	43978	90	d5c5c7eca942	ee1f945289ed
1774825177	44002	90	b2af2a90c723	6d91cf564e48
1774822578	43983	90	f2d6dd936cb5	e5831f68e506
1774775074	43978	90	c04603ba5dbe	ee1f945289ed
1774774949	43591	90	cae413a60d6e	bbfc8d4660b5
1774770091	43590	89	72211c1c3ca5	efd5a3677e46
1774769300	43532	89	2a6564b6f176	85de60a47309
1774768980	43491	89	1ca3cf924a10	faa4f839a68a
1774768905	44039	90	2e6d23a27ce9	528b9a82da99
1774768608	44297	90	48c895a0a5ea	d09f516cadb8
1774768295	43751	90	56421ae34f08	c54ad246bfd2
1774768019	43751	90	17771cd294c4	2aac7c05c5d4
1774767503	43750	89	a013627c73e1	c23688947a15
1774760969	43473	89	dfd3fcd49a6f	dfd205bc744e
1774760697	43315	89	b62076ec670c	04faed75f655
1774756070	43484	89	8658b3cf155a	cb612d28da6e
1774754203	43437	89	d1329ec6c6ef	bf863db62ba6
1774753807	43433	89	40d13e4fc982	d8ebbc6ff3ed
1774753459	43434	89	5aab87625eb2	7c7a2c1e8d1d
1774753086	43408	89	4b364dd20525	a4fe5e2b30f2
1774752390	43404	89	55a1d238e7dd	d02c48f18865
1774752166	43354	89	e2e32d336077	8666560a7ca1
1774751866	43324	89	a7159a5a059b	1c6c3640f96f
1774751474	43354	89	3a46ef416fb1	06c2aa61ecfa
1774751266	43356	89	080e582cb495	54ad54f04917
1774750909	43358	89	2814be94b4d4	e99233c9d8d9
1774750568	43288	89	0777b7ceb9d3	36f7ecdba9c4
1774750498	43288	89	b6787b2f8395	43813ac8b1bf
1774750076	43347	89	81ef1575df1e	f6f819154e7b
1774749943	43339	89	b354e57d3080	4033fb2fc551
1774749756	43338	89	c08ad8069e23	4e5c1cad9087
1774749709	43202	89	6869631c6c1e	132d228c7bef
1774749284	43201	88	cb5e89792978	053b59889bfc
1774748942	43395	88	ac391153342b	bcb418d7cc75
1774744123	43395	88	532f483fc8b3	bcb418d7cc75
1774742784	43366	88	cf99673fb875	4faf6252659d
1774742285	43308	88	e702139097ff	d54574572e44
1774741410	43322	88	4a9e67a43966	c15e25f54827
1774740984	43313	88	1ed190b7f10d	d1597431e322
1774740840	43321	88	6f8a2e3e2b89	da45060d8656
1774739466	43319	88	20e993ddc0de	b0a1086a971c
1774739238	43313	88	a85270b70a4d	d1597431e322
1774739193	43269	87	2c8498f7ccc8	a45cd2baf4a3
1774739158	43199	86	f7bf2c0f3c60	a5fa89dd8d95
1774738938	39114	85	1d3b9d943f24	ece399962f09
1774738440	39102	85	f5b8cfc78101	979426057bf6
1774738380	39070	84	46cc2a518280	9b37ce60acba
1774738228	39012	83	0dbbcfc9e51d	336a30f51525
1774738147	39012	83	812cfd48a050	63ec5d0f7e86
1774738100	38270	83	7585fae5d878	b77526791ab8
1774738069	38270	83	05f444df1236	7b0d6fd04f87
1774724116	38269	82	16084056df50	2b52db976e5f
1774723483	38269	82	235c7d92ec68	2b52db976e5f
1774723034	38265	82	0ef47cad66f4	26d855cdcf5a
1774721899	38252	82	ad84ce05f5ed	86a7b574e027
1774721376	38188	82	09a83358a6b7	0cf3a0e81c8b
1774721032	38137	82	baf139f3fabc	870e4a0ec6d8
1774720986	38146	82	2a6205f948b0	bd3f926c73f7
1774713422	38022	82	8860704c2e43	605a15dd71a8
1774712885	38020	82	5fc7f5733ec1	7bbb3ed5a4ce
1774712638	37843	82	86c7d670daa3	003c34becf92
1774712320	37650	82	ee97c5d8bd92	a306e6e79fb2
1774706957	37650	82	9bc22fb7cfe3	a306e6e79fb2
1774681487	38021	82	eb5a9ae00c76	c73b04c7396b
1774664270	38021	82	8e435d3880e8	e15c7f2a660c
1774663435	37995	82	9aa17fbe8bee	85b22220f948
1774662819	37951	82	486c69a745ed	93873923cd2e
1774662275	37917	82	8372ff4997ac	1b859b14c386
1774661532	37916	81	092508d69845	0aaedf621f97
1774660114	37928	81	2eeb4719cd58	8b86251df435
1774659681	37926	79	347766bbf79b	d766b8af0a26
1774659212	37925	79	3688cc02fbda	766226579057
1774659054	37904	79	776961dfb9ca	6d8df7f80ace
1774659013	37835	78	a88f0d362148	10c6a7655e0e
1774658991	37763	78	779c3bd5e431	1f22e6b70083
1774658913	37762	77	6212a48c4c79	b1dbb619bde5
1774658741	37751	77	b16587e8b939	8a27ca98dec6
1774658717	37641	77	8505dddaaa61	0b531df8ccb9
1774656448	37640	76	352632a924b8	0cfe3dbf6e8c
1774655903	37638	74	14bf0c084a9f	42a815edfb4a
1774655850	37659	74	f0cea63f5fbc	fa3cc10258d6
1774655795	37653	74	ed98908baae7	61e65db82a20
1774655768	37584	74	72cdc31a7960	01bdf0357db5
1774655624	37583	73	58834316a178	c58222a7e0f0
1774655605	37513	73	c1189604c1f1	a3a850ac344c
1774653604	37512	72	aa744c2a3b2e	c27be8265d0c
1774648800	37488	72	1bec07bf3a15	10d82c23bb8d
1774648300	37487	71	3e66eec168ac	d8e91f86803a
1774648154	37487	71	5d444ee35719	2eef4da63c6a
1774648131	37413	71	8bdd47eee264	c7dddf8ea0e4
1774642508	37412	70	5c0a95251b81	b4b9e89bf8d6
1774642024	37415	70	d2de48a0a192	607a126e905b
1774641553	37429	70	5fafd392a0e8	1b43e9e45f88
1774641100	37380	70	40ac2e79b68c	732228619186
1774640583	37363	70	199f6003fcee	790bc8e6ad3f
1774640292	37314	70	bd5e058870a6	97a5864f2206
1774639793	37317	70	f5cc3e22c684	0e466fd33337
1774639095	37514	70	47338dc904cf	5ae429a800b1
1774636957	37432	70	e89a50aca359	eaab146aad70
1774636470	37095	70	d6aa53390a84	fcfc82a27419
1774635538	37418	70	9b98b1dc078f	0f6f12a43129
1774607257	37482	70	57f187926e52	2fcd092c46ef
1774607112	37482	70	149a1d2f26d9	9fc7ee920b0f
1774606853	37482	70	7140a46c7763	94bb888f82ff
1774606481	37481	70	90487358ab60	4eedb69dcfbd
1774606156	37480	70	faa0549d5bda	839c88cb21af
1774595765	37480	70	b8c5dc26b14f	a2e163960276
1774576728	37480	70	4c0a5a04883c	813299ff4c86
1774575857	37469	59	45b65bb6e47f	e01fc8baf155
1774575026	37442	59	550c32c06034	e7fad54620f1
1774574479	37442	59	4f60a400de54	4b8c9d46c105
1774574406	37439	59	03e63635ae97	e85e1ab50de5
1774574376	37380	59	114914b4f8c2	6b8fabab2ce4
1774574261	37379	58	8d2911d74a58	550f2856b5cb
1774573835	37362	58	422400053e81	91af7a4437df
1774573582	37334	58	2e535f7d22fa	4622f7c90e6b
1774573131	37333	57	ab54dd6d093c	e9a6a7b97a88
1774573075	37330	57	307b5f9664c9	b526c3c03c07
1774573048	37255	57	c39a13d7f425	e0dbebfe477a
1774572907	37254	56	4246171ed7a3	74eea2b2d1d9
1774572861	36864	56	e3ca9f9791ae	f16cd018072f
1774567321	36863	55	e334e5f72b46	694f9608a49b
1774564828	36815	55	9f74ccaf3a8c	6bf80a516eb4
1774563614	36814	54	afb43d2cfebf	34dc2472e93a
1774563364	36779	54	d80ffdf7f185	0547cb18ea37
1774563278	36776	54	55356c55e6e9	fd4c6bc7764e
1774563247	36718	54	65b4abc470b6	d4b3757c3a0d
1774563001	36717	53	1a9a65222ace	bdb142d212bd
1774562602	36716	52	3d2fae79dab6	188b66b4d554
1774562578	36714	52	898023b1c445	11ab437bf75b
1774562550	36712	52	f37aa35852b8	52a2d3431d76
1774562528	36712	52	3fecc6038f51	615dcf3a0a7b
1774559372	36710	52	65536234e8e5	b72851dc0704
1774559030	36709	52	4cef31177590	b1bcaf40fd4a
1774555766	36676	52	a557838ddcd2	e45a6181a3c1
1774555638	36674	52	5dfa2534c802	91e87191424c
1774555310	36675	52	097637b10a1f	dbd153948c1c
1774554833	36680	52	c71e3e1ad50d	5fe513cb19fa
1774554618	36680	52	fb45f8120e06	e15b3b5739f4
1774554584	36678	52	3e69e904ab26	4be0ce10e201
1774554018	36759	52	ae4465177156	6c1f33e81760
1774553744	36735	52	f0d93195b987	c4333c52d82d
1774553556	36738	52	166b5f113a9b	298fbece0784
1774553538	36738	52	d79040e5d791	e2b86ed4a30c
1774553312	36738	52	91d0d1ab20c8	5a133e3932e5
1774551264	36622	52	79bad63aca45	5b8867575523
1774551186	36622	52	4e482787f3ff	38eb9ed74943
1774550883	36621	52	2cbd56703246	5e5c49e8ec0e
1774549824	36621	52	7c8670dff14c	48e4f0ebb667
1774548112	36621	52	20360418e163	48e4f0ebb667
1774546738	36621	52	8ab9d85ac678	75bfb14804f6
1774546301	36618	52	326a64f2eea9	8e6ae06df9a3
1774546236	36560	52	88f53c601523	4800b7dce76c
1774545964	36559	51	b9c4d6e67683	d2021a78f4ba
1774541768	36554	51	9ef32bb847b2	c287b25c1289
1774541594	36553	51	724040c958b1	050c37736d51
1774540184	36327	51	e45e87aa992a	4f312f2b4040
1774540096	36327	50	1d80656777e6	e3084486bfac
1774540031	36327	51	445e386c085d	3b2d7d2b9d51
1774539763	36327	50	6e6799f37f1a	e3084486bfac
1774509421	36326	49	121512eabbca	38328c619619
1774422567	36326	49	a51c6f1b529c	d77b34af43cd
1774422165	36326	49	060e66a8e227	04add9eb8d50
1774421964	36326	49	2a5341bce425	6e7dea8582d6
1774421795	36324	49	6bbceb4251c0	b9e06b86ba56
1774421581	36270	49	85c67f77814a	88a3a140a26e
1774420615	36253	49	c4e5318b93d6	6b9060aebb14
1774420478	36253	49	16da787e6b77	835afafc66bc
1774420144	36252	49	96970fe58ab8	c98c52a069e3
1774419632	35984	49	48514ee3d5be	aaba199b4360
1774336303	35983	48	6e71d5f77bf2	c6821fe1d334
1774302632	35983	48	dabec5a8e641	872c4473a567
1774302614	35983	48	bb7609e91d8f	7a46d58c8a02
1774302564	35983	48	d8ff4bdaadfc	7a46d58c8a02
1774302181	35987	48	f9b5504490de	8b5aaf502a83
1774301811	35986	47	a30f2479e673	b63ace701e4e
1774301544	35967	47	6f14404e92dd	08b6bf5c1b96
1774301516	35968	47	10c8faf9958f	6ff2fa4786b8
1774301480	35944	46	cb84c258b411	40f1335dee2d
1774301195	35942	46	dde8c89fc97c	856193ec03df
1774300915	35917	45	b9afa9b3813c	3a27212e0e05
1774300709	35954	45	ff7a477723b6	902edb093416
1774300682	35938	45	1feca254f847	7c1d814362e9
1774299814	35931	45	5ad723661e94	cdcb4a585768
1774299514	35930	44	44f56a8a2262	c6c76bdc7cec
1774299122	35882	44	f1cfb4858671	6e4a920c381c
1774298864	35874	44	3a269f04bd06	b7d3fcf8679e
1774298677	35799	44	4c3fa1c442d2	049421178188
1774298193	35874	44	35c837cf5612	3beec4fb7afc
1774298064	35874	44	19946a6437b5	3beec4fb7afc
1774297455	35858	44	5030f1e963e1	6443c9696ccc
1774297434	35858	44	9f6c2769487c	b1201590371f
1774296277	35858	44	4875c554fad5	058f38c81edc
1774295445	35857	44	4075c47c70b3	42d8e7a6657f
1774295355	35856	43	3f2c6058ade9	dfef1e6df581
1774295331	35855	43	f09c9ace22f4	f556092ebae1
1774294882	35856	43	d495e2e15d3a	50e464272db2
1774294815	35813	42	7ffe680871ca	424571e338a0
1774291929	35767	41	6739fc555c0f	f4742e36b15b
1774285059	35767	41	6729a196b72c	6932caa8480b
1774285024	35572	41	47c510c6b47e	1585b7bad83f
1774280160	35571	40	af918e3809a9	16d473538d75
1774279416	35571	40	59b5336ba87d	1c71090641f0
1774279347	35570	40	3c8197607124	a89df01c1f92
1774279181	35565	40	b61cb93d848b	560a1ebca17a
1774279014	35659	40	3aae6f07d16c	06376aebe9f8
1774278971	35659	40	65018535a57f	06376aebe9f8
1774278669	35564	40	177c9fbde9d3	95e6af6b5e76
1774278636	35564	40	88386a32121d	b8f3d47ec829
1774278528	35567	40	487e635fac71	f00b6c970605
1774278415	35582	40	bf8a5693cf5b	7767fd3491ca
1774278264	35582	40	9e22654cb4fe	04108a1164c5
1774278137	35581	40	d8f6f4ce50a0	69709c3c4212
1774278100	35564	40	8140b9e51dd6	cc0084e4643b
1774278005	35579	40	bc445eb3395e	519cd10c1156
1774277796	35579	40	6da804f59298	e44aa2af6d90
1774277683	35552	40	065c94fdc26b	e90149ffab5c
1774277605	35579	40	7f37db220fdb	6ae866328f52
1774277090	35580	40	925232a6099a	22efddc06c2c
1774276101	35592	40	ec6fe146c4e1	199295b6b180
1774275885	35496	40	72586db8c64f	8fff65de1d7a
1774275675	35526	40	6a0441a7e635	f063eb1c4f5e
1774274997	35524	40	7d605205d867	fc002f34bc06
1774274807	35524	40	6e7711da4ef6	39aa56b6e518
1774274265	35523	40	af68e1462fed	310a381e87a2
1774259956	35451	40	5fed77db528c	6748b6375f3e
1774259557	35451	40	6b632fb239fa	0df1fe03f70c
1774259423	35450	40	ee9b297a15d1	3ec4a8cfab91
1774259329	35449	40	ac6645b5d033	b38a0c1e53c5
1774259225	35443	40	212f920ca2e0	5f37b9cb4bb9
1774258971	35232	40	ee8b30097db0	548933fe1e44
1774258290	35231	39	6034a167a973	213c84d2a0b1
1774258202	35244	39	9cdb553d0fbd	46112c24b8bd
1774258113	35112	39	ba8a84f35a92	0b60f07fed04
1774257588	35092	39	e8e3bac692ec	45f52860ae93
1774257382	35080	39	98a05494b346	32c98d88b48a
1774257203	35037	39	4f44cd74946a	fd4226047933
1774257097	35130	39	a8df7ad2e152	f4ca1e1af38a
1774256779	35251	39	bd1a8518e9b6	28cf4d9035ed
1774256746	35200	39	fdc557ab20e1	e8829ed48884
1774250317	35169	39	22597cc0db08	f24244385ab5
1774219219	35167	39	687702da3bea	a7c44a636608
1774219054	35167	39	dcdfd72b4d4e	cab2d63addf1
1774218989	35226	39	2e0d6d75b2f3	ebce442a4d48
1774218650	35230	39	7f77edc39c72	5bab73da267c
1774218466	35245	39	e814397fa6cf	6cfbcd726796
1774218173	35245	39	1993aa106b66	ab06f7a4193c
1774218035	35172	39	faa7af798faa	7582df8b353d
1774217684	35101	39	857c406becc0	e83b43477d18
1774217589	35397	39	262d4dd339c1	854fec0206b8
1774217143	35397	39	dda1a62af6e1	1eb4dd1e223f
1774217050	35397	39	6f5de02241d6	88926e596fe7
1774216966	35397	39	4d26bf9cd42a	1eb4dd1e223f
1774216281	35397	39	2f2dd9fa3911	ddc1631abac3
1774216250	35398	40	c81330a0e12c	d8f2e8f94c3f
1774215838	35399	41	beb978ee2692	f789f027e10a
1774215669	35398	40	cd6f1ceaec49	2204208009d1
1774215595	35398	40	2c387afe4706	795b10851cbb
1774215462	35159	40	016e893f99b5	d54608c5371a
1774215225	35135	40	a32626a16616	f7809f6b3540
1774215194	35135	40	003b2d085cfc	e6df13bc15a0
1774214872	35135	40	40a1baca3ec8	47e1e9c9d22f
1774214685	35135	40	a7bf72cd6a40	5658003e3628
1774214169	35135	40	0a1470ee0ea3	9f4de457d84a
1774213779	35134	40	41733639dc3e	726ff9beaa4f
1774213580	35124	40	8aba153e2aa1	87764c3cdf7d
1774213414	35129	40	95d513df82c7	457c005432b7
1774212771	35065	40	1367fce2e584	29861241f7b4
1774212553	35135	40	04b04457d460	65c595fd6599
1774212179	35245	40	6dd929ad9966	d481ed40c3f0
1774212146	35245	40	d133b7c1f283	d7dc9c028402
1774211670	35245	40	19ea4b96d12e	d692fe589a91
1774211398	35117	40	85d14bba481e	67024d1832e4
1774211137	35094	40	8f7aceddc7dd	435af39a5f22
1774211089	35210	40	2b4a858c331a	f5bd68621b01
1774210763	35346	40	46289b5e2226	7c10fe8f75d0
1774210496	35344	40	cf38b9b72fc9	5af4c9e67afd
1774209950	35198	40	aaad213d616c	f1af412618a4
1774209852	35390	40	41466070f728	493d5aaa3423
1774209747	35210	40	5c752735f89b	c74e429e3629
1774209359	35343	40	faaf8df7d592	3356f71eddd7
1774208674	35315	40	373f105eb52a	fffcb70c05d7
1774208165	35264	40	8226d06ffa6f	f741bfff018f
1774207862	35258	40	a48bcc5a3f89	ec33908aa85c
1774207839	35258	40	0a57758e7241	a60d8384c306
1774207692	35257	40	06ae2ec5aeaf	2fd467f6ea3f
1774207569	35256	40	b30096358813	f6b3f5a5c25a
1774207543	35139	40	69cee58ded6e	dee77c60df4d
1774204235	35138	39	9b29a5404984	bfde9f85aaa1
1774203682	35217	39	dc1fe3c9232d	0c8bcd2204ac
1774203525	35013	39	c53a860e3943	df90198c4a54
1774201415	35217	39	0b5c0e753b48	0c8bcd2204ac
1774201041	35174	39	87aa7a8acac5	b981fcbb7fbb
1774201016	30414	38	79cb822b8db0	474c0e684bc6
1774200530	35176	39	c736c537e664	0074f6ecb575
1774200454	35175	39	1e4589810855	c5116f4fb945
1774200430	34989	39	273b075a739b	d0f1acc436ea
1774200351	34988	38	b6fc8b57518c	366025b7a64b
1774199960	30226	37	1e2081d2c27b	85f2da7ad0de
1774199845	30226	38	84cd565ba49a	e241ed7e6e3c
1774199634	30226	37	3d52314fee12	85f2da7ad0de
1774199547	30225	37	7e8edf12af9c	9090bbee7b45
1774199509	30028	37	90cdad48053a	99d496b73173
1774194823	30027	36	b277df1872d1	e4db652c492a
1774194615	29993	36	0034b98c7753	71d576ddacaf
1774194528	29992	36	85a9ac153cf3	ad86afc512e1
1774194379	29796	36	c76665fdda13	7702c710dbda
1774185040	29795	35	24152bac77a3	cf1ff8066c87
1774184816	29795	35	b9a9268d9798	cf1ff8066c87
1774184756	29735	35	9b3e7b63dc7b	2c8dc73df286
1774184696	29683	35	863dae96fa6f	afdda9e82c02
1774184463	29628	35	da8c64a1c34a	d200cd92431a
1774184162	29622	35	0e4dd35d259f	7da16306d9ed
1774183076	29585	35	5bcacc1544ee	fda7d3dc4a5d
1774182775	29584	35	a9d45bb4792c	cecda07772a6
1774182734	29450	35	0fe44e884037	7defeb11453b
1774182582	29450	35	fff07293a84d	8c375ab7b04d
1774182431	29449	34	3d809bf921e7	a35ee3416d6c
1774182067	28506	33	893b7230ca6d	e3f1dfd9e31a
1774181639	28516	33	4197dff205a4	ec6019c1f951
1774181533	28515	33	63776611d635	0f01ca1aa436
1774181406	28374	33	c3a00f4bc687	27960db30896
1774181339	26295	32	29ca24098d59	bf3fe9264151
1774177723	26294	31	7100d6b43dbf	7d0bb176c812
1774177642	26276	31	8ac55053bcdf	272627f827e8
1774177101	26258	31	f84c1551c785	c6c3f9f9cf55
1774176700	26258	31	f1a87d867235	b3a62b1165bc
1774176667	26294	31	d77370afaee4	243ed91ad7cf
1774176361	26294	31	fdc6e811b433	243ed91ad7cf
1774176223	26295	31	14f05c73d15e	05a7780f39a7
1774175779	26295	31	1749b42ed743	c809a67b2b68
1774175508	26294	31	47b3ba6bfc88	46883d033454
1774175138	26135	31	4113bde301cb	03b552703367
1774174973	24899	30	09dcb9868d1f	ccbcc19dd0cc
1774162711	24898	29	4ed655666a8a	1e691d6ba1f3
1774145160	24896	29	10fe083a84ac	92d911ee1dfe
1774144881	24897	29	731fa85481a7	067e7cb51c80
1774144816	24896	29	9982cfb6a109	d6c6f6f8dee0
1774143936	24755	28	5bba15df8bcf	d52cee5a5370
1774143594	24755	28	424077202aa5	a8a0ee724917
1774143289	24801	28	06cef5f05d6d	920a944df71f
1774143242	24661	28	a24fa98d3c9e	8e2d26b47b17
1774143163	24819	28	9a233eca6769	51dd158c060e
1774141368	24754	28	da04cc36d744	b6cb4ebfa3c2
1774141240	24753	28	a2fbcf2b55d0	c9bb2b8e8fd7
1774141089	24730	28	3cb5adc3851e	88d0ecc767c4
1774140629	9548	27	947dd190f85a	d79554adb110
1774140598	9450	27	45c85d85cc5d	97232570c37a
1774138689	9449	26	0bd7fb5f5e84	55c545f852f2
1774138170	9447	26	8b43e5a3e5e3	861d7afc8e25
1774137791	9445	26	ba9fa25dba4a	69f3adb0549c
1774137142	9443	26	7c4841ae0176	d3ce8e4fdfa1
1774136239	9441	26	b4348e51e025	4fb03e706916
1774134931	9444	26	6c6c49cfe192	f621e1681d73
1774132553	9438	26	631daaa621ad	a6a737868cac
1774131780	9441	26	740bb3f1e3d4	fb2d4af44991
1774130939	9446	26	cdc05b007956	2429927020e5
1774128531	9444	26	07b0e9eb7fd2	c31146dbb177
1774127997	9439	26	a5e61a0ff65f	51577dd13388
1774127701	9436	26	a6fafba6fc69	ce447b14f674
1774127597	9434	26	2295bfd85227	bfa1d6e5a6e5
1774127532	9473	27	02a78b61b8da	844dbfe22a6c
1774126887	9422	26	5a457ca8c775	1dcd00e47744
1774126609	9390	26	63a32976e2bc	47bc2ee98d6e
1774125544	9468	27	152b2b8fe76e	ea4d86447b3d
1774124636	9466	27	27160ecfb391	99f35d8be4ba
1774124568	9462	27	aa64e561a2f5	cd9ed3108925
1774124292	9429	27	42828e1b2e47	a91eea28d00f
1774124039	9427	27	3b821a170a42	4ec45329db3f
1774124013	9389	27	8844da5239f9	2507ed014dc2
1774123990	9388	26	1763f478a5c9	14b44038c3d4
1774123972	9389	27	ca21c5070107	b86e6c73200a
1774123885	9388	26	2421dd45df7e	14b44038c3d4
1774119607	9386	26	a74e7764d033	8122d0ae42a3
1774119347	9366	26	c5bf86a84a04	05ce53306c89
1774104475	9358	26	3fb66ca93c0a	46712f410bbf
1774104293	9288	25	2a61306221d8	15363891b5e0
1774104177	9288	25	23839fb90642	fbcebe72029d
1774100958	9288	25	a6ad10c8b67e	a2ca17ff1612
1774100820	9288	25	c5504f88a45e	f5b4ba59551f
1774100658	9257	25	0678c3005567	fbe291a8c735
1774099536	9242	25	9b894fa52a7e	44055a42e1a8
1774099424	9242	25	83cfa25a9d91	6ba15dae94a1
1774099332	9235	25	07c0902cccf9	32df7b1076b0
1774099185	9216	25	b6d42af79454	301decdc9f76
1774099037	9215	25	616c22722a9d	1e2a76a70f40
1774094342	9309	25	5f06dddee2e2	3505654da5fe
1774094308	9312	25	c4f61a5a7044	7f37dac9d3f0
1774094267	9369	25	65b20435a49c	1eea4682e1bb
1774093672	9324	25	c25c82b8377a	eb7a315836d4
1774093481	9322	25	57b561a86224	c6522d92d433
1774092940	9388	25	6da44459489f	2ddaed70eed6
1774092560	9310	25	257a05affae3	62ea15dc6c67
1774092408	9296	25	8682c1f4b542	909613395dc0
1774092158	9296	25	450e60432f66	148f4b390c18
1774092031	9287	25	de126facaade	4053287e9668
1774091905	9286	25	5b2df96fab31	b9cb64705cfa
1774091756	9281	25	173dfd4a3744	39f93878c3bc
1774091717	9175	25	a7fab5c6fe4a	3a03c947ab21
1774091509	9174	24	9005ad4dc828	e222f1ccfea1
1774091072	9126	24	681767c4d36b	f96c56f60420
1774090800	9186	24	76af4240122d	ab348b6572d2
1774090681	9126	24	7d59f39872b4	200f43ae9d50
1774090289	9089	24	50f83b62599b	fbb1e0620449
1774075047	9088	23	661e758d1ab8	8e60eb9d7405
1774065020	9088	23	12fc818ae159	317bc8eebc90
1774064895	9088	23	5462993b53bd	fb17c833171c
1774064867	9135	23	2e600140b581	9f0bd0c2f4da
1774064823	9161	23	1ab3d07964f2	4407d52f1221
1774064591	9116	23	cf23838f2aee	58bfa6cc72bd
1774064543	9058	23	a71345c5375e	5cf5b1c958fa
1774064321	9038	23	79aa94adb96d	30babf15512c
1774064263	9011	23	243a79124ec4	069c2712f11c
1774064209	9137	23	f65b834ff5a0	f920cef23050
1774063361	9276	23	9e2615562480	6bc07be3a325
1774063211	9289	23	ab71c3c6e3fb	fd1425615ba5
1774063181	9275	23	211aaf62c9b6	4ab65de468ec
1774062964	9275	23	69b567d6a82e	7311f05eb83e
1774062675	9271	23	9f0162e84495	e1a5af7e2934
1774062062	9244	23	51b4f4263a0e	aa126e824036
1774061282	9244	23	f7399af29bcf	7dce037d507e
1774061250	9170	23	26b04db03012	8ad524a294b7
1774060975	9170	23	170491b8b05f	c31b809cec75
1774060685	9170	23	3530451a1530	c31b809cec75
1774060622	9164	23	263faba93b8e	a74a05b0ce4e
1774060131	9166	23	95680c5df289	61add0acac0c
1774059547	9129	23	a6a90511dfe4	d41aa855c43c
1774059083	9129	23	53668e6eea1d	e2a8f1fc593c
1774058982	9041	23	e93251c26ccb	855b1c2ea4fb
1774058617	9046	23	d9b314bc547f	ae0e84258ca9
1774058435	9094	23	809cb90029bc	71a2e1f9b47f
1774058316	9129	23	9f3328567ad9	77fd9eeeb135
1774057820	9129	23	967f08d7c3e4	c401e0cefca3
1774057782	9003	23	2733d56710e2	047d1d49b6d7
1774057709	9129	23	f1e829965f23	c401e0cefca3
1774057243	9120	23	5d3d6fd947fd	a9a315f7f1db
1774057119	9135	23	21918c1efa8d	1ecef4dd3f9b
1774056795	9111	23	6826f9424204	fea4aa1ff7fd
1774056615	9110	23	ac4153f1ff1b	ca0bf59c8003
1774056173	9122	23	d674bd76e6a6	f734843c9de0
1774055956	9101	23	845feb271892	d2069acdfe98
1774055607	9082	23	17581c52fde8	f293cce3164a
1774055445	9160	23	55e33c7108c2	acefd4e72988
1774055270	9092	23	c21d7b2ad33f	4a432946370e
1774055123	9135	23	fa2b69b7a5ec	79abfb5188be
1774054742	9117	23	d577eb971c2f	3bc56e3e6430
1774054321	9118	23	c6b9e5480b4c	89605fdd1d4d
1774054290	9138	23	33091820af3e	edd1fca77118
1774054238	9144	23	7ccbe4a3de35	a1b453a9eaa7
1774053958	9179	23	4d8eece0ceab	818068fd9398
1774053840	9179	23	5b685f45c30b	6cd5a46b775a
1774053803	9185	23	5910d9e72528	af252935e282
1774053712	9186	23	5a2000fdac1c	3f897e8f6f11
1774053651	9184	23	19bfebdb7812	c4c610878950
1774052892	9213	23	cb32c2f7ae24	7c3e6b41d1d6
1774052211	9083	23	2d18a50f6167	0f2f1f540402
1774051911	9100	23	7a782129769a	957669d0fda2
1774051685	9214	23	754ead1077e4	f08cc9a785cc
1774051471	9352	23	3c31ccdd05d2	960190544632
1774051284	9426	23	dab0a774bdf3	57b96f9175e7
1774050320	9384	23	d0da6bbedf45	26321362676d
1774050068	9384	23	a4bb1bb4af35	26321362676d
1774049705	9295	23	783bef541a16	c2e9c35c1b36
1774049615	9225	23	274a82d24ca1	8c70b4ee8c6a
1774048580	9295	23	d476021f80a3	50cf525cc9ff
1774047201	9211	23	66abd01418ff	c1ef11a87453
1774047066	9176	23	587b7bc54e2b	b1d242e386ad
1774046880	9103	23	5ca53fd890de	32b89f8bdfb4
1774046348	9220	23	79adb64bc43a	bc41b72c266c
1774046117	9228	23	4266c5fefffe	1c38a9735ed6
1774045525	9110	23	ab88762810b2	dc36fcdece44
1774045229	9093	23	e740eb11bc40	cb8fde89df9c
1774041412	9077	23	2ffbd04689fb	6e5fd734dcbc
1774040629	9052	23	3447f6fb89f8	4dfacb0a029c
1774040286	9008	23	b4b53ed470a9	d041b8f570eb
1774040119	9075	23	f5dad7e17658	a67b343f73a9
1774038820	9068	23	28f6ef8ade0c	a64c15388900
1774038643	9070	23	34b07badb063	5ea0bb3c8e29
1774038199	9035	23	0da479c2be6c	535b5e3a3371
1774037965	9056	23	ac0cc17b669f	0d8289dbbd58
1774037442	9040	23	ffab1ed1785c	80cc6f11fcfc
1774037122	9048	23	48d3a509b607	9e647f0080ec
1774036600	9060	23	9c14b7005eb9	902324adcfda
1774035937	9066	23	b85cc5faefc6	3b105b68d4d4
1774035902	9066	23	d769caa9e609	766ab86764a6
1774035773	9053	23	aef8c0830d7f	00e164f97f1f
1774034241	9000	23	7444d6214b52	33344469c015
1774033521	9000	23	ee11cd5bb7a6	322f225b2e43
1774033472	9000	23	5380548a6b76	e4660131edab
1774028432	8999	23	02ee76f8ec45	a09d668bbaa9
1774028253	9005	23	1c059e791a2d	17596747254a
1774028180	8978	23	762a3035c6c6	9be3e0b9e7d3
1774027019	9005	23	57207ed6b02f	5c60a5b54659
1774026722	8932	23	ef819e629dc1	230a89cc59c5
1773990163	8931	22	31a993acd409	156071b66194
1773903850	8931	22	5a659e5f354c	f43e5af72086
1773901737	8931	22	10e70b0a5ed1	4a9e5faf5ba8
1773868891	8931	22	c9a714935a4c	1108a4f44c36
1773868849	8931	22	f1bb14933b09	40854d5593f6
1773844515	8932	23	e8c6f5ad9b32	e1249af16e81
1773817673	8931	22	d6231ee2ff13	40854d5593f6
1773815680	8931	22	f0bbee6cba1e	56dbecbcfebb
1773794821	8931	22	a0f737469ea6	e9ea41b229e0
1773793472	8931	22	ef113bf3a74e	425f4e266446
1773793344	8931	22	9bc641ef1895	21a21112c62e
1773793315	8934	22	84156194c811	6c0c5b02e0c8
1773793157	8913	22	e46bd5d9be6f	78b7602972d0
1773792711	8966	22	c794d46c13ea	239b6d4d99bb
1773792652	8961	22	9f183606d1e2	f691ec0fbfcd
1773792574	8936	22	00afae005c11	b83fbc2f3f81
1773792361	8953	22	6071205f60c7	a0b09f6eaa40
1773792251	8953	22	e68e48095f85	dd5700ab4568
1773792149	8947	22	96cd65568cf2	40c14a17c672
1773792011	8931	22	068b1e3035c7	b666b2351bad
1773791922	8947	22	e0ae0f7c278b	4fe4241ada40
1773791760	8947	22	72ef620809cb	7e343cf8344e
1773791458	8946	22	0c1ac23b003b	95822e32dc17
1773791233	8972	22	dc97db294bd7	96933fb044bb
1773791139	8967	22	68081e97fa6d	1c8999272810
1773791059	8926	22	5050cf31c079	126a1d6ce6df
1773739689	8924	22	76149878609c	25d8515bf311
1773739403	8907	22	7c5549cae70d	9e276ee1910a
1773703545	8903	22	e07f0866ca2d	539c546d5f39
1773700213	8902	22	3b20eb26a476	839ddbf0fc40
1773681631	8902	22	149148a54f18	5a1f0b2bc26b
1773674887	8902	22	0faafc1219ba	f9dd8b30ec43
1773672312	8924	22	53b105b56d97	e2124b70650d
1773672180	8933	22	84251dba296b	c4145ac34983
1773672033	8936	22	8ca35fc0056d	0d1a3dfbddcd
1773671920	8921	22	9b16961d8180	77e11c1a0b5c
1773671780	8921	22	5c0bfeb4bbb0	30678eb94f4a
1773669669	8912	22	0ac8954f32fa	0165eac61def
1773669627	8912	22	eb5c8d7e1534	0165eac61def
1773669591	8912	22	273a0a7e113e	0165eac61def
1773669552	8912	22	fee8c7d014d8	75610c1cbf97
1773669490	8898	22	b06974c673bd	cad2b2da466e
1773669187	8871	22	97cede1423fb	d70f9dd6b2b3
1773669111	8882	22	577f0da6e392	f82cf13f0279
1773668990	8876	22	9294dc7a7407	280c4a1109e3
1773668717	8899	22	ad5cc7e65352	a70223346115
1773668590	8889	22	b06f414066cb	0fe7ab694000
1773668448	8889	22	9caa260a2813	ca0f102cab1c
1773668355	8898	22	2ef4197f0bb2	21c4cf7f5272
1773668243	8903	22	4f3685b3dc8c	ed5a703afdee
1773667433	8891	22	128d82ea6b27	c0767d1ccf25
1773667260	8883	22	a1b445e84eaf	55319c124cb0
1773667182	8883	22	bbc05d8782dc	55319c124cb0
1773667163	8856	22	3227e1f6cba9	07b9bccda303
1773666850	8855	21	12cf9e3d1b0c	8d81d9a1a961
1773666827	8816	21	f22b2e20c504	a416004796f0
1773661571	8815	20	fb86090c34dc	37b7d8851439
1773661489	8813	20	c620b5decf18	809def3800bc
1773661471	8813	20	cb995a6a479e	5fb7b52f4662
1773661396	8811	20	1390836d70aa	3bdfb6016664
1773661351	8731	20	86ae42f8833f	4ba354e140ac
1773654176	8730	19	6413dbb76955	72eff50328b2
1773650194	8730	19	15a827a0a0b9	b7574d667fdd
1773620399	8730	19	6bff2a3f849a	27fb3d0f7016
1773617689	8718	19	00d71af1b0b4	b3b112bdb517
1773617303	8718	19	446af1814749	8b1b828ec9d1
1773616887	8659	19	a5e6b8138987	89ad5cb02c51
1773616182	8659	18	6e59d2bcd25f	1adeebc4c21b
1773616119	8657	18	d4bab24162a9	627c987bfc74
1773616037	8655	18	32aeaa299b18	7ffee3ea39f1
1773616022	8655	17	f5dd6d764201	fceae0ad1cdc
1773615949	8655	18	fb7088b2a227	d1f7a74d4b87
1773613862	8655	17	7e9c279af182	fceae0ad1cdc
1773612833	8532	17	6b8c93aff936	3f8152dd00a3
1773612645	8530	17	3d70650a64de	6164307a3e28
1773612504	8530	17	fed1f7d58bfe	9504b56e19ea
1773612259	8530	17	78d7c3c8f962	5cb588a04b78
1773611800	8531	17	eaabdc32a8e8	2845031f1aa7
1773611761	8529	17	eba9133cb1fb	a9a015f37a03
1773611491	8524	17	b874f456f513	a07139b5419d
1773611320	8521	17	17b528747132	de42857b51d6
1773611200	8522	17	f001677c31f5	9fcc5dd6fd87
1773611027	8522	16	5b58ea8cfa88	7c20ea5612d6
1773610127	8521	16	2cd26975faef	576362430ece
1773604215	8522	16	8713dcd440d6	2d5b7863e282
1773603191	8522	16	aedb549b679a	2b700a7a0dbe
1773602870	8660	16	686f3ac8788a	d684c994a405
1773602645	8444	16	3a6a80f2cf28	51a0d90712c4
1773600670	8749	16	24b4eac60b48	7843435a5287
1773599681	8646	16	919ff0e98b95	4d9c5d4c9a0a
1773596141	8633	16	c341108230f8	1238a55e18a9
1773595872	8523	16	547ea73db4ab	f52688cae31c
1773595453	8510	16	55ac377b6fbd	1456150ebea8
1773595300	8510	16	a66c10ea62fe	9229a11bc0cb
1773593595	8600	16	7548035e87cf	5feb9c2479aa
1773593299	8672	16	0d379071f032	8d20b55b14a8
1773589682	8283	16	21ebc51d1e2f	aff4ee179404
1773589632	8283	16	2dee0f1f2721	3b886d9c1717
1773589516	8283	16	17b618dd8c2e	89f14842a240
1773589412	8283	16	642bdb01d687	ba44dca1043f
1773589205	8217	16	615278e4b97a	96c639f903c4
1773589143	8185	16	acd3cce515b6	d95ee9fb9586
1773589004	8281	16	45c99d455c5c	93a99365abb5
1773580549	8281	16	1a4ba0095c1a	92bf037ed278
1773580157	8281	16	1cf911f9243d	0b63ad7ab639
1773580117	8279	16	1c680a178419	154c75a3ad73
1773580100	8279	16	f2665ef21df9	bc1f38cec27c
1773579879	8276	16	24adf143dcfe	5ac61a644048
1773579746	8266	16	ce35c1600be3	493960b95db3
1773575876	8264	16	2d49ab74b025	ce426efeeb7a
1773575673	8264	16	3beb872dba21	f8e92a8067f5
1773575474	8264	16	b8c9f352bb37	68d64285ebd9
1773574996	8248	16	5584e0b4b923	3787ef39b006
1773538857	8208	16	12e6ee4988c5	65a790d6b60f
1773538611	8210	16	6f7c910cc3f6	6b3148d55e1f
1773538435	8208	16	4c3dfff543f9	4e2028472e2d
1773537727	8211	16	7493d58fb100	292561c63d10
1773537548	8208	16	8f62f7fd9f16	a3b4caefa8e5
1773536815	8160	16	f82a56b8a939	b22d5a2bf47d
1773536603	8075	16	d9169b9bdfc6	8d71fda96479
1773516095	8074	15	9b49191c3f77	61797b5e7c9c
1773515382	8167	15	fb5ea1c12530	95c602ccf3f6
1773513970	8073	15	b13649db76b9	e20b9a5bdd84
1773513749	8073	15	20f04462e2ee	3384a0f67d87
1773513445	8073	15	7bf7cc7eeb3d	f017c3eb9e1e
1773513281	8074	15	92f703619835	bcba225bd6cd
1773513170	8072	15	a95834ebadac	32b118b64363
1773512140	8065	15	55fd7f557aca	81f6044303ef
1773511710	8072	15	889b697a693f	b8dce7eb6a62
1773511642	8076	15	c48668c8611b	7332817fa4f7
1773511578	8080	15	2b50ecd7e9c8	cf2ef2da0835
1773510084	8084	15	dd9a00a89aa6	f90db46f695a
1773509207	8088	15	f5ffd61f06b5	98419d3ca2cd
1773508516	8092	15	ee3bb073a9aa	3236eabbe78c
1773508330	8066	15	38dce10f96f4	f6c4c8d2c0dc
1773504153	8111	15	988dc15e493e	10ff94de62ae
1773504048	8111	15	968e1df2303a	1d3afcf61fe3
1773503945	8111	15	49a3d8bb4813	92ef7d089ef0
1773503918	8049	15	96fc772a7ecd	3d5c20471f58
1773502676	8048	14	097f105dc77f	ad57a8e692ec
1773502471	8055	14	745ed2616b69	c0e3475b2712
1773502358	8055	14	c2a29d956562	6abecb9bcb49
1773501024	8055	14	9082e3b08a3a	8821cd520c27
1773500807	8055	14	381f43f70e81	bfa153503463
1773500766	8054	14	8213d7991568	4566b24cf783
1773460649	8322	14	70d40c98ff35	80f9bfc48d3f
1773460192	8239	14	655e2bc9a0d5	8c3ef358fe52
1773459805	8170	14	25157d66d52b	a95c49f06b00
1773459457	8168	14	de3b0c598b69	065c2ecd7326
1773459263	8168	14	b12ac2965d88	dbc9c248b661
1773458838	8170	14	855578ba017b	ca9c6ee931c4
1773458528	8165	14	d236fbbfea0e	69f2505e2fd5
1773457918	8009	14	c4f79af82e17	5392355a167a
1773360865	8008	13	f07bfe182114	385a413d84fe
1773360300	7710	13	63fef7d5ed09	d8f138366729
1773359463	7212	13	ebe88564217c	dce5fb091054
1773359433	7210	13	98487320a905	206c8382de74
1773358821	6819	13	060a3dd021d5	298415ae8a4e
1773358528	6821	13	eb81b2716f0e	5aea63a00709
1773356937	6316	13	355a0dee18db	f12159ac3a77
1773355228	5756	13	3705f3d8dd86	b3940c171d3e
1773353576	5382	13	8418a357ad39	58e6e7d54872
1773353029	4915	13	ce93777f6c4b	b6f90e5ac734
1773352525	4413	13	af6c54af8954	fd6ad626ecb8
1773352215	4206	13	2aa8b75ba174	c2d6a5cfc666
1773351224	3805	13	3b6411dee9ad	f21cdcf7bd58
1773350752	3501	13	caeab3286bb4	b265e173ed86
1773350104	3211	13	c45a84d1ee24	2b562152c3e9
1773349778	2650	13	7bfcc38f7782	2210ab374ffa
1773349693	2234	13	a83541802afd	3d25f5a9bbdb
1773349659	2231	13	bbb2d61d3dd1	68b60b11f516
1773349451	2233	13	0ae3a698406f	382c4e80c0dc
1773349248	1887	13	6a0d76d73c81	85dbc18fd9bd
1773349206	1885	13	44c2ef0f7030	10dbebb84ed9
1773348953	1001	13	cd3b3d943df3	e1a966e729c4
1773348844	999	13	32c0e414e60a	1d1e2b1c1a14
1773348605	994	13	2f58eca408db	9d7a3e371b17
1773347303	196	13	d5cac8656235	a75a4de33f52
1773346928	196	13	56cde5a34b10	afad3c7bed7e
1773346833	196	13	8010db59d26e	861a93d89f2c
1773346805	196	13	3f3e61171b22	ad72626fbb45
1773346288	168	13	881eae3fbed1	804a7bfce751
1773346190	230	13	014c51fce8b6	8edd9b0409b9
1773346072	231	13	bdf140d254cc	1b4d63346274
1773345900	230	13	7e55c3b92b5e	5747fffedc94
1773345206	168	13	ccb8359aaf76	942727c8c464
1773344915	131	13	746e4d0e562f	3924b4952896
1773344658	123	13	23da4f1f6d62	aaba9440bd68
1773344645	122	12	aac226ca3aba	21c3506a001a
1773344624	123	13	05e8b4863b76	cdd34ce4a96e
1773344610	122	12	323f1f21a88b	0c65f3fa2910
1773344253	123	13	1b225c47def6	9ccd94c32274
1773344209	124	13	363110f7731f	0b73ad75a37a
1773344030	124	13	7f1a67d46a19	0b73ad75a37a
1773343419	86	13	212e4e1073d0	7fd2cc40b101
1773343377	85	12	7ea9da8410c3	496d43fac3c5
1773343315	84	11	f1af32ceee0d	725996bc3eaa
1773343235	83	10	5e0c024e650f	9f2a0ba32f5c
1773343180	82	9	9286ea99d8d8	dca14c67109a
1773343143	81	8	397283a7bca9	29b5094fbb05
1773343037	80	7	355a14d84f17	c728688d19ec
1773343003	79	6	e6cbc83e9c94	d409d9069ca9
1773342956	78	5	c4fb93281010	3fd763346436
1773342396	77	4	2b997c9bcd3a	0f5e9fa6fa0c
1773342238	76	3	2d55096ee6b4	1e2fe77813ec
1773341827	75	3	2237efa434cd	a9cb74155e3c
1773341554	60	3	1deb6f67a65b	fe95a8bf1c8b
1773341029	57	3	1090ab2656d4	822c28e860fe
1773340963	42	3	8230aca1977f	d69177d22e3a
1773340593	42	3	23fac829810f	ff90cfba453c
1773340270	41	3	dc27dbeb6a1e	bc8095efe099
1773339941	11	3	797d45a6852f	06901a6147f1
1773339472	56	3	ba120741a23a	392705af62ab
1773339418	59	3	68c973443496	b45cd97a8e11
1773334685	48	3	13838ae3ed22	c6f8fbb64b66
1773334433	47	2	1cad84e69746	67e5426bc741
1773334304	47	2	6ec3605d56fe	2606ceeead82
1773333662	36	2	157a756c6737	3ab8255f64f3
1773332878	3	2	bbd858e3eb88	088a1334ac67
1773332784	2	1	880110b1d4be	1f2565c17ba4
