# unix	lines	repo_index	sha12	gap_before
1748560273	2	69	7b9eabb832ea	0
1748560804	294	69	27f7109a9d0d	318600
1748561157	439	69	8bdfdadb02ca	211800
1748562453	441	69	629ae187e22d	777600
1748562539	439	69	b7aabb43adc2	51600
1748594661	455	69	5a05cd6b71cf	19273200
1748595282	465	69	88e93e23035a	372600
1748595442	464	69	930d93a634d9	96000
1748597332	468	69	be37d1931e48	1134000
1748597536	468	69	91dd09428adc	122400
1748696632	494	69	bb34ce01fbfa	59457600
1748696692	494	69	10776d8840e5	36000
1748712607	494	69	057a5f04d351	9549000
1748713853	494	69	051ee2cd7106	747600
1748730275	496	69	d800680961ee	9853200
1748733111	513	69	cdf2e89f2e5c	1701600
1748733940	523	69	cef5c2ff540f	497400
1748771130	533	69	eb3c96c6e181	22314000
1748772948	584	69	31eb4f844fdb	1090800
1748773230	587	69	d9b1245e5f71	169200
1748773332	585	69	c45ea6769b24	61200
1748773562	579	69	76a0eccd81c8	138000
1748773679	579	69	d6e927b83ff9	70200
1748774532	579	69	8d61d5dc7c02	511800
1748774850	596	69	ea6f6ad7a57b	190800
1748775959	592	69	bdbb4906a308	665400
1748776001	591	69	e895c83e8b9e	25200
1748783418	591	69	680b5ce2bebf	4450200
1748784768	595	69	9ccf0cc4a4d0	810000
1748785155	590	69	a76c7e206dc7	232200
1748792469	644	69	60f541f31597	4388400
1748792526	644	69	bf78225ea78d	34200
1748792737	654	69	5b5dd84d1723	126600
1748793633	634	69	7424dfe5f663	537600
1748793710	635	69	c0ff38f35528	46200
1748793836	622	69	65f4a0a03adb	75600
1748794099	613	69	aaceaddb63a8	157800
1748794230	613	69	b23a069cea94	78600
1748820470	613	69	fd25bf4d7640	15744000
1748820540	618	69	7fa181fa3d0c	42000
1748820591	622	69	e742731d9d7b	30600
1748820691	622	69	15e4511c75ee	60000
1748820825	629	69	5c0fdd7687d4	80400
1748820861	625	69	c5e1306565ee	21600
1748820882	626	69	78af82cbb34f	12600
1748821284	633	69	fd6772f8ebf3	241200
1748822584	638	69	bf59db00d241	780000
1748823371	638	69	cc8a3ef1af23	472200
1748823701	640	69	0c7bccd5ccf5	198000
1748825001	662	69	831dbdc6fc30	780000
1748825994	664	69	fcdca3444872	595800
1748827194	666	69	8eca21778bd0	720000
1748827769	668	69	30a290951e67	345000
1748829117	671	69	fb52446530bf	808800
1748832162	703	69	9466127e8b75	1827000
1748832433	699	69	651d6da5c779	162600
1748959957	699	69	7caf1fbac281	76514400
1748960111	699	69	7f2224c447c5	92400
1748960313	699	69	676c70c6e396	121200
1748960465	699	69	5b240a8e3d6b	91200
1748960560	699	69	40f7bd62ceab	57000
1748975423	714	69	36c4fe33b22e	8917800
1748975690	714	69	5204cbd5ce85	160200
1748975933	715	69	b11736f7fbc2	145800
1748975995	715	69	cd4e3cd727df	37200
1748976059	714	69	a5a3e90d87cd	38400
1748982436	714	69	a84fc0a889e8	3826200
1749334552	722	69	5b2091cce8df	211269600
1749335201	802	69	43ffe494f774	389400
1749337257	810	69	6373d1ddc5e4	1233600
1750856788	810	69	7bc68f65df9a	725760000
1753395895	812	69	fd07518372ff	725760000
1753396260	813	69	c45c4ab1ed6f	219000
1753396363	813	69	c15695d4039f	61800
1753400109	880	69	93970b9a5c10	2247600
1753400770	872	69	a0c32d6f4c17	396600
1753405153	873	69	16c0f6946942	2629800
1753405754	888	69	26625411c818	360600
1753405972	890	69	716d22af554c	130800
1753406125	890	69	0ba25ba0b595	91800
1753456242	890	69	6275399c0d47	30070200
1753457646	891	69	bf9fb04f9fe2	842400
1753459219	891	69	7a4987af9b4a	943800
1753492446	896	69	c641ed21a010	19936200
1754378405	896	69	b3b06901ba38	531575400
1754378741	896	69	ca42e219b048	201600
1755026766	375	68	0e3ee7226e4e	388815000
1755027067	375	68	0f30b950dcc8	180600
1755440939	509	68	5db0cb0401e8	248323200
1755441555	510	68	3b08ed78b4d3	369600
1755441581	512	68	a20bb9e3736c	15600
1755441605	512	68	1c61dc8c4fb1	14400
1755442023	512	68	a06562730cc9	250800
1755443136	514	68	be02c9bbaa83	667800
1756170055	2	67	a74f5ee6bffe	436151400
1762032386	918	69	c88de6987440	725760000
1762776988	918	69	8c74069d1927	446761200
1773332784	2	66	880110b1d4be	725760000
1773332878	3	66	bbd858e3eb88	56400
1773333662	36	66	157a756c6737	470400
1773334304	47	66	6ec3605d56fe	385200
1773334433	47	66	1cad84e69746	77400
1773334685	48	66	13838ae3ed22	151200
1773339418	59	66	68c973443496	2839800
1773339472	56	66	ba120741a23a	32400
1773339941	11	66	797d45a6852f	281400
1773340270	41	66	dc27dbeb6a1e	197400
1773340593	42	66	23fac829810f	193800
1773340963	42	66	8230aca1977f	222000
1773341029	57	66	1090ab2656d4	39600
1773341554	60	66	1deb6f67a65b	315000
1773341827	75	66	2237efa434cd	163800
1773342238	76	66	2d55096ee6b4	246600
1773342396	77	66	2b997c9bcd3a	94800
1773342956	78	66	c4fb93281010	336000
1773343003	79	66	e6cbc83e9c94	28200
1773343037	80	66	355a14d84f17	20400
1773343143	81	66	397283a7bca9	63600
1773343180	82	66	9286ea99d8d8	22200
1773343235	83	66	5e0c024e650f	33000
1773343315	84	66	f1af32ceee0d	48000
1773343377	85	66	7ea9da8410c3	37200
1773343419	86	66	212e4e1073d0	25200
1773344030	124	66	7f1a67d46a19	366600
1773344209	124	66	363110f7731f	107400
1773344253	123	66	1b225c47def6	26400
1773344610	122	66	323f1f21a88b	214200
1773344624	123	66	05e8b4863b76	8400
1773344645	122	66	aac226ca3aba	12600
1773344658	123	66	23da4f1f6d62	7800
1773344915	131	66	746e4d0e562f	154200
1773345206	168	66	ccb8359aaf76	174600
1773345900	230	66	7e55c3b92b5e	416400
1773346072	231	66	bdf140d254cc	103200
1773346190	230	66	014c51fce8b6	70800
1773346288	168	66	881eae3fbed1	58800
1773346805	196	66	3f3e61171b22	310200
1773346833	196	66	8010db59d26e	16800
1773346928	196	66	56cde5a34b10	57000
1773347303	196	66	d5cac8656235	225000
1773348605	994	66	2f58eca408db	781200
1773348844	999	66	32c0e414e60a	143400
1773348953	1001	66	cd3b3d943df3	65400
1773349206	1885	66	44c2ef0f7030	151800
1773349248	1887	66	6a0d76d73c81	25200
1773349451	2233	66	0ae3a698406f	121800
1773349659	2231	66	bbb2d61d3dd1	124800
1773349693	2234	66	a83541802afd	20400
1773349778	2650	66	7bfcc38f7782	51000
1773350104	3211	66	c45a84d1ee24	195600
1773350752	3501	66	caeab3286bb4	388800
1773351224	3805	66	3b6411dee9ad	283200
1773352215	4206	66	2aa8b75ba174	594600
1773352525	4413	66	af6c54af8954	186000
1773353029	4915	66	ce93777f6c4b	302400
1773353576	5382	66	8418a357ad39	328200
1773355228	5756	66	3705f3d8dd86	991200
1773356937	6316	66	355a0dee18db	1025400
1773358528	6821	66	eb81b2716f0e	954600
1773358821	6819	66	060a3dd021d5	175800
1773359433	7210	66	98487320a905	367200
1773359463	7212	66	ebe88564217c	18000
1773360300	7710	66	63fef7d5ed09	502200
1773360865	8008	66	f07bfe182114	339000
1773457918	8009	66	c4f79af82e17	58231800
1773458528	8165	66	d236fbbfea0e	366000
1773458838	8170	66	855578ba017b	186000
1773459263	8168	66	b12ac2965d88	255000
1773459457	8168	66	de3b0c598b69	116400
1773459805	8170	66	25157d66d52b	208800
1773460192	8239	66	655e2bc9a0d5	232200
1773460649	8322	66	70d40c98ff35	274200
1773500766	8054	66	8213d7991568	24070200
1773500807	8055	66	381f43f70e81	24600
1773501024	8055	66	9082e3b08a3a	130200
1773502358	8055	66	c2a29d956562	800400
1773502471	8055	66	745ed2616b69	67800
1773502676	8048	66	097f105dc77f	123000
1773503918	8049	66	96fc772a7ecd	745200
1773503945	8111	66	49a3d8bb4813	16200
1773504048	8111	66	968e1df2303a	61800
1773504153	8111	66	988dc15e493e	63000
1773508330	8066	66	38dce10f96f4	2506200
1773508516	8092	66	ee3bb073a9aa	111600
1773509207	8088	66	f5ffd61f06b5	414600
1773510084	8084	66	dd9a00a89aa6	526200
1773511578	8080	66	2b50ecd7e9c8	896400
1773511642	8076	66	c48668c8611b	38400
1773511710	8072	66	889b697a693f	40800
1773512140	8065	66	55fd7f557aca	258000
1773513170	8072	66	a95834ebadac	618000
1773513281	8074	66	92f703619835	66600
1773513445	8073	66	7bf7cc7eeb3d	98400
1773513749	8073	66	20f04462e2ee	182400
1773513970	8073	66	b13649db76b9	132600
1773515382	8167	66	fb5ea1c12530	847200
1773516095	8074	66	9b49191c3f77	427800
1773536603	8075	66	d9169b9bdfc6	12304800
1773536815	8160	66	f82a56b8a939	127200
1773537548	8208	66	8f62f7fd9f16	439800
1773537727	8211	66	7493d58fb100	107400
1773538435	8208	66	4c3dfff543f9	424800
1773538611	8210	66	6f7c910cc3f6	105600
1773538857	8208	66	12e6ee4988c5	147600
1773574996	8248	66	5584e0b4b923	21683400
1773575474	8264	66	b8c9f352bb37	286800
1773575673	8264	66	3beb872dba21	119400
1773575876	8264	66	2d49ab74b025	121800
1773579746	8266	66	ce35c1600be3	2322000
1773579879	8276	66	24adf143dcfe	79800
1773580100	8279	66	f2665ef21df9	132600
1773580117	8279	66	1c680a178419	10200
1773580157	8281	66	1cf911f9243d	24000
1773580549	8281	66	1a4ba0095c1a	235200
1773589004	8281	66	45c99d455c5c	5073000
1773589143	8185	66	acd3cce515b6	83400
1773589205	8217	66	615278e4b97a	37200
1773589412	8283	66	642bdb01d687	124200
1773589516	8283	66	17b618dd8c2e	62400
1773589632	8283	66	2dee0f1f2721	69600
1773589682	8283	66	21ebc51d1e2f	30000
1773593299	8672	66	0d379071f032	2170200
1773593595	8600	66	7548035e87cf	177600
1773595300	8510	66	a66c10ea62fe	1023000
1773595453	8510	66	55ac377b6fbd	91800
1773595872	8523	66	547ea73db4ab	251400
1773596141	8633	66	c341108230f8	161400
1773599681	8646	66	919ff0e98b95	2124000
1773600670	8749	66	24b4eac60b48	593400
1773602645	8444	66	3a6a80f2cf28	1185000
1773602870	8660	66	686f3ac8788a	135000
1773603191	8522	66	aedb549b679a	192600
1773604215	8522	66	8713dcd440d6	614400
1773610127	8521	66	2cd26975faef	3547200
1773611027	8522	66	5b58ea8cfa88	540000
1773611200	8522	66	f001677c31f5	103800
1773611320	8521	66	17b528747132	72000
1773611491	8524	66	b874f456f513	102600
1773611761	8529	66	eba9133cb1fb	162000
1773611800	8531	66	eaabdc32a8e8	23400
1773612259	8530	66	78d7c3c8f962	275400
1773612504	8530	66	fed1f7d58bfe	147000
1773612645	8530	66	3d70650a64de	84600
1773612833	8532	66	6b8c93aff936	112800
1773613862	8655	66	7e9c279af182	617400
1773615949	8655	66	fb7088b2a227	1252200
1773616022	8655	66	f5dd6d764201	43800
1773616037	8655	66	32aeaa299b18	9000
1773616119	8657	66	d4bab24162a9	49200
1773616182	8659	66	6e59d2bcd25f	37800
1773616887	8659	66	a5e6b8138987	423000
1773617303	8718	66	446af1814749	249600
1773617689	8718	66	00d71af1b0b4	231600
1773620399	8730	66	6bff2a3f849a	1626000
1773650194	8730	66	15a827a0a0b9	17877000
1773654176	8730	66	6413dbb76955	2389200
1773661351	8731	66	86ae42f8833f	4305000
1773661396	8811	66	1390836d70aa	27000
1773661471	8813	66	cb995a6a479e	45000
1773661489	8813	66	c620b5decf18	10800
1773661571	8815	66	fb86090c34dc	49200
1773666827	8816	66	f22b2e20c504	3153600
1773666850	8855	66	12cf9e3d1b0c	13800
1773667163	8856	66	3227e1f6cba9	187800
1773667182	8883	66	bbc05d8782dc	11400
1773667260	8883	66	a1b445e84eaf	46800
1773667433	8891	66	128d82ea6b27	103800
1773668243	8903	66	4f3685b3dc8c	486000
1773668355	8898	66	2ef4197f0bb2	67200
1773668448	8889	66	9caa260a2813	55800
1773668590	8889	66	b06f414066cb	85200
1773668717	8899	66	ad5cc7e65352	76200
1773668990	8876	66	9294dc7a7407	163800
1773669111	8882	66	577f0da6e392	72600
1773669187	8871	66	97cede1423fb	45600
1773669490	8898	66	b06974c673bd	181800
1773669552	8912	66	fee8c7d014d8	37200
1773669591	8912	66	273a0a7e113e	23400
1773669627	8912	66	eb5c8d7e1534	21600
1773669669	8912	66	0ac8954f32fa	25200
1773671780	8921	66	5c0bfeb4bbb0	1266600
1773671920	8921	66	9b16961d8180	84000
1773672033	8936	66	8ca35fc0056d	67800
1773672180	8933	66	84251dba296b	88200
1773672312	8924	66	53b105b56d97	79200
1773674887	8902	66	0faafc1219ba	1545000
1773681631	8902	66	149148a54f18	4046400
1773700213	8902	66	3b20eb26a476	11149200
1773703545	8903	66	e07f0866ca2d	1999200
1773739403	8907	66	7c5549cae70d	21514800
1773739689	8924	66	76149878609c	171600
1773791059	8926	66	5050cf31c079	30822000
1773791139	8967	66	68081e97fa6d	48000
1773791233	8972	66	dc97db294bd7	56400
1773791458	8946	66	0c1ac23b003b	135000
1773791760	8947	66	72ef620809cb	181200
1773791922	8947	66	e0ae0f7c278b	97200
1773792011	8931	66	068b1e3035c7	53400
1773792149	8947	66	96cd65568cf2	82800
1773792251	8953	66	e68e48095f85	61200
1773792361	8953	66	6071205f60c7	66000
1773792574	8936	66	00afae005c11	127800
1773792652	8961	66	9f183606d1e2	46800
1773792711	8966	66	c794d46c13ea	35400
1773793157	8913	66	e46bd5d9be6f	267600
1773793315	8934	66	84156194c811	94800
1773793344	8931	66	9bc641ef1895	17400
1773793472	8931	66	ef113bf3a74e	76800
1773794821	8931	66	a0f737469ea6	809400
1773815680	8931	66	f0bbee6cba1e	12515400
1773817673	8931	66	d6231ee2ff13	1195800
1773844515	8932	66	e8c6f5ad9b32	16105200
1773868849	8931	66	f1bb14933b09	14600400
1773868891	8931	66	c9a714935a4c	25200
1773901737	8931	66	10e70b0a5ed1	19707600
1773903850	8931	66	5a659e5f354c	1267800
1773990163	8931	66	31a993acd409	51787800
1774026722	8932	66	ef819e629dc1	21935400
1774027019	9005	66	57207ed6b02f	178200
1774028180	8978	66	762a3035c6c6	696600
1774028253	9005	66	1c059e791a2d	43800
1774028432	8999	66	02ee76f8ec45	107400
1774033472	9000	66	5380548a6b76	3024000
1774033521	9000	66	ee11cd5bb7a6	29400
1774034241	9000	66	7444d6214b52	432000
1774035773	9053	66	aef8c0830d7f	919200
1774035902	9066	66	d769caa9e609	77400
1774035937	9066	66	b85cc5faefc6	21000
1774036600	9060	66	9c14b7005eb9	397800
1774037122	9048	66	48d3a509b607	313200
1774037442	9040	66	ffab1ed1785c	192000
1774037965	9056	66	ac0cc17b669f	313800
1774038199	9035	66	0da479c2be6c	140400
1774038643	9070	66	34b07badb063	266400
1774038820	9068	66	28f6ef8ade0c	106200
1774040119	9075	66	f5dad7e17658	779400
1774040286	9008	66	b4b53ed470a9	100200
1774040629	9052	66	3447f6fb89f8	205800
1774041412	9077	66	2ffbd04689fb	469800
1774045229	9093	66	e740eb11bc40	2290200
1774045525	9110	66	ab88762810b2	177600
1774046117	9228	66	4266c5fefffe	355200
1774046348	9220	66	79adb64bc43a	138600
1774046880	9103	66	5ca53fd890de	319200
1774047066	9176	66	587b7bc54e2b	111600
1774047201	9211	66	66abd01418ff	81000
1774048580	9295	66	d476021f80a3	827400
1774049615	9225	66	274a82d24ca1	621000
1774049705	9295	66	783bef541a16	54000
1774050068	9384	66	a4bb1bb4af35	217800
1774050320	9384	66	d0da6bbedf45	151200
1774051284	9426	66	dab0a774bdf3	578400
1774051471	9352	66	3c31ccdd05d2	112200
1774051685	9214	66	754ead1077e4	128400
1774051911	9100	66	7a782129769a	135600
1774052211	9083	66	2d18a50f6167	180000
1774052892	9213	66	cb32c2f7ae24	408600
1774053651	9184	66	19bfebdb7812	455400
1774053712	9186	66	5a2000fdac1c	36600
1774053803	9185	66	5910d9e72528	54600
1774053840	9179	66	5b685f45c30b	22200
1774053958	9179	66	4d8eece0ceab	70800
1774054238	9144	66	7ccbe4a3de35	168000
1774054290	9138	66	33091820af3e	31200
1774054321	9118	66	c6b9e5480b4c	18600
1774054742	9117	66	d577eb971c2f	252600
1774055123	9135	66	fa2b69b7a5ec	228600
1774055270	9092	66	c21d7b2ad33f	88200
1774055445	9160	66	55e33c7108c2	105000
1774055607	9082	66	17581c52fde8	97200
1774055956	9101	66	845feb271892	209400
1774056173	9122	66	d674bd76e6a6	130200
1774056615	9110	66	ac4153f1ff1b	265200
1774056795	9111	66	6826f9424204	108000
1774057119	9135	66	21918c1efa8d	194400
1774057243	9120	66	5d3d6fd947fd	74400
1774057709	9129	66	f1e829965f23	279600
1774057782	9003	66	2733d56710e2	43800
1774057820	9129	66	967f08d7c3e4	22800
1774058316	9129	66	9f3328567ad9	297600
1774058435	9094	66	809cb90029bc	71400
1774058617	9046	66	d9b314bc547f	109200
1774058982	9041	66	e93251c26ccb	219000
1774059083	9129	66	53668e6eea1d	60600
1774059547	9129	66	a6a90511dfe4	278400
1774060131	9166	66	95680c5df289	350400
1774060622	9164	66	263faba93b8e	294600
1774060685	9170	66	3530451a1530	37800
1774060975	9170	66	170491b8b05f	174000
1774061250	9170	66	26b04db03012	165000
1774061282	9244	66	f7399af29bcf	19200
1774062062	9244	66	51b4f4263a0e	468000
1774062675	9271	66	9f0162e84495	367800
1774062964	9275	66	69b567d6a82e	173400
1774063181	9275	66	211aaf62c9b6	130200
1774063211	9289	66	ab71c3c6e3fb	18000
1774063361	9276	66	9e2615562480	90000
1774064209	9137	66	f65b834ff5a0	508800
1774064263	9011	66	243a79124ec4	32400
1774064321	9038	66	79aa94adb96d	34800
1774064543	9058	66	a71345c5375e	133200
1774064591	9116	66	cf23838f2aee	28800
1774064823	9161	66	1ab3d07964f2	139200
1774064867	9135	66	2e600140b581	26400
1774064895	9088	66	5462993b53bd	16800
1774065020	9088	66	12fc818ae159	75000
1774075047	9088	66	661e758d1ab8	6016200
1774090289	9089	66	50f83b62599b	9145200
1774090681	9126	66	7d59f39872b4	235200
1774090800	9186	66	76af4240122d	71400
1774091072	9126	66	681767c4d36b	163200
1774091509	9174	66	9005ad4dc828	262200
1774091717	9175	66	a7fab5c6fe4a	124800
1774091756	9281	66	173dfd4a3744	23400
1774091905	9286	66	5b2df96fab31	89400
1774092031	9287	66	de126facaade	75600
1774092158	9296	66	450e60432f66	76200
1774092408	9296	66	8682c1f4b542	150000
1774092560	9310	66	257a05affae3	91200
1774092940	9388	66	6da44459489f	228000
1774093481	9322	66	57b561a86224	324600
1774093672	9324	66	c25c82b8377a	114600
1774094267	9369	66	65b20435a49c	357000
1774094308	9312	66	c4f61a5a7044	24600
1774094342	9309	66	5f06dddee2e2	20400
1774099037	9215	66	616c22722a9d	2817000
1774099185	9216	66	b6d42af79454	88800
1774099332	9235	66	07c0902cccf9	88200
1774099424	9242	66	83cfa25a9d91	55200
1774099536	9242	66	9b894fa52a7e	67200
1774100658	9257	66	0678c3005567	673200
1774100820	9288	66	c5504f88a45e	97200
1774100958	9288	66	a6ad10c8b67e	82800
1774104177	9288	66	23839fb90642	1931400
1774104293	9288	66	2a61306221d8	69600
1774104475	9358	66	3fb66ca93c0a	109200
1774119347	9366	66	c5bf86a84a04	8923200
1774119607	9386	66	a74e7764d033	156000
1774123885	9388	66	2421dd45df7e	2566800
1774123972	9389	66	ca21c5070107	52200
1774123990	9388	66	1763f478a5c9	10800
1774124013	9389	66	8844da5239f9	13800
1774124039	9427	66	3b821a170a42	15600
1774124292	9429	66	42828e1b2e47	151800
1774124568	9462	66	aa64e561a2f5	165600
1774124636	9466	66	27160ecfb391	40800
1774125544	9468	66	152b2b8fe76e	544800
1774126609	9390	66	63a32976e2bc	639000
1774126887	9422	66	5a457ca8c775	166800
1774127532	9473	66	02a78b61b8da	387000
1774127597	9434	66	2295bfd85227	39000
1774127701	9436	66	a6fafba6fc69	62400
1774127997	9439	66	a5e61a0ff65f	177600
1774128531	9444	66	07b0e9eb7fd2	320400
1774130939	9446	66	cdc05b007956	1444800
1774131780	9441	66	740bb3f1e3d4	504600
1774132553	9438	66	631daaa621ad	463800
1774134931	9444	66	6c6c49cfe192	1426800
1774136239	9441	66	b4348e51e025	784800
1774137142	9443	66	7c4841ae0176	541800
1774137791	9445	66	ba9fa25dba4a	389400
1774138170	9447	66	8b43e5a3e5e3	227400
1774138689	9449	66	0bd7fb5f5e84	311400
1774140598	9450	66	45c85d85cc5d	1145400
1774140629	9548	66	947dd190f85a	18600
1774141089	24730	66	3cb5adc3851e	276000
1774141240	24753	66	a2fbcf2b55d0	90600
1774141368	24754	66	da04cc36d744	76800
1774143163	24819	66	9a233eca6769	1077000
1774143242	24661	66	a24fa98d3c9e	47400
1774143289	24801	66	06cef5f05d6d	28200
1774143594	24755	66	424077202aa5	183000
1774143936	24755	66	5bba15df8bcf	205200
1774144816	24896	66	9982cfb6a109	528000
1774144881	24897	66	731fa85481a7	39000
1774145160	24896	66	10fe083a84ac	167400
1774162711	24898	66	4ed655666a8a	10530600
1774174973	24899	66	09dcb9868d1f	7357200
1774175138	26135	66	4113bde301cb	99000
1774175508	26294	66	47b3ba6bfc88	222000
1774175779	26295	66	1749b42ed743	162600
1774176223	26295	66	14f05c73d15e	266400
1774176361	26294	66	fdc6e811b433	82800
1774176667	26294	66	d77370afaee4	183600
1774176700	26258	66	f1a87d867235	19800
1774177101	26258	66	f84c1551c785	240600
1774177642	26276	66	8ac55053bcdf	324600
1774177723	26294	66	7100d6b43dbf	48600
1774181339	26295	66	29ca24098d59	2169600
1774181406	28374	66	c3a00f4bc687	40200
1774181533	28515	66	63776611d635	76200
1774181639	28516	66	4197dff205a4	63600
1774182067	28506	66	893b7230ca6d	256800
1774182431	29449	66	3d809bf921e7	218400
1774182582	29450	66	fff07293a84d	90600
1774182734	29450	66	0fe44e884037	91200
1774182775	29584	66	a9d45bb4792c	24600
1774183076	29585	66	5bcacc1544ee	180600
1774184162	29622	66	0e4dd35d259f	651600
1774184463	29628	66	da8c64a1c34a	180600
1774184696	29683	66	863dae96fa6f	139800
1774184756	29735	66	9b3e7b63dc7b	36000
1774184816	29795	66	b9a9268d9798	36000
1774185040	29795	66	24152bac77a3	134400
1774194379	29796	66	c76665fdda13	5603400
1774194528	29992	66	85a9ac153cf3	89400
1774194615	29993	66	0034b98c7753	52200
1774194823	30027	66	b277df1872d1	124800
1774199509	30028	66	90cdad48053a	2811600
1774199547	30225	66	7e8edf12af9c	22800
1774199634	30226	66	3d52314fee12	52200
1774199845	30226	66	84cd565ba49a	126600
1774199960	30226	66	1e2081d2c27b	69000
1774200351	34988	66	b6fc8b57518c	234600
1774200430	34989	66	273b075a739b	47400
1774200454	35175	66	1e4589810855	14400
1774200530	35176	66	c736c537e664	45600
1774201016	30414	66	79cb822b8db0	291600
1774201041	35174	66	87aa7a8acac5	15000
1774201415	35217	66	0b5c0e753b48	224400
1774203525	35013	66	c53a860e3943	1266000
1774203682	35217	66	dc1fe3c9232d	94200
1774204235	35138	66	9b29a5404984	331800
1774207543	35139	66	69cee58ded6e	1984800
1774207569	35256	66	b30096358813	15600
1774207692	35257	66	06ae2ec5aeaf	73800
1774207839	35258	66	0a57758e7241	88200
1774207862	35258	66	a48bcc5a3f89	13800
1774208165	35264	66	8226d06ffa6f	181800
1774208674	35315	66	373f105eb52a	305400
1774209359	35343	66	faaf8df7d592	411000
1774209747	35210	66	5c752735f89b	232800
1774209852	35390	66	41466070f728	63000
1774209950	35198	66	aaad213d616c	58800
1774210496	35344	66	cf38b9b72fc9	327600
1774210763	35346	66	46289b5e2226	160200
1774211089	35210	66	2b4a858c331a	195600
1774211137	35094	66	8f7aceddc7dd	28800
1774211398	35117	66	85d14bba481e	156600
1774211670	35245	66	19ea4b96d12e	163200
1774212146	35245	66	d133b7c1f283	285600
1774212179	35245	66	6dd929ad9966	19800
1774212553	35135	66	04b04457d460	224400
1774212771	35065	66	1367fce2e584	130800
1774213414	35129	66	95d513df82c7	385800
1774213580	35124	66	8aba153e2aa1	99600
1774213779	35134	66	41733639dc3e	119400
1774214169	35135	66	0a1470ee0ea3	234000
1774214685	35135	66	a7bf72cd6a40	309600
1774214872	35135	66	40a1baca3ec8	112200
1774215194	35135	66	003b2d085cfc	193200
1774215225	35135	66	a32626a16616	18600
1774215462	35159	66	016e893f99b5	142200
1774215595	35398	66	2c387afe4706	79800
1774215669	35398	66	cd6f1ceaec49	44400
1774215838	35399	66	beb978ee2692	101400
1774216250	35398	66	c81330a0e12c	247200
1774216281	35397	66	2f2dd9fa3911	18600
1774216966	35397	66	4d26bf9cd42a	411000
1774217050	35397	66	6f5de02241d6	50400
1774217143	35397	66	dda1a62af6e1	55800
1774217589	35397	66	262d4dd339c1	267600
1774217684	35101	66	857c406becc0	57000
1774218035	35172	66	faa7af798faa	210600
1774218173	35245	66	1993aa106b66	82800
1774218466	35245	66	e814397fa6cf	175800
1774218650	35230	66	7f77edc39c72	110400
1774218989	35226	66	2e0d6d75b2f3	203400
1774219054	35167	66	dcdfd72b4d4e	39000
1774219219	35167	66	687702da3bea	99000
1774250317	35169	66	22597cc0db08	18658800
1774256746	35200	66	fdc557ab20e1	3857400
1774256779	35251	66	bd1a8518e9b6	19800
1774257097	35130	66	a8df7ad2e152	190800
1774257203	35037	66	4f44cd74946a	63600
1774257382	35080	66	98a05494b346	107400
1774257588	35092	66	e8e3bac692ec	123600
1774258113	35112	66	ba8a84f35a92	315000
1774258202	35244	66	9cdb553d0fbd	53400
1774258290	35231	66	6034a167a973	52800
1774258971	35232	66	ee8b30097db0	408600
1774259225	35443	66	212f920ca2e0	152400
1774259329	35449	66	ac6645b5d033	62400
1774259423	35450	66	ee9b297a15d1	56400
1774259557	35451	66	6b632fb239fa	80400
1774259956	35451	66	5fed77db528c	239400
1774274265	35523	66	af68e1462fed	8585400
1774274807	35524	66	6e7711da4ef6	325200
1774274997	35524	66	7d605205d867	114000
1774275675	35526	66	6a0441a7e635	406800
1774275885	35496	66	72586db8c64f	126000
1774276101	35592	66	ec6fe146c4e1	129600
1774277090	35580	66	925232a6099a	593400
1774277605	35579	66	7f37db220fdb	309000
1774277683	35552	66	065c94fdc26b	46800
1774277796	35579	66	6da804f59298	67800
1774278005	35579	66	bc445eb3395e	125400
1774278100	35564	66	8140b9e51dd6	57000
1774278137	35581	66	d8f6f4ce50a0	22200
1774278264	35582	66	9e22654cb4fe	76200
1774278415	35582	66	bf8a5693cf5b	90600
1774278528	35567	66	487e635fac71	67800
1774278636	35564	66	88386a32121d	64800
1774278669	35564	66	177c9fbde9d3	19800
1774278971	35659	66	65018535a57f	181200
1774279014	35659	66	3aae6f07d16c	25800
1774279181	35565	66	b61cb93d848b	100200
1774279347	35570	66	3c8197607124	99600
1774279416	35571	66	59b5336ba87d	41400
1774280160	35571	66	af918e3809a9	446400
1774285024	35572	66	47c510c6b47e	2918400
1774285059	35767	66	6729a196b72c	21000
1774291929	35767	66	6739fc555c0f	4122000
1774294815	35813	66	7ffe680871ca	1731600
1774294882	35856	66	d495e2e15d3a	40200
1774295331	35855	66	f09c9ace22f4	269400
1774295355	35856	66	3f2c6058ade9	14400
1774295445	35857	66	4075c47c70b3	54000
1774296277	35858	66	4875c554fad5	499200
1774297434	35858	66	9f6c2769487c	694200
1774297455	35858	66	5030f1e963e1	12600
1774298064	35874	66	19946a6437b5	365400
1774298193	35874	66	35c837cf5612	77400
1774298677	35799	66	4c3fa1c442d2	290400
1774298864	35874	66	3a269f04bd06	112200
1774299122	35882	66	f1cfb4858671	154800
1774299514	35930	66	44f56a8a2262	235200
1774299814	35931	66	5ad723661e94	180000
1774300682	35938	66	1feca254f847	520800
1774300709	35954	66	ff7a477723b6	16200
1774300915	35917	66	b9afa9b3813c	123600
1774301195	35942	66	dde8c89fc97c	168000
1774301480	35944	66	cb84c258b411	171000
1774301516	35968	66	10c8faf9958f	21600
1774301544	35967	66	6f14404e92dd	16800
1774301811	35986	66	a30f2479e673	160200
1774302181	35987	66	f9b5504490de	222000
1774302564	35983	66	d8ff4bdaadfc	229800
1774302614	35983	66	bb7609e91d8f	30000
1774302632	35983	66	dabec5a8e641	10800
1774336303	35983	66	6e71d5f77bf2	20202600
1774419632	35984	66	48514ee3d5be	49997400
1774420144	36252	66	96970fe58ab8	307200
1774420478	36253	66	16da787e6b77	200400
1774420615	36253	66	c4e5318b93d6	82200
1774421581	36270	66	85c67f77814a	579600
1774421795	36324	66	6bbceb4251c0	128400
1774421964	36326	66	2a5341bce425	101400
1774422165	36326	66	060e66a8e227	120600
1774422567	36326	66	a51c6f1b529c	241200
1774509421	36326	66	121512eabbca	52112400
1774539763	36327	66	6e6799f37f1a	18205200
1774540031	36327	66	445e386c085d	160800
1774540096	36327	66	1d80656777e6	39000
1774540184	36327	66	e45e87aa992a	52800
1774541594	36553	66	724040c958b1	846000
1774541768	36554	66	9ef32bb847b2	104400
1774545964	36559	66	b9c4d6e67683	2517600
1774546236	36560	66	88f53c601523	163200
1774546301	36618	66	326a64f2eea9	39000
1774546738	36621	66	8ab9d85ac678	262200
1774548112	36621	66	20360418e163	824400
1774549824	36621	66	7c8670dff14c	1027200
1774550883	36621	66	2cbd56703246	635400
1774551186	36622	66	4e482787f3ff	181800
1774551264	36622	66	79bad63aca45	46800
1774553312	36738	66	91d0d1ab20c8	1228800
1774553538	36738	66	d79040e5d791	135600
1774553556	36738	66	166b5f113a9b	10800
1774553744	36735	66	f0d93195b987	112800
1774554018	36759	66	ae4465177156	164400
1774554584	36678	66	3e69e904ab26	339600
1774554618	36680	66	fb45f8120e06	20400
1774554833	36680	66	c71e3e1ad50d	129000
1774555310	36675	66	097637b10a1f	286200
1774555638	36674	66	5dfa2534c802	196800
1774555766	36676	66	a557838ddcd2	76800
1774559030	36709	66	4cef31177590	1958400
1774559372	36710	66	65536234e8e5	205200
1774562528	36712	66	3fecc6038f51	1893600
1774562550	36712	66	f37aa35852b8	13200
1774562578	36714	66	898023b1c445	16800
1774562602	36716	66	3d2fae79dab6	14400
1774563001	36717	66	1a9a65222ace	239400
1774563247	36718	66	65b4abc470b6	147600
1774563278	36776	66	55356c55e6e9	18600
1774563364	36779	66	d80ffdf7f185	51600
1774563614	36814	66	afb43d2cfebf	150000
1774564828	36815	66	9f74ccaf3a8c	728400
1774567321	36863	66	e334e5f72b46	1495800
1774572861	36864	66	e3ca9f9791ae	3324000
1774572907	37254	66	4246171ed7a3	27600
1774573048	37255	66	c39a13d7f425	84600
1774573075	37330	66	307b5f9664c9	16200
1774573131	37333	66	ab54dd6d093c	33600
1774573582	37334	66	2e535f7d22fa	270600
1774573835	37362	66	422400053e81	151800
1774574261	37379	66	8d2911d74a58	255600
1774574376	37380	66	114914b4f8c2	69000
1774574406	37439	66	03e63635ae97	18000
1774574479	37442	66	4f60a400de54	43800
1774575026	37442	66	550c32c06034	328200
1774575857	37469	66	45b65bb6e47f	498600
1774576728	37480	66	4c0a5a04883c	522600
1774595765	37480	66	b8c5dc26b14f	11422200
1774606156	37480	66	faa0549d5bda	6234600
1774606481	37481	66	90487358ab60	195000
1774606853	37482	66	7140a46c7763	223200
1774607112	37482	66	149a1d2f26d9	155400
1774607257	37482	66	57f187926e52	87000
1774635538	37418	66	9b98b1dc078f	16968600
1774636470	37095	66	d6aa53390a84	559200
1774636957	37432	66	e89a50aca359	292200
1774639095	37514	66	47338dc904cf	1282800
1774639793	37317	66	f5cc3e22c684	418800
1774640292	37314	66	bd5e058870a6	299400
1774640583	37363	66	199f6003fcee	174600
1774641100	37380	66	40ac2e79b68c	310200
1774641553	37429	66	5fafd392a0e8	271800
1774642024	37415	66	d2de48a0a192	282600
1774642508	37412	66	5c0a95251b81	290400
1774648131	37413	66	8bdd47eee264	3373800
1774648154	37487	66	5d444ee35719	13800
1774648300	37487	66	3e66eec168ac	87600
1774648800	37488	66	1bec07bf3a15	300000
1774653604	37512	66	aa744c2a3b2e	2882400
1774655605	37513	66	c1189604c1f1	1200600
1774655624	37583	66	58834316a178	11400
1774655768	37584	66	72cdc31a7960	86400
1774655795	37653	66	ed98908baae7	16200
1774655850	37659	66	f0cea63f5fbc	33000
1774655903	37638	66	14bf0c084a9f	31800
1774656448	37640	66	352632a924b8	327000
1774658717	37641	66	8505dddaaa61	1361400
1774658741	37751	66	b16587e8b939	14400
1774658913	37762	66	6212a48c4c79	103200
1774658991	37763	66	779c3bd5e431	46800
1774659013	37835	66	a88f0d362148	13200
1774659054	37904	66	776961dfb9ca	24600
1774659212	37925	66	3688cc02fbda	94800
1774659681	37926	66	347766bbf79b	281400
1774660114	37928	66	2eeb4719cd58	259800
1774661532	37916	66	092508d69845	850800
1774662275	37917	66	8372ff4997ac	445800
1774662819	37951	66	486c69a745ed	326400
1774663435	37995	66	9aa17fbe8bee	369600
1774664270	38021	66	8e435d3880e8	501000
1774681487	38021	66	eb5a9ae00c76	10330200
1774706957	37650	66	9bc22fb7cfe3	15282000
1774712320	37650	66	ee97c5d8bd92	3217800
1774712638	37843	66	86c7d670daa3	190800
1774712885	38020	66	5fc7f5733ec1	148200
1774713422	38022	66	8860704c2e43	322200
1774720986	38146	66	2a6205f948b0	4538400
1774721032	38137	66	baf139f3fabc	27600
1774721376	38188	66	09a83358a6b7	206400
1774721899	38252	66	ad84ce05f5ed	313800
1774723034	38265	66	0ef47cad66f4	681000
1774723483	38269	66	235c7d92ec68	269400
1774724116	38269	66	16084056df50	379800
1774738069	38270	66	05f444df1236	8371800
1774738100	38270	66	7585fae5d878	18600
1774738147	39012	66	812cfd48a050	28200
1774738228	39012	66	0dbbcfc9e51d	48600
1774738380	39070	66	46cc2a518280	91200
1774738440	39102	66	f5b8cfc78101	36000
1774738938	39114	66	1d3b9d943f24	298800
1774739158	43199	66	f7bf2c0f3c60	132000
1774739193	43269	66	2c8498f7ccc8	21000
1774739238	43313	66	a85270b70a4d	27000
1774739466	43319	66	20e993ddc0de	136800
1774740840	43321	66	6f8a2e3e2b89	824400
1774740984	43313	66	1ed190b7f10d	86400
1774741410	43322	66	4a9e67a43966	255600
1774742285	43308	66	e702139097ff	525000
1774742784	43366	66	cf99673fb875	299400
1774744123	43395	66	532f483fc8b3	803400
1774748942	43395	66	ac391153342b	2891400
1774749284	43201	66	cb5e89792978	205200
1774749709	43202	66	6869631c6c1e	255000
1774749756	43338	66	c08ad8069e23	28200
1774749943	43339	66	b354e57d3080	112200
1774750076	43347	66	81ef1575df1e	79800
1774750498	43288	66	b6787b2f8395	253200
1774750568	43288	66	0777b7ceb9d3	42000
1774750909	43358	66	2814be94b4d4	204600
1774751266	43356	66	080e582cb495	214200
1774751474	43354	66	3a46ef416fb1	124800
1774751866	43324	66	a7159a5a059b	235200
1774752166	43354	66	e2e32d336077	180000
1774752390	43404	66	55a1d238e7dd	134400
1774753086	43408	66	4b364dd20525	417600
1774753459	43434	66	5aab87625eb2	223800
1774753807	43433	66	40d13e4fc982	208800
1774754203	43437	66	d1329ec6c6ef	237600
1774756070	43484	66	8658b3cf155a	1120200
1774760697	43315	66	b62076ec670c	2776200
1774760969	43473	66	dfd3fcd49a6f	163200
1774767503	43750	66	a013627c73e1	3920400
1774768019	43751	66	17771cd294c4	309600
1774768295	43751	66	56421ae34f08	165600
1774768608	44297	66	48c895a0a5ea	187800
1774768905	44039	66	2e6d23a27ce9	178200
1774768980	43491	66	1ca3cf924a10	45000
1774769300	43532	66	2a6564b6f176	192000
1774770091	43590	66	72211c1c3ca5	474600
1774774949	43591	66	cae413a60d6e	2914800
1774775074	43978	66	c04603ba5dbe	75000
1774822578	43983	66	f2d6dd936cb5	28502400
1774825177	44002	66	b2af2a90c723	1559400
1774825420	43978	66	d5c5c7eca942	145800
1774825926	43995	66	007764447340	303600
1774826445	43993	66	e4a4d7d63811	311400
1774827073	43963	66	70ca9bd7ab6b	376800
1774827722	43546	66	b8bd9a655bff	389400
1774827941	43546	66	7e4ba701445d	131400
1774828727	43618	66	701c272f42a6	471600
1774828867	43598	66	40e486698f9a	84000
1774829151	43599	66	eb3f50990a2d	170400
1774829306	43616	66	ab7152fc9a01	93000
1774829352	43673	66	58211acf6499	27600
1774829974	43674	66	363c3593bc53	373200
1774830019	43690	66	1dca389e015b	27000
1774832440	43710	66	a6da1bb1db2b	1452600
1774857021	43710	66	8d5a2fb1fe9f	14748600
1774915903	43695	66	25530c111233	35329200
1774916639	43695	66	eee420c5b61b	441600
1774917161	43704	66	767a304e309d	313200
1774917291	43706	66	4822f0f49a36	78000
1774941818	43706	66	cadad9f1d3c1	14716200
1775008999	122716	66	5c5f0fdda4cd	40308600
1775010180	122671	66	56c3e4a81ee9	708600
1775029321	122671	66	7ed1e92fd644	11484600
1775055101	122671	66	e31fdee93737	15468000
1775055248	122676	66	29e9e6f447b3	88200
1775114439	122676	66	3a1a0b8080f5	35514600
1775200651	122676	66	b2023334d39c	51727200
1775224621	122677	66	43efe3851372	14382000
1775224635	122680	66	fbeaba4246c4	8400
1775225240	122677	66	55405a8002c2	363000
1775225313	122677	66	625b75814cda	43800
1775225688	122668	66	9bc14456df2d	225000
1775225923	122666	66	f4aa1a218c6d	141000
1775226247	122672	66	dc3c271acb55	194400
1775226706	122648	66	2209a478bd9a	275400
1775227347	122643	66	7368990fd7be	384600
1775227768	122652	66	aeff728e06b9	252600
1775228145	122652	66	e3a50f00e8be	226200
1775229223	122766	66	89a257e705df	646800
1775230249	122759	66	9d6453043bc2	615600
1775230554	122757	66	97e4f8b7808a	183000
1775230793	122751	66	801567e1a14d	143400
1775230908	122751	66	c3d15c99494a	69000
1775231532	122751	66	ac7b36ab631a	374400
1775231922	122759	66	ef8a7724f501	234000
1775232041	122744	66	86a23abcbcf6	71400
1775232348	122744	66	14557078cf87	184200
1775232446	122845	66	8e9c8af307b7	58800
1775233047	122758	66	9909312822c3	360600
1775234472	123218	66	1289614dbbdb	855000
1775234842	123226	66	d454cec12c00	222000
1775234976	123225	66	b7eae6aacd2c	80400
1775236228	123221	66	7aa19fd6b47a	751200
1775236405	123220	66	04d6d37e9557	106200
1775236797	123257	66	78f2dd42e371	235200
1775237498	123291	66	77715e5c8aea	420600
1775237961	123318	66	ebe0adfa9fc8	277800
1775238104	123370	66	2837b2268ba5	85800
1775238341	123431	66	4e8d2b721eb3	142200
1775238648	123425	66	8afd458e063f	184200
1775239114	123477	66	153d73aa221f	279600
1775239292	123477	66	933a6a2d894e	106800
1775239542	123482	66	da49bdfd769d	150000
1775239560	123484	66	ee10e38bcb56	10800
1775239596	123485	66	7a273431e0de	21600
1775241430	123489	66	57217ac4afcb	1100400
1775241661	124020	66	9dd99dd48cbc	138600
1775241798	124173	66	ac6ae1a3dbb7	82200
1775241883	124130	66	8ef9492e257e	51000
1775242500	124138	66	92bb9533fa61	370200
1775242850	124474	66	d9e25788b61d	210000
1775243180	125010	66	d3cb1ecd16ca	198000
1775243318	125129	66	57a69cda275a	82800
1775243691	125787	66	fb71198d7925	223800
1775243817	125901	66	aa5d0e9e8ce4	75600
1775244048	126221	66	87580591ea72	138600
1775244071	126215	66	9b00809eb5d7	13800
1775244098	126215	66	cdf590488a2a	16200
1775244126	126215	66	44030a096465	16800
1775244379	126215	66	bef5a88b7133	151800
1775245174	126215	66	d35d3b021477	477000
1775245267	126245	66	ff91c166c6ea	55800
1775245481	126245	66	b7d52309fa9f	128400
1775245670	126115	66	c7fca7a52dbd	113400
1775245778	126115	66	8cb5dfeb76e7	64800
1775246171	126090	66	0de35ddcb86d	235800
1775246314	126090	66	b1cfcd6ff39c	85800
1775246327	126090	66	7c7d8fd244b8	7800
1775246453	126732	66	8ba10e0e31a4	75600
1775246493	127051	66	d0f65e39f954	24000
1775246595	127264	66	c90f8e414d84	61200
1775246927	127322	66	9d547071a2a4	199200
1775247564	127310	66	80aae372c21f	382200
1775247899	127330	66	a23bd2153940	201000
1775248678	127419	66	a2a4dd0b6f2b	467400
1775249783	127506	66	aa0167065629	663000
1775257686	127717	66	441659d77952	4741800
1775258309	127831	66	d6b315a8cf2d	373800
1775258340	127880	66	1576e7f0a0db	18600
1775258524	128016	66	087c65580945	110400
1775259699	128017	66	06acbc78eb4b	705000
1775260592	127864	66	00d659789b56	535800
1775263088	127915	66	d2536d65201b	1497600
1775265177	128011	66	e847964088bb	1253400
1775265225	128056	66	7b5d141efec6	28800
1775265501	128057	66	ac94efbe0516	165600
1775265631	128058	66	a52ae88f7003	78000
1775266519	128078	66	989674c22096	532800
1775267354	128082	66	53dda4252a9d	501000
1775268332	128084	66	cb589ff8eca1	586800
1775268822	128084	66	6960563c93e6	294000
1775269280	128084	66	2180fe21c458	274800
1775269800	128109	66	7eb3691f9268	312000
1775286463	128109	66	d58170130079	9997800
1775304710	128400	66	d74bdc013932	10948200
1775304756	128446	66	d2fcf5f21db7	27600
1775305481	128363	66	d284218d0a29	435000
1775305543	128363	66	85a54440e9c5	37200
1775306377	128364	66	0738954c7275	500400
1775306830	128366	66	4e46cf317160	271800
1775322916	128365	66	f53573e500df	9651600
1775327523	128328	66	023d6ae2c15e	2764200
1775342157	128329	66	1ec7dd90c566	8780400
1775342635	128328	66	8f2bbd7dcb84	286800
1775342783	128351	66	01f38303cd53	88800
1775343252	128344	66	a6b89a224da5	281400
1775343378	128357	66	91b9d244c68a	75600
1775344578	128392	66	66ad880de71a	720000
1775345689	129566	66	c8797a587af7	666600
1775347591	129563	66	d14f70edcb80	1141200
1775347856	129724	66	51a66554c445	159000
1775347938	129771	66	57d83995a868	49200
1775348059	129772	66	af04bf36e849	72600
1775348125	129893	66	655b290d1e7c	39600
1775348161	129940	66	af48752cd88c	21600
1775348254	129941	66	1398dd8f5737	55800
1775349545	129973	66	15418eaaba02	774600
1775349883	130011	66	5e6cfca757c5	202800
1775350198	129973	66	57642170f7d6	189000
1775350687	130011	66	9f3f6a62d007	293400
1775350999	129973	66	2aa943fe4a23	187200
1775373285	129973	66	81585c1dc0cd	13371600
1775388009	130057	66	913e924d51d4	8834400
1775388122	130810	66	d4142e41718a	67800
1775388277	130811	66	654277529053	93000
1775388330	130811	66	0aa71c1b1426	31800
1775388656	131002	66	6110202a1143	195600
1775388802	131003	66	4ca560d02496	87600
1775390332	131016	66	d3c48e3e7709	918000
1775392422	131075	66	efb8bd1fc7f3	1254000
1775394552	131151	66	e989b8fccb7e	1278000
1775396080	131156	66	8fdf98b5d78b	916800
1775397790	131166	66	0f7138c01eb1	1026000
1775400727	131174	66	288376167bed	1762200
1775401127	131283	66	5712290441f2	240000
1775405605	131417	66	c0a3b149d63f	2686800
1775406199	131097	66	c0dc5751e28d	356400
1775406272	131207	66	f54b5a9d59a0	43800
1775406310	131205	66	1b025db465cd	22800
1775406333	131205	66	a56943448f13	13800
1775410670	131206	66	a073b1c9f21c	2602200
1775410869	130532	66	dda9007c4854	119400
1775412420	130531	66	15d507d59f57	930600
1775412501	131206	66	e61687870503	48600
1775412762	130531	66	ba82da29ffbe	156600
1775412813	131205	66	26ac863244e3	30600
1775415413	131252	66	7e964cac03c5	1560000
1775416087	131295	66	9eea1314b80f	404400
1775416496	131327	66	bae6844f85e2	245400
1775420330	131586	66	e700a1727b6f	2300400
1775420352	131627	66	ccd440e45892	13200
1775420380	131657	66	98fcff60230b	16800
1775420881	132068	66	6cdf467ebd89	300600
1775420959	132069	66	ed9dcb7cfafa	46800
1775421445	132067	66	6c6d7bc41798	291600
1775421471	132093	66	57db23de9436	15600
1775421767	132093	66	726270ebbc62	177600
1775422508	132077	66	a1ec1f8f4f0e	444600
1775423097	132111	66	648095080eb6	353400
1775424849	132108	66	50e4ed1d796c	1051200
1775424863	132108	66	6a5106005c1f	8400
1775424883	132101	66	dd13c9f9755e	12000
1775425381	132101	66	fbaf46545bf8	298800
1775426623	132105	66	df6c1dc22f81	745200
1775426665	132105	66	efa55b49a680	25200
1775427010	132080	66	e059fd8fd09c	207000
1775428049	132090	66	d4bce6b809b4	623400
1775431082	132137	66	6273551cf1bf	1819800
1775431118	132269	66	4df3c1ba5701	21600
1775431195	132270	66	1c4b4e666aa3	46200
1775431580	132308	66	a9f6440ed218	231000
1775431662	132308	66	fb6ce70b37b5	49200
1775432128	132310	66	86f5e55ae153	279600
1775433058	132359	66	59459677a5ec	558000
1775433102	132448	66	5e234e1069e7	26400
1775433628	132449	66	2c065ba4be66	315600
1775434383	132455	66	0f34db146f6b	453000
1775435022	132538	66	0ce20d6a1ca2	383400
1775435043	132455	66	3d5c5372d0d7	12600
1775435076	132538	66	aaf8f1f2c2a0	19800
1775435157	132587	66	71125c6d1354	48600
1775435279	132584	66	ce5cb254dfbf	73200
1775435531	132585	66	95abf9ded380	151200
1775435721	132591	66	cb447620edb7	114000
1775436721	132613	66	4bc6be231bfc	600000
1775437182	132711	66	a023266d6768	276600
1775437214	132760	66	20ecdbdfdf95	19200
1775437480	132730	66	694f0108b03f	159600
1775438391	132852	66	6bb12ac25041	546600
1775438601	132852	66	f483d7e5e7ca	126000
1775438981	132767	66	16b783654164	228000
1775439060	132767	66	f1407c895dce	47400
1775439404	132912	66	3e1e99d8efec	206400
1775439543	132914	66	d12f94d61914	83400
1775440338	132995	66	4b8800d62b91	477000
1775440705	132996	66	180ff5f13d12	220200
1775440813	132995	66	9f3e381e726f	64800
1775441006	133039	66	abeb23722541	115800
1775441098	133040	66	824c06888dea	55200
1775441208	133014	66	12676ef20bfb	66000
1775441448	133176	66	7f8da061a27a	144000
1775441588	133177	66	79bd55f5d2ee	84000
1775441682	133123	66	9fa4d22b843d	56400
1775442024	133015	66	6ba3571d2eca	205200
1775442156	133035	66	03029910fbaf	79200
1775442451	133055	66	6b45dc216c02	177000
1775442550	133204	66	f3472156fd51	59400
1775461946	133204	66	1fcc45e95aa3	11637600
1775466106	133206	66	ae7f0aceedb3	2496000
1775466359	133187	66	25106210e658	151800
1775466928	133235	66	7c613a1328d0	341400
1775467060	133235	66	5076e07c4713	79200
1775467173	133235	66	6949e72dadac	67800
1775467540	133261	66	0fb9d69be3ad	220200
1775467814	133206	66	6a1122cee6a0	164400
1775477429	133556	66	533e3673522a	5769000
1775479540	133417	66	b1f0cd53f23e	1266600
1775480019	133416	66	25cf4f9c406c	287400
1775513872	133414	66	a8572f9807d2	20311800
1775514063	133399	66	edf0ca748290	114600
1775514098	133388	66	9faff5587f60	21000
1775514578	133597	66	2f57cc506274	288000
1775514614	133633	66	af75adb3537f	21600
1775514878	133641	66	f52a9be55e23	158400
1775514948	133643	66	5510625bce85	42000
1775515228	133655	66	498fd88c0039	168000
1775516204	133651	66	5f5eee11405d	585600
1775516262	133651	66	7222e6d6a150	34800
1775516563	133652	66	da98cf14fbef	180600
1775516603	133650	66	0fb07a818d63	24000
1775516908	133651	66	804e8b0923f3	183000
1775517223	133830	66	0fe541335c17	189000
1775517248	133652	66	2b705ac10037	15000
1775517289	133646	66	af059514452c	24600
1775517534	133647	66	543bc1e33c64	147000
1775517834	133654	66	5fbabbd957ef	180000
1775517921	133691	66	a34ff709dccc	52200
1775518195	133852	66	a2b2f2e5dcc4	164400
1775518824	133930	66	5f0c025e2722	377400
1775518888	133865	66	50092b3a34e8	38400
1775518948	133891	66	50a6cc35a7bb	36000
1775519158	133892	66	25c36b7eff30	126000
1775519393	133892	66	7b332d6d30e4	141000
1775519638	133720	66	521a1dd2976a	147000
1775519977	133708	66	c40f2387eea2	203400
1775520095	133708	66	239f50c1bdb9	70800
1775520612	133723	66	bd0e49a7a1c4	310200
1775521162	133723	66	058af3910b88	330000
1775524028	133726	66	70fa9673a4a7	1719600
1775527040	134116	66	7cf02d4dadae	1807200
1775527051	134118	66	bbeddcad1f71	6600
1775527187	134220	66	8c2faa01feb3	81600
1775527328	134118	66	ee3b6ccd90d0	84600
1775527544	134119	66	ddd97388ca7f	129600
1775527951	133989	66	edaf8d544621	244200
1775528179	133988	66	1c6d55433c90	136800
1775528560	133922	66	c03525779ff8	228600
1775529400	134152	66	12ef99e637a2	504000
1775530106	134004	66	5da130f024e4	423600
1775530288	133995	66	6e8a60dbe682	109200
1775530375	133996	66	8c7cf803440c	52200
1775531351	134546	66	93074ed495b6	585600
1775546769	134546	66	ce5ea3a747e0	9250800
1775600064	134624	66	495d6c4c76e1	31977000
1775600420	134624	66	b9144d94872c	213600
1775600822	134621	66	652bd33c38e4	241200
1775634147	134621	66	ef3a42479485	19995000
1775649234	134803	66	5e454d930f52	9052200
1775649248	134799	66	b0607f35f56e	8400
1775650173	134786	66	f33e51f66508	555000
1775684976	135071	66	211e44f0ad5f	20881800
1775686240	135072	66	9cc4d369d390	758400
1775686250	135074	66	6f351effa28f	6000
1775686269	135075	66	c23fc33c7659	11400
1775686284	135076	66	5fe2ed96be9c	9000
1775686329	135502	66	f316293c7d8a	27000
1775686342	135504	66	015c66943f71	7800
1775686440	135505	66	72a2359fb047	58800
1775686686	135505	66	efaf164afef3	147600
1775687161	135078	66	780d470d4391	285000
1775687173	135077	66	1b5ca84f0d84	7200
1775687188	135408	66	abf4c2f935eb	9000
1775687198	135409	66	601865ac6823	6000
1775687341	135484	66	ae15fffeaf30	85800
1775687515	135595	66	256e81937e8a	104400
1775687669	135653	66	58307d9ce49a	92400
1775688580	2	65	99839daa4019	546600
1775688925	135652	66	c6acc8128667	207000
1775720689	135652	66	cecb95f300d7	19058400
1775730394	135825	66	cf1b88d67be8	5823000
1775730820	135838	66	d3638d535b09	255600
1775731485	135921	66	a16bf1edbad1	399000
1775736717	137043	66	616e45ffe945	3139200
1775737345	137043	66	0964e9b3ad17	376800
1775737988	137048	66	3d05ac64a4e8	385800
1775738614	137059	66	0e4d55f0d8f0	375600
1775739415	137067	66	0d8869159320	480600
1775739768	137067	66	2a9128b7c4a2	211800
1775740135	137071	66	7e425e855f28	220200
1775742208	137151	66	4b3b56009df4	1243800
1775744026	137020	66	2b4700da0dfe	1090800
1775746509	135898	66	fd6931271a5f	1489800
1775746593	136209	66	8f04cb036e4d	50400
1775759898	136625	66	4ea8dc9001e6	7983000
1775764207	136626	66	53cbb600fb8a	2585400
1775764218	136628	66	f7edd0fa4da1	6600
1775764569	136975	66	e6f1d600ce94	210600
1775764581	136976	66	7b3d20b0a9b1	7200
1775764624	137005	66	1dba30704eeb	25800
1775765170	138630	66	c7a2b5ee138b	327600
1775766409	138583	66	6207b44afea1	743400
1775768101	138583	66	05eee18087ec	1015200
1775768192	138602	66	985993e51a66	54600
1775768553	138603	66	226051e5bf27	216600
1775768825	138603	66	832ed6174b15	163200
1775770658	138380	66	91b502ffa759	1099800
1775771134	138628	66	81cbd9a5d943	285600
1775771357	138628	66	de5e6f12f635	133800
1775771590	137231	66	1773ea3bf8a6	139800
1775771615	136840	66	6f7c4e3a1ec8	15000
1775771628	136839	66	24d8220b0979	7800
1775771650	136917	66	cb1fb22128e2	13200
1775771661	136918	66	5be33458917a	6600
1775772106	137093	66	63b6609f5d75	267000
1775772135	137015	66	de85b0f1b7e5	17400
1775772146	137014	66	2d09b5158dac	6600
1775772156	137092	66	81db0d7da9d2	6000
1775772167	137093	66	91f8b70b1b43	6600
1775772185	137158	66	22481eb4f04a	10800
1775772194	137159	66	5d1ba3ebcb1d	5400
1775772204	138225	66	2044fe38078a	6000
1775772216	138226	66	a6576ee5cbc7	7200
1775772347	138263	66	6bbd0767cf0f	78600
1775772527	138359	66	5c84bfbd1947	108000
1775772537	138361	66	4b2f9b203064	6000
1775772550	138486	66	7d37bb2b0085	7800
1775772560	138487	66	1b33499c90f3	6000
1775772602	138488	66	ece597dbc7c1	25200
1775773078	138182	66	dc00cb1475c3	285600
1775773106	138489	66	e4d60b60c68a	16800
1775773742	138609	66	e891afe3a55c	381600
1775773797	138685	66	635f78b5be7f	33000
1775773826	138709	66	36251fd0c21d	17400
1775773980	138709	66	6de598cdfb81	92400
1775775890	138338	66	643166023585	1146000
1775776090	137475	66	066fbcf62fe7	120000
1775776856	137479	66	4abd960cda10	459600
1775777545	138425	66	ddfc25a36a2a	413400
1775777723	138355	66	39bca6e0d33b	106800
1775777749	138314	66	b841ddac7ebb	15600
1775777954	138686	66	3773b941bc57	123000
1775780242	138764	66	6dd6512cb061	1372800
1775781156	138731	66	135182f7a3df	548400
1775781185	138889	66	b2d7f2f0f8d1	17400
1775781214	138873	66	2580f3c2af3e	17400
1775782081	138873	66	0cab36469b63	520200
1775782113	138873	66	a01198fe2a5f	19200
1775782144	138873	66	2796b764022b	18600
1775782291	138836	66	a67678de4e68	88200
1775782668	138836	66	8860788b88b0	226200
1775782697	138836	66	fefa41231469	17400
1775782725	138836	66	0f208eaa80d7	16800
1775807399	138836	66	d730c3dbf86c	14804400
1775831389	138837	66	b97fbf5f32b8	14394000
1775831402	138837	66	aa747904e71b	7800
1775833512	138836	66	9575f9e7a5df	1266000
1775833523	138835	66	52bb3c2de457	6600
1775833681	138836	66	36cd81fb2007	94800
1775833692	138838	66	e548f2c58f8c	6600
1775833725	138839	66	185337311e5d	19800
1775833744	138840	66	dd99201205c6	11400
1775833755	138842	66	367ddd883991	6600
1775833764	138843	66	e0d7a5c482da	5400
1775833776	138844	66	88e91428068a	7200
1775833807	138953	66	e8798fac6fd0	18600
1775833950	138973	66	f5f3a9579d5b	85800
1775845268	138973	66	ba5f37cd080a	6790800
1775845292	138973	66	c78a2f4e6189	14400
1775845303	138973	66	e528947c1acb	6600
1775845319	138973	66	fdcb4f9cc059	9600
1775845331	138973	66	ed19c8bc5c26	7200
1775845698	139146	66	62b8ab414b7c	220200
1775845728	139161	66	268364701379	18000
1775845901	139421	66	31dc71bdc845	103800
1775846227	138840	66	f8bf5b96f841	195600
1775846238	138835	66	b9e54c3f6aa4	6600
1775891235	138835	66	2c064e5e4acb	26998200
1775978529	138835	66	7aa9b64ad943	52376400
1776067925	138835	66	80baa36832b7	53637600
1776103080	139098	66	73f7756af2d6	21093000
1776106332	139128	66	ee43ac838dae	1951200
1776106565	139109	66	74dc839b6eab	139800
1776106795	139114	66	965f8dd1b7e8	138000
1776107477	139114	66	eee72402c91d	409200
1776107988	139098	66	f97972fe7fc0	306600
1776108146	139097	66	16ed9b76b725	94800
1776108209	139099	66	a0d5780fd89a	37800
1776153336	139099	66	bfbff5a82dcf	27076200
1776226098	139099	66	a0e68a96c6cf	43657200
1776239785	139099	66	5d5b58a46c7d	8212200
1776303208	139141	66	f0c171ee2af8	38053800
1776326143	139141	66	927ecb722e94	13761000
1776346516	139141	66	37f97bdef9e8	12223800
1776412623	139141	66	20985f425131	39664200
1776496569	139141	66	e82102548ff6	50367600
1776583609	139141	66	0e7e5a56347d	52224000
1776610593	139385	66	c47338224bbf	16190400
1776610603	139386	66	c7fb69d5b0a7	6000
1776610670	139438	66	dc6181036d38	40200
1776610971	139437	66	a174998cfb20	180600
1776611050	139437	66	d376b92282a2	47400
1776611251	139424	66	9651b5fca8ed	120600
1776611359	139422	66	c0c51bce790a	64800
1776612373	139373	66	4b69ae57029d	608400
1776612394	139142	66	2bc8b3581e96	12600
1776612405	139141	66	651ed627507d	6600
1776612847	139228	66	47e5e0fa3a0d	265200
1776612856	139229	66	3fda8e15aead	5400
1776673090	139229	66	6bf690372603	36140400
1776719429	142457	66	5af838cb5b30	27803400
1776719455	142527	66	c049d3bd52cd	15600
1776720107	142900	66	5e4eabe07890	391200
1776720127	142902	66	c466a452c541	12000
1776758460	142902	66	1f20571c6489	22999800
1776787997	142903	66	1d7db2d081c5	17722200
1776789723	142915	66	9ac429ebc05d	1035600
1776789747	142915	66	a043c8782fb7	14400
1776792442	143043	66	406526b70a1c	1617000
1776792681	143065	66	711d761a1fe4	143400
1776793746	544568	66	d42a1439ebd8	639000
1776793823	544577	66	c3232b2c2387	46200
1776794304	544786	66	2add8a21efa6	288600
1776794509	544787	66	0232ad51a9a0	123000
1776890164	139229	66	ae2b49142e58	57393000
1776931400	139229	66	0ce52dd50c3d	24741600
1776989875	139330	66	00feab51d466	35085000
1776989886	139331	66	755db94ae2dd	6600
1776989914	139376	66	685335bf07d9	16800
1776990613	139421	66	715be8e762d9	419400
1776990658	139415	66	671a5771694c	27000
1776990811	139419	66	21c4f452dc05	91800
1776991023	139426	66	5f95596249af	127200
1776991032	139427	66	d93e3bb57bcb	5400
1776991280	139450	66	2c05a9f7917c	148800
1776991578	139445	66	2e96d7c5a30f	178800
1776992278	139451	66	386e3fff48f6	420000
1776993246	139460	66	084040ff5eb8	580800
1776995128	139456	66	d560bf77b324	1129200
1776997335	139456	66	51bd83cb36e3	1324200
1777000827	139453	66	83dde286f4a5	2095200
1777001584	139654	66	a10b8274fc6c	454200
1777001683	139669	66	c0771d8c9b4f	59400
1777002382	139686	66	78492dfd7c74	419400
1777002469	139966	66	f300eb14a00a	52200
1777002541	139969	66	8470c99d275b	43200
1777002955	139668	66	ce49684b306e	248400
1777003066	140076	66	aed161e39f0f	66600
1777038600	139391	66	d398045ee806	21320400
1777039334	140863	66	f841ac89f3d9	440400
1777039473	145051	66	315700d9a59f	83400
1777039617	145051	66	4d5ffb0bd068	86400
1777039733	228296	66	cdde1bba1901	69600
1777039833	228381	66	1b957e05fda2	60000
1777040250	228382	66	839eaf3fddb2	250200
1777040586	228387	66	da3d4cc52164	201600
1777045080	228399	66	bb52722ba9b2	2696400
1777045591	228400	66	237cd8e9c7d9	306600
1777046230	228412	66	5857f7788c9f	383400
1777046337	317644	66	6c702cca68e7	64200
1777046362	317731	66	f8ee41848857	15000
1777046600	317747	66	e8e45bcc97a6	142800
1777046753	317748	66	4814bdd39e3f	91800
1777047279	317748	66	7614ef39b0d5	315600
1777047472	317917	66	c3d0bfd47b6a	115800
1777047495	317918	66	841d94eb8db9	13800
1777058007	317918	66	48322f063a21	6307200
1777058315	317918	66	510b52cc210c	184800
1777058528	318361	66	011c06a34de8	127800
1777059285	318721	66	b28def3d7e17	454200
1777070079	318722	66	751226e111a8	6476400
1777070089	318728	66	d27abbf58aa8	6000
1777070138	318762	66	befa1e9c3220	29400
1777071153	318959	66	8d0e16b5a351	609000
1777071239	318969	66	dc72233e89b1	51600
1777072143	318975	66	e09733f313b5	542400
1777072152	318977	66	fe77fb06c200	5400
1777073121	318961	66	351945cc4fa4	581400
1777073612	318980	66	c595d7c3a094	294600
1777074224	318986	66	97cbe6eda2d5	367200
1777077585	319009	66	fe1938be0228	2016600
1777078219	318986	66	184c55875832	380400
1777100619	409388	66	750ab9c81584	13440000
1777101116	409389	66	668442f5eecd	298200
1777101921	318986	66	1e925675d644	483000
1777102251	409389	66	78a0b2833fd9	198000
1777102263	409482	66	cb537073202f	7200
1777153080	409563	66	3b0747cf5c4f	30490200
1777153093	409564	66	e31ef2df5840	7800
1777153124	409611	66	80b06e5ffd92	18600
1777153709	409612	66	ca3372b626af	351000
1777155274	409612	66	66b8a8c69f6e	939000
1777155711	330604	66	c290544bdab7	262200
1777163260	330602	66	0205826064a4	4529400
1777163273	330603	66	9e58e3dff763	7800
1777167036	330688	66	2b086488997a	2257800
1777167048	330689	66	e6ca5d3c31e3	7200
1777167080	330736	66	8035c2e6d184	19200
1777167519	330739	66	40f00200412e	263400
1777168179	330742	66	f7e52b9e8a9d	396000
1777168195	330745	66	798ed2c9b86a	9600
1777189578	330745	66	531772a9b326	12829800
1777208874	421314	66	ed6280e033a9	11577600
1777209147	421315	66	bd3424aa9755	163800
1777245294	421315	66	6ce49aa426a0	21688200
1777245311	421410	66	b32cc44164c2	10200
1777251862	421450	66	04e6b80cf936	3930600
1777251903	421517	66	d98ac54c2b4c	24600
1777253004	421500	66	62874ba728af	660600
1777278815	421500	66	819a11d03f0a	15486600
1777293508	421500	66	ef18cad6a682	8815800
1777294879	421500	66	1af9ab9bbb55	822600
1777296330	421500	66	3de8200e6079	870600
1777298742	421500	66	26a1b71f3b9a	1447200
1777299884	421500	66	daf0f02c9773	685200
1777300589	421500	66	415bd9a4ebe5	423000
1777300640	421517	66	3b5f5b6f30ab	30600
1777300941	421517	66	ed0c1ec364cc	180600
1777307077	421517	66	356c2527b3a5	3681600
1777307340	421517	66	91f155862595	157800
1777307429	421517	66	14cd7b302d5a	53400
1777321291	421513	66	fdc497c4eefb	8317200
1777321477	421513	66	3c96c07c453b	111600
1777332355	421513	66	ff1f8690e683	6526800
1777332642	421512	66	106c1a4062ec	172200
1777365124	421512	66	5a96cfb0096e	19489200
1777451135	421512	66	4a348a1d409d	51606600
1777537699	421512	66	48587f37c2f3	51938400
1777611042	421512	66	2f464e6ae49b	44005800
1777614191	421512	66	a8e6185431ff	1889400
1777620451	421512	66	83c39cab5473	3756000
1777622942	421512	66	8cd9711be3bd	1494600
1777623571	421512	66	7300025ca01f	377400
1777708255	421512	66	2e6b0ecc14c0	50810400
1777795596	421512	66	7bdd55a2caf3	52404600
1777883767	421512	66	00f683b34965	52902600
1777969098	421512	66	42e22b4a7fa7	51198600
1778056418	421512	66	34b69583fd87	52392000
1778143250	421512	66	a249e1fec8af	52099200
1778226470	421512	66	c871482d52e6	49932000
1778269207	421511	66	bd9a5378463e	25642200
1778313736	421511	66	aa99ffb72e4e	26717400
1778361767	421512	66	a951654aaa8b	28818600
1778361784	421514	66	8a48f48ab7e3	10200
1778362548	330842	66	4a63a99ff877	458400
1778362564	330747	66	35007d8c9cc8	9600
1778362780	330747	66	2d0dff2fe121	129600
1778363019	331333	66	04597458f48e	143400
1778363299	331334	66	213575cd6212	168000
1778363528	331376	66	07c10b5d740a	137400
1778364452	331364	66	6f5468fae2e0	554400
1778376792	331374	66	3bc8cf69751a	7404000
1778377644	331390	66	660ae13cfd45	511200
1778378014	331409	66	15f5a3969788	222000
1778378760	331418	66	dd9e962ff432	447600
1778378928	331418	66	f5301232b66f	100800
1778379483	331425	66	c07afa828ce6	333000
1778379947	331485	66	2fe8d236777f	278400
1778380315	331514	66	63b19e3bc7cd	220800
1778380710	331532	66	4fb2885575fd	237000
1778400820	331532	66	bb5e64a87c05	12066000
1778493008	331532	66	1592f8bb002b	55312800
1778533211	331728	66	943d11e78703	24121800
1778533233	331729	66	dcb78352013b	13200
1778533463	332047	66	fb78f6b14b6b	138000
1778533487	332048	66	55a857571541	14400
1778533862	332048	66	9e107f498155	225000
1778533879	332048	66	f56f610f3046	10200
1778534247	332095	66	ac63de3b5c79	220800
1778534554	332096	66	d27ee34ef293	184200
1778538132	332038	66	ea9a49782990	2146800
1778538279	331842	66	11c8a83973d1	88200
1778538295	331841	66	4d49374c381e	9600
1778541191	332184	66	870b6ba377ae	1737600
1778541768	332185	66	2236800e224d	346200
1778542656	332199	66	6e0e2a12d22e	532800
1778543089	332166	66	a21bac800f67	259800
1778543442	332198	66	d3b5159799df	211800
1778543893	332186	66	b014e34733e8	270600
1778544325	332027	66	f1b8b6bdc073	259200
1778545078	332116	66	a31539f957ba	451800
1778548459	332115	66	a0b8a326b6cd	2028600
1778548892	332199	66	b5b97c803323	259800
1778549739	332063	66	95742113e91a	508200
1778550274	332070	66	957ef1a2813e	321000
1778575605	332070	66	4628a03e590c	15198600
1778576658	332448	66	4cfbd1d9bad7	631800
1778581914	332457	66	f5ff0e900d27	3153600
1778662245	332457	66	393837ab5b06	48198600
1778689159	332447	66	a3fd518cba74	16148400
1778689838	332445	66	4b4586aae719	407400
1778690421	331595	66	eebe5eb8b783	349800
1778717597	331928	66	ab7f987760be	16305600
1778717614	331922	66	69eec1d4d49c	10200
1778718592	332002	66	96b40264522b	586800
1778721220	331759	66	1a602c108671	1576800
1778722302	331983	66	bfaf2b0db920	649200
1778723171	331426	66	aa6cc58ce192	521400
1778723444	332033	66	d66f30d395d4	163800
1778723959	332002	66	1481359acf48	309000
1778725137	332055	66	4ccaa5366133	706800
1778725955	331994	66	0c44097abd3a	490800
1778726490	332002	66	d788fecb5313	321000
1778727281	332102	66	51443d42d15c	474600
1778728022	332100	66	155c7d7918ab	444600
1778728474	332108	66	cfc673e455da	271200
1778748235	332108	66	cef15838cb44	11856600
1778755079	332120	66	1031679fc129	4106400
1778755331	332119	66	c1830374e5ed	151200
1778755393	332118	66	8eda64957c7c	37200
1778792588	332313	66	8bb04737964e	22317000
1778793784	332118	66	ba47e386899a	717600
1778820646	332118	66	fb663443a3a7	16117200
1778835276	332118	66	ff4b4fd81d45	8778000
1778837365	332119	66	c5b9c688358d	1253400
1778837387	332121	66	11d23b76a1b4	13200
1778837390	332121	66	a990a2487dd5	1800
1778837405	332121	66	534a2c8a39fd	9000
1778837710	332321	66	122b064487aa	183000
1778837839	333574	66	f69ea70885ca	77400
1778838101	333574	66	ea4502cd1c48	157200
1778838689	333890	66	977fc660a5c5	352800
1778838704	333891	66	5c07c2a9ce2c	9000
1778838749	333975	66	5912bc58932c	27000
1778838851	334000	66	c742ee56d11f	61200
1778839443	334694	66	7fd37e278c2e	355200
1778839929	334712	66	0b70dd9d8bef	291600
1778839949	334717	66	0b956f3d4c69	12000
1778840244	334718	66	109c02030b51	177000
1778840437	334719	66	fdaaf9d68eea	115800
1778878910	334720	66	cba7d683f2be	23083800
1778878944	334734	66	cdfb75799824	20400
1778880387	334734	66	f7c0fa981c4a	865800
1778885107	334735	66	3b669396d413	2832000
1778885998	335265	66	5420c9170047	534600
1778886755	335247	66	edaa9eff7ef7	454200
1778886889	335704	66	3575f03d8a05	80400
1778886905	335711	66	35d6d0830e04	9600
1778887684	335712	66	c24308012539	467400
1778887731	335718	66	6cdebf272b54	28200
1778887962	335730	66	88f16d127114	138600
1778888096	335887	66	6649d65899cd	80400
1778918993	335887	66	ecb11f7fb1eb	18538200
1778919236	336007	66	211e8561d1c8	145800
1778919406	336008	66	a6fbfe1806f6	102000
1778919427	336014	66	2d458eee03bb	12600
1778919459	336037	66	b5abce1c25b6	19200
1778919756	336040	66	f31e51b03a35	178200
1778920116	336099	66	d7fec17bcd1a	216000
1778920133	336097	66	b51aa27353fa	10200
1778920341	336134	66	48d4dac4319d	124800
1778920356	336137	66	65a506f770fc	9000
1778922928	336169	66	82e7594196b5	1543200
1778923068	336163	66	f694c0f6aa04	84000
1778923089	336164	66	ec7af10b2cd6	12600
1778924942	336185	66	0d610e958fbf	1111800
1778925043	336164	66	6b4d145974a1	60600
1778925069	336185	66	6bb0ccd0d8e2	15600
1778925306	336200	66	e6c2eda6ae6f	142200
1778925326	336203	66	8aaf24a35e83	12000
1778925845	336206	66	742209743453	311400
1778925975	336297	66	e9853f133027	78000
1778926729	336372	66	c6cf77f905d2	452400
1778926745	336377	66	2cf933aefd2b	9600
1778926975	336416	66	9cf6ba821990	138000
1778927633	336464	66	e7efbe41e9e4	394800
1778927647	336467	66	10fc1d9189a4	8400
1778927906	336584	66	00186f4cb86d	155400
1778928017	336586	66	d24f53a90038	66600
1778929254	336619	66	e439135fddd2	742200
1778929621	336666	66	9c38ab04ab1f	220200
1778929945	336692	66	ca57229110bf	194400
1778930557	336693	66	f337a4e9ebde	367200
1778930879	338821	66	7a75ef76ac8b	193200
1778931390	338838	66	b1cb19a68c4a	306600
1778931404	338851	66	a6ce944f9bd4	8400
1778931495	338897	66	69b58db546d7	54600
1778932103	338914	66	cddc13e4caff	364800
1778932117	338919	66	2a98cc43ec76	8400
1778932252	338941	66	1427440d9b6a	81000
1778932273	338943	66	cbb93ea1993e	12600
1778932659	338940	66	c728c950b1c4	231600
1778932928	339023	66	e6949b87d8b6	161400
1778932948	339025	66	b899f3aa04dd	12000
1778933092	338942	66	b96d6a84a22e	86400
1778933108	338940	66	bca961d00fb3	9600
1778933140	339023	66	f9b3f945bbd0	19200
1778933160	339027	66	eddaef561792	12000
1778933420	339066	66	200225d6d7d1	156000
1778938065	339069	66	a8530ba28c48	2787000
1778938225	339111	66	76c05b9d3d17	96000
1778938241	339114	66	76880215db21	9600
1778943994	339442	66	a07532900cfc	3451800
1778945670	339539	66	3978685ab827	1005600
1778946733	339540	66	d6a8f85f132e	637800
1778946945	339751	66	acaca45c9157	127200
1778947194	339588	66	97eed50ae1d2	149400
1778947753	339792	66	81df6415a4b3	335400
1778948204	339794	66	fd28a363cbe9	270600
1778948880	339836	66	1e77eb7a7a59	405600
1778951246	339778	66	ef225869c935	1419600
1778952161	339782	66	0f4469a5c34b	549000
1778956106	339781	66	8f7cc7953185	2367000
1778956623	339945	66	f116b87e6203	310200
1778956638	339949	66	66217a84f0a7	9000
1778959419	339874	66	307f0c3f8847	1668600
1778959850	340041	66	5107e6541f1c	258600
1778960495	340071	66	380b9bf495c3	387000
1778961530	340228	66	ae626d3d7407	621000
1778962574	340446	66	8f34792a6e22	626400
1778962680	340557	66	22170c58d8e7	63600
1778962695	340562	66	6ac751683104	9000
1778963131	340563	66	3e70ba27d35c	261600
1778964323	340650	66	71c3f2c5b37d	715200
1778964576	340677	66	83e4872981d3	151800
1778964592	340680	66	9371842cdb4e	9600
1778967406	340723	66	bc6884a01b96	1688400
1778969839	341117	66	ed9d8e13a732	1459800
1778970818	341075	66	6d2474d61ef0	587400
1778972028	341045	66	a7549330e4b0	726000
1778972329	341044	66	3af397b0ad67	180600
1778972629	341044	66	3b9b4b337b7d	180000
1778972773	340594	66	c73b4bbea84a	86400
1778972791	340599	66	6f6e2a4e18a6	10800
1778972837	340774	66	2b2eee35ad21	27600
1778974547	340677	66	1b05e5389f61	1026000
1778974566	340680	66	952c0cf12139	11400
1778974591	340677	66	f09f0a885330	15000
1778975169	341419	66	d2d4fe806550	346800
1778975183	341428	66	a35000503656	8400
1778977968	343576	66	d5845fe9e606	1671000
1778977995	343582	66	fa65efa1e5a8	16200
1778978137	343594	66	ec8651227ed4	85200
1778978154	343595	66	fa3be680570d	10200
1778978404	343647	66	beb11d01172e	150000
1778978414	343655	66	b146f27dcfb6	6000
1778978469	343809	66	58b1427c3e10	33000
1778978482	343846	66	9a6d5cf4fca6	7800
1778978494	343121	66	a251bd530b13	7200
1778978716	343126	66	600bb7fd4eb6	133200
1778978730	343133	66	810d5a0dfdeb	8400
1778979683	343115	66	46c15f82769b	571800
1778981677	343127	66	8989e487ffde	1196400
1778981753	343164	66	8702b0158527	45600
1778981769	343205	66	a1c4e38d8088	9600
1778982226	343207	66	345ca992b8b4	274200
1778982242	343208	66	c14f1ecc71f3	9600
1778982251	343211	66	563aa252507a	5400
1778982280	343272	66	6bdf5b26b769	17400
1778982311	343280	66	9f1acba028fc	18600
1778982326	343333	66	3fed15c3f847	9000
1778982562	343334	66	6ddbd6492deb	141600
1778982577	343335	66	07a436b14107	9000
1778982585	343340	66	c61a263e49a4	4800
1778982611	343350	66	9a32c868f8df	15600
1778982846	343352	66	c3bbf7962736	141000
1778982872	343375	66	8c52a27764cf	15600
1778983034	343446	66	45b8455e4a77	97200
1778983051	343494	66	19e9a3c2a611	10200
1778983604	343495	66	a3c82128fe6a	331800
1778983621	343496	66	07d0b4a5a818	10200
1778983669	343506	66	a19387975793	28800
1778983739	343545	66	38a4408fdc10	42000
1778983754	343594	66	496ae4d6d74a	9000
1778984356	343594	66	47367f43af00	361200
1778984373	343595	66	389836693e06	10200
1778984428	343594	66	4dee4f4ca7d1	33000
1778984869	343596	66	2381e2914e80	264600
1778984931	343653	66	249c5fc287a6	37200
1778984973	343692	66	53111bdc6bbb	25200
1778985030	343759	66	a487964012ac	34200
1778985049	343834	66	aa11ccd03055	11400
1778985546	343832	66	7bf5616e506b	298200
1778985564	343833	66	68d58372b67b	10800
1778985580	343776	66	59567ca28951	9600
1778985643	343737	66	a91a5a5ce99d	37800
1778985719	343670	66	e66b442a64b6	45600
1778986097	343692	66	4f2efdfd1c7b	226800
1778986409	343782	66	e38275d9c0d1	187200
1778986423	343783	66	6472d55698ce	8400
1778986436	344005	66	f344d0e1117f	7800
1778986471	344301	66	83b3139e8ea3	21000
1778986486	344303	66	e0024750b0fd	9000
1778986505	344397	66	f1522f131eb6	11400
1779003730	344547	66	2c047230a408	10335000
1779003745	344549	66	352a185d2a24	9000
1779003751	344584	66	374870526947	3600
1779003763	347756	66	ca1b4bb515f3	7200
1779004493	347756	66	4d084a192387	438000
1779005276	347826	66	64439742f254	469800
1779005291	347845	66	3c31f4bc297a	9000
1779006399	347845	66	c2ba042c15ee	664800
1779019719	348606	66	7e1ae9a21b63	7992000
1779021645	348610	66	1e7696288258	1155600
1779021660	348611	66	4810ffd3c7ce	9000
1779021689	348635	66	7484b37f9e58	17400
1779022187	348663	66	d6156739379e	298800
1779022241	348694	66	ab55ef164754	32400
1779022372	348778	66	e5db116a7535	78600
1779022811	348829	66	bc00c5e507b6	263400
1779022828	348830	66	3d050b83c733	10200
1779022833	348879	66	d9ea5852fd39	3000
1779023898	348880	66	12f4f32116af	639000
1779023912	348881	66	9278df2f3d6c	8400
1779024050	348888	66	d241cfa57ef5	82800
1779024247	348891	66	0e6baa7efe11	118200
1779024781	348897	66	a2512f05d2f2	320400
1779031618	348935	66	dbc3c48d1bdf	4102200
1779031797	349007	66	0c9860a95177	107400
1779031811	349046	66	f956f68c16b1	8400
1779032294	349051	66	f0908fa165cc	289800
1779033202	349182	66	23d283018065	544800
1779033221	349185	66	3aae6054691c	11400
1779033227	349207	66	7edc9ca9edf1	3600
1779033487	353400	66	6bd169416a7b	156000
1779033717	353424	66	9ffae2229fb8	138000
1779033733	353446	66	dad94edc08d2	9600
1779033752	353521	66	330ce1ab4104	11400
1779033772	353522	66	d8a4dbe32438	12000
1779033809	353550	66	bd2416e9d846	22200
1779033828	353551	66	81ca1d0c6534	11400
1779033863	353634	66	18893c8434c1	21000
1779033877	353635	66	4c763fe67d07	8400
1779033908	353740	66	b78c70e45bf0	18600
1779033929	353741	66	2ad5b0a1ddb0	12600
1779033984	353743	66	f2a8cff0632a	33000
1779034000	353744	66	83d5c2ebc316	9600
1779034076	353770	66	f54fb112703e	45600
1779034094	353824	66	943feb99fe47	10800
1779034108	355275	66	c876e113c6db	8400
1779034509	355276	66	0a3755871530	240600
1779034526	355283	66	1553c6a254fe	10200
1779036824	355620	66	384bcd4b8add	1378800
1779036838	355645	66	5a5a6ff51fec	8400
1779037312	355682	66	acc6840521e0	284400
1779037327	355683	66	9b79247640ab	9000
1779037552	355807	66	64cca73f6dc1	135000
1779039400	356160	66	ae270a8e299d	1108800
1779039415	356162	66	bf431b1ca6b2	9000
1779039417	356187	66	e9bc37dd553d	1200
1779039657	356230	66	e2dd55d068cb	144000
1779041837	356356	66	9cde02db39ad	1308000
1779041853	356358	66	1dc5b0454b0c	9600
1779041862	356467	66	2fc32775d5bd	5400
1779041882	356468	66	d95d84540a05	12000
1779041924	356639	66	e876cc3a01bf	25200
1779041942	356640	66	11585f959682	10800
1779041944	356658	66	0dfe0e06ea4c	1200
1779041963	356684	66	b6d6e11e3bc3	11400
1779041991	356710	66	ff01c9a23ce6	16800
1779042021	356736	66	084c830ab81e	18000
1779042035	356762	66	97fb1b947073	8400
1779042069	356793	66	3fcf28b1793b	20400
1779042261	356910	66	800c87be8c5d	115200
1779042367	356913	66	09f59b49838f	63600
1779042502	357175	66	4cbd8e37a419	81000
1779042773	357178	66	19bc95aee172	162600
1779042792	357182	66	683e03bc53e4	11400
1779043782	357247	66	b2bf6d9f766d	594000
1779044236	357354	66	1c0ed1e2dccf	272400
1779044250	357379	66	800b90fd9393	8400
1779044475	359453	66	7b828f755bc1	135000
1779044624	359453	66	9b36448eef8f	89400
1779099248	359453	66	bae970ca022f	32774400
1779101734	359453	66	72b3ab940f24	1491600
1779101754	359456	66	ebddfdf624be	12000
1779102127	359694	66	72ed9f93737b	223800
1779102142	359695	66	2fd55f853dde	9000
1779102159	359727	66	bd6c56999118	10200
1779102364	368574	66	bac975d5f5ef	123000
1779102543	368624	66	3b042fce590d	107400
1779102559	368668	66	f3a42acdfc7c	9600
1779102591	368700	66	ace710503351	19200
1779102769	368719	66	18c07eb72b40	106800
1779103446	368720	66	26949d305fe3	406200
1779103467	368721	66	de58e903e26e	12600
1779106241	368952	66	5f8736e33d60	1664400
1779106259	368953	66	490d30b051ed	10800
1779106429	368995	66	1bec450daeae	102000
1779106959	369057	66	d6ecda35a167	318000
1779106977	369064	66	926a60d767b0	10800
1779107778	369207	66	05a2f93042dc	480600
1779107929	368808	66	2004c293783e	90600
1779109895	369288	66	46f43ca58e84	1179600
1779113576	369100	66	d8f2e126be17	2208600
1779117768	369292	66	71e0a9e94ac7	2515200
1779132235	369361	66	58bb977ee9db	8680200
1779132262	369500	66	57be92761185	16200
1779132282	369679	66	57bda35aa973	12000
1779132307	369833	66	3e63291a14ad	15000
1779132332	369973	66	15bec8844e27	15000
1779132395	370053	66	d135599c477a	37800
1779132419	369612	66	fa75b41abdc7	14400
1779132846	369608	66	1ba31235b15b	256200
1779132925	369569	66	fef0a3a6cf9e	47400
1779132986	369561	66	b7b726e09711	36600
1779134091	369610	66	e01b86ba97db	663000
1779135390	369646	66	10971477d3a1	779400
1779144480	369675	66	571078a40cbf	5454000
1779144495	369682	66	114af0318dc8	9000
1779145304	369705	66	5ad1f2319622	485400
1779145321	369706	66	430ccabacc2a	10200
1779145464	369683	66	bcd79949f5e2	85800
1779145478	369682	66	178314b5c5c7	8400
1779145539	369953	66	7e1e5cac05eb	36600
1779145553	370031	66	ef9361ae21bf	8400
1779145892	370033	66	8728a1a3da94	203400
1779145984	370044	66	c4128b6dfe2b	55200
1779146152	370044	66	87437abae6af	100800
1779146164	370055	66	c4388e7f765c	7200
1779146291	370109	66	4fc7a3ef196e	76200
1779146443	370317	66	f80151d96e32	91200
1779146458	370323	66	7e1b406d7865	9000
1779146464	370304	66	cad3c06dd7a1	3600
1779146481	370307	66	46293c166b66	10200
1779146533	370307	66	e4cc6f601900	31200
1779146840	370371	66	6ed6fec5c2c0	184200
1779146908	370371	66	b2c1d8e477c5	40800
1779147230	370373	66	d4910445fcd7	193200
1779147353	370451	66	83a04f457a42	73800
1779147369	370455	66	cb8e96bfc3c9	9600
1779147881	370598	66	5bc7544e5ec3	307200
1779147910	370598	66	d6eb0c426990	17400
1779148079	370707	66	e9948c20a936	101400
1779148095	370710	66	ebf69da6eb27	9600
1779148160	370736	66	3348c5f96303	39000
1779148271	371048	66	af4f25cc77db	66600
1779148837	371201	66	381a2be9e81a	339600
1779148888	371201	66	db1c686bbd17	30600
1779149156	371283	66	83238790e43a	160800
1779149243	371283	66	4a364635ddc8	52200
1779149670	371392	66	8baf8aa02cdb	256200
1779149790	371392	66	00ff59000500	72000
1779149809	371392	66	c865392af6e9	11400
1779149953	371499	66	aa1331bd6a37	86400
1779149968	371509	66	cbc4591c4175	9000
1779150605	371592	66	043d0bd26180	382200
1779150628	371592	66	48c944f3aa79	13800
1779150858	371668	66	2c09c2469bde	138000
1779150980	371753	66	bdf2744a038c	73200
1779150995	371757	66	66fcd0d0b99f	9000
1779151460	371887	66	9708624c3c7f	279000
1779151474	371887	66	e67bbe412930	8400
1779151685	372082	66	823ab758c437	126600
1779151699	372085	66	9a42f104502f	8400
1779151733	372212	66	b36fb15df53b	20400
1779151748	372213	66	685a84bc5cdc	9000
1779151839	372272	66	10f8bdfb9a79	54600
1779152198	383262	66	b44a8040d219	215400
1779152213	383342	66	00a83f1371ca	9000
1779152362	383343	66	0fb0a0693715	89400
1779181927	383449	66	1aab0fa31ac8	17739000
1779181950	383450	66	f9c1927150f1	13800
1779182038	383495	66	e4d5903aa708	52800
1779182195	383523	66	703f5588ab9c	94200
1779182213	383524	66	95749eb2669b	10800
1779182469	383630	66	3ded899dc547	153600
1779182488	383631	66	85bc5adf730d	11400
1779182498	383676	66	d8d71767b431	6000
1779182655	383704	66	f2a8d3a0f839	94200
1779182676	383705	66	8d240084f5da	12600
1779183720	383931	66	937985e0125b	626400
1779183743	383932	66	8f8ab5ac28d7	13800
1779183766	383977	66	9557be36934b	13800
1779184028	384081	66	556b8be1985e	157200
1779184045	384082	66	191a8c8bebaf	10200
1779184498	384082	66	4d6d3d60e1e0	271800
1779185344	384102	66	b2b50faadd5a	507600
1779185416	384122	66	a66dc7ee21de	43200
1779206728	384424	66	600fec26c0d6	12787200
1779206750	384425	66	82761fc15626	13200
1779206756	384478	66	1c300a8807a8	3600
1779206900	384860	66	c0f7d7327165	86400
1779206918	384861	66	89392ae9e2fe	10800
1779206947	384926	66	ac4fe0f772ef	17400
1779207152	386677	66	fbaf7a42f8ad	123000
1779207173	386678	66	40a450d62cd3	12600
1779211873	387061	66	a3cf44bf7271	2820000
1779211894	387062	66	d3b09a4510f8	12600
1779212029	387117	66	73bab9ff7aa6	81000
1779212149	389409	66	638c0ebf0291	72000
1779213657	389504	66	a05b279fc638	904800
1779213675	389506	66	8b27addf0339	10800
1779214102	389555	66	bc805b267c7a	256200
1779214324	389573	66	078a258558f6	133200
1779214344	389574	66	e2ef13b250f4	12000
1779214549	389690	66	95efebe9bc99	123000
1779214566	389691	66	471b85aa51d1	10200
1779214573	389740	66	eea842aec762	4200
1779214729	389736	66	3ef14344a396	93600
1779214746	389737	66	2bca49f8b7dc	10200
1779215099	390051	66	fa81311330e0	211800
1779215123	390052	66	53cc07e60692	14400
1779215640	390101	66	f5fb103dcb82	310200
1779215824	390572	66	a86d6302f72c	110400
1779216216	391024	66	55ebff281298	235200
1779216245	391026	66	1fb5d9f2c03d	17400
1779216281	391079	66	e68bb0a68fda	21600
1779216721	391729	66	6eea928bde81	264000
1779216740	391730	66	872975b517d6	11400
1779224401	391944	66	eb96169e254f	4596600
1779224416	391945	66	ecff04073a46	9000
1779226967	392000	66	8bd46c7cee1b	1530600
1779231380	392162	66	88c899177ecc	2647800
1779231398	392163	66	d74cdb6b3ae5	10800
1779235224	392596	66	6bb34a6268db	2295600
1779235240	392597	66	beba04a252d8	9600
1779235533	392654	66	a6814fd23cf5	175800
1779235628	393098	66	bdaf1853d573	57000
1779235643	393099	66	16fcc98a5cab	9000
1779235789	393099	66	e32728b87692	87600
1779269247	393389	66	74c07a0db770	20074800
1779269262	393390	66	e1915930e3f6	9000
1779270169	393390	66	71b8ceadcf39	544200
1779279727	393100	66	8284f23c5657	5734800
1779295429	393275	66	b76ab1194b15	9421200
1779295477	393276	66	b9fab290cfef	28800
1779308292	393324	66	d2c076b4e96e	7689000
1779308417	393391	66	3dd931b07298	75000
1779308439	393392	66	78a853200d8d	13200
1779309541	393846	66	abd662f18f66	661200
1779309557	393847	66	462682367b41	9600
1779309574	393903	66	a5bcef411535	10200
1779309791	394225	66	1540acef1e30	130200
1779309808	394227	66	903bd400284b	10200
1779310491	394321	66	f19d815dd88a	409800
1779310513	394322	66	c658d96b0a12	13200
1779310529	394370	66	d3ea5e7e3837	9600
1779311534	394511	66	30925d435dd7	603000
1779311554	394512	66	025acc25a8ee	12000
1779311565	394560	66	c354f93a5916	6600
1779314123	394709	66	7f9d5582d7d9	1534800
1779314137	394710	66	d7388026d6b2	8400
1779314180	394758	66	5040330bc26a	25800
1779320353	394909	66	cffdce3d5b8d	3703800
1779320372	394910	66	66331939d30d	11400
1779320456	394958	66	ed767a50e998	50400
1779320642	395054	66	c77b5829592c	111600
1779357071	395054	66	eeced6448d16	21857400
1779363668	108	64	448e07c39261	3958200
1779363890	393	64	c0e53c9d79bf	133200
1779363931	660	64	9232765f3bcf	24600
1779363941	702	64	08b4918eae6d	6000
1779390232	395551	66	a194b76851c9	15774600
1779390249	395553	66	a550a9c988c1	10200
1779390340	395608	66	a8b136b0cc85	54600
1779390929	395989	66	52a8fd38ae78	353400
1779390945	395991	66	9571838da959	9600
1779391331	396562	66	261498aa5a1b	231600
1779391348	396563	66	36090bbb728f	10200
1779392443	396617	66	8e121d1c634e	657000
1779393098	397083	66	01d6012ee147	393000
1779393121	397085	66	e03eced0393c	13800
1779393424	397497	66	21cf4619415e	181800
1779393438	397498	66	408c6313ed84	8400
1779393464	397553	66	44d1cf9f0c7a	15600
1779393774	398007	66	ffb7e8cd0457	186000
1779393798	398008	66	68192958cb49	14400
1779393916	398063	66	a559652dce11	70800
1779394085	398293	66	14379fa93ab8	101400
1779408953	398579	66	b9589f94673f	8920800
1779409217	398767	66	20a0ff7f7b03	158400
1779442613	398767	66	0b985841282b	20037600
1779449282	398812	66	be5070e4eb49	4001400
1779449903	398817	66	7b547768ae5d	372600
1779449918	398822	66	82c0d4988ed8	9000
1779450684	398944	66	a4d49df14ba7	459600
1779450701	398945	66	d7b0d5d01dd9	10200
1779451766	398945	66	3627e95fa9ec	639000
1779464328	399006	66	d9f0d8ea0c4d	7537200
1779464400	398957	66	80c49e36ea58	43200
1779464454	399080	66	22db303857d9	32400
1779499774	399347	66	cf9273a92ef4	21192000
1779499788	399349	66	fa15ebf72fa2	8400
1779499800	399394	66	318b033db14d	7200
1779499819	399395	66	5296d842cb9f	11400
1779500726	399462	66	8e04eab52975	544200
1779501053	405184	66	108c4189e23e	196200
1779501069	405202	66	36816d49adc3	9600
1779501572	405655	66	b7f7402c479a	301800
1779501587	405656	66	c1dde6e07637	9000
1779502018	405706	66	c877c9e2d248	258600
1779502032	405707	66	312be456146e	8400
1779502045	405765	66	0375df0c9769	7800
1779502539	406024	66	07f8c0345527	296400
1779502561	406025	66	66dca16ccf59	13200
1779502707	406055	66	13a1d679aafc	87600
1779502724	406056	66	78175d9b5f8b	10200
1779503647	406109	66	50a6a43bb5df	553800
1779504953	406430	66	ad4fc19e31f2	783600
1779504972	406436	66	551cbb2c0e9d	11400
1779506166	407069	66	23a5eb449ac0	716400
1779506181	407070	66	b0970a87a453	9000
1779506191	407139	66	c38d0edb5868	6000
1779506207	407140	66	7ac73e246864	9600
1779506352	407199	66	73d53bda4d7a	87000
1779506543	407203	66	7e4e009d6f92	114600
1779506633	407134	66	2b7fdc046ba7	54000
1779506647	407140	66	0013a774e3d4	8400
1779507421	407146	66	5d46a1b0b422	464400
1779508241	407512	66	6800a55f3fd4	492000
1779508255	407513	66	0a6b0f2bc63c	8400
1779508261	407565	66	cc826cc5479a	3600
1779508275	407566	66	abea8ceb0fcf	8400
1779508281	407621	66	d20e1a5c6e8a	3600
1779508660	407911	66	f90d9e53965e	227400
1779508673	407912	66	0a99b368160c	7800
1779508860	408736	66	3346738654f0	112200
1779509159	409206	66	76c385907c42	179400
1779509175	409209	66	83eb7d3f8a68	9600
1779509185	409283	66	3b015742aa05	6000
1779509199	409284	66	2fe0911ae897	8400
1779509211	409351	66	0f1bdda8924f	7200
1779509448	415015	66	94a2ed194df4	142200
1779509461	415028	66	759bee881162	7800
1779510173	415064	66	30384fff9f57	427200
1779510376	415293	66	e981d5a1b83f	121800
1779510393	415294	66	a3f56f46fb16	10200
1779510996	415346	66	22e6b7feda25	361800
1779511010	415347	66	91174d62c853	8400
1779511032	415399	66	fd75f4f4187d	13200
1779511106	427613	66	05f967864502	44400
1779512124	427800	66	38eadfdbb43f	610800
1779512139	427804	66	fe346747de28	9000
1779512172	427862	66	6d2596d93bf3	19800
1779512188	427863	66	8fef7d2a93cc	9600
1779524708	427863	66	7cf23a4e698c	7512000
1779543862	427868	66	90d46df6e1da	11492400
1779544884	427938	66	7c5f68524107	613200
1779544899	427940	66	052c01c7e34e	9000
1779545163	427995	66	3f198236071e	158400
1779545812	428194	66	4e84868f9098	389400
1779545833	428196	66	7470613b4d74	12600
1779545914	428282	66	1805726cd354	48600
1779545931	428283	66	6a145285c756	10200
1779546074	428377	66	5038c096d77d	85800
1779546237	428457	66	cd7bad03c08e	97800
1779546554	428524	66	764d211acebc	190200
1779547043	428083	66	066bb60abf91	293400
1779547059	428085	66	120cd9380ed1	9600
1779549708	428085	66	2008caf0cb3a	1589400
1779552181	428095	66	ecf27683d8e5	1483800
1779552494	428172	66	99004043574e	187800
1779554040	428172	66	3eb5ea730ae4	927600
1779555026	428172	66	6fa5e9ffff2b	591600
1779555160	428172	66	17a88c6fe641	80400
1779557782	428172	66	fc0aa8a3c26c	1573200
1779558476	428232	66	dd61b498fe47	416400
1779558491	428234	66	e07c8703989c	9000
1779558937	428234	66	dec66d56d1d9	267600
1779560188	428307	66	3a47eb83de5d	750600
1779561458	428307	66	a8d256b25c77	762000
1779562446	428322	66	43d2b969115e	592800
1779562748	428322	66	744955106c45	181200
1779562869	428322	66	ce2b17b91612	72600
1779563585	428321	66	18b8ac85a0a5	429600
1779565512	428457	66	dc099b00969f	1156200
1779565526	428458	66	97b9901fb1b0	8400
1779565542	428463	66	a0dafaaf5bac	9600
1779565584	428463	66	220bf64a03e7	25200
1779565886	428507	66	5592414401a5	181200
1779566494	428581	66	5e2b9fa59f3c	364800
1779566846	428581	66	e3d08564f37f	211200
1779567248	428581	66	f16b724bae7c	241200
1779568346	428581	66	0d99d750fef3	658800
1779569845	428582	66	9bdebfff6216	899400
1779569860	428584	66	821340d2d459	9000
1779570760	428584	66	89d6c1ec0a21	540000
1779571719	428584	66	77ddeb907f38	575400
1779572855	428654	66	57400858ee9b	681600
1779573628	428654	66	4a391ed6c111	463800
1779574375	428654	66	a57c45db292f	448200
1779574464	428654	66	b24f710be529	53400
1779577886	428654	66	649a6559aa8e	2053200
1779578820	428654	66	fe2cbc3f478f	560400
1779580673	428691	66	ac427e038e1a	1111800
1779581410	428691	66	4c655a3fabaa	442200
1779581692	428736	66	b8bf9baea5dd	169200
1779582319	428732	66	76a9631c362f	376200
1779582343	428788	66	fd842072b895	14400
1779582556	428788	66	9930346e1b5c	127800
1779582589	428788	66	2b458da1f09f	19800
1779586107	428788	66	5fcda270d0e0	2110800
1779597392	428788	66	ed69fc2db49d	6771000
1779600949	428788	66	750496db827a	2134200
1779608324	428788	66	a4a579610c8d	4425000
1779610441	432691	66	1c1d38a9867b	1270200
1779610716	432691	66	51909e92cd56	165000
1779611707	432691	66	1ca2bb7122ae	594600
1779615021	432691	66	827364993025	1988400
1779617780	432691	66	25847bf97a54	1655400
1779620124	432691	66	7bebb7260482	1406400
1779623233	432691	66	fda051f345d8	1865400
1779623819	432691	66	247646a4b6a1	351600
1779627803	432691	66	aa9d9a1aff42	2390400
1779627897	432691	66	239a33a02106	56400
1779633708	432691	66	57c8aaea1957	3486600
1779634029	432691	66	b1dbd32a5bef	192600
1779637040	432685	66	789275e95a6c	1806600
1779637602	432685	66	4b6c94538c9f	337200
1779638178	432685	66	1ab2a5bdc121	345600
1779640620	432712	66	a0de88e85029	1465200
1779640812	432714	66	8559526d9cda	115200
1779641019	432714	66	9ddbd26e5c5c	124200
1779641762	432714	66	4c0f5845910b	445800
1779644447	432714	66	aed09559d3d9	1611000
1779645129	432834	66	e3bd5744575e	409200
1779645144	432835	66	c0cd7c7a8d68	9000
1779645314	432835	66	02b3acc58b14	102000
1779646013	432878	66	bb4947bccc9c	419400
1779646138	432943	66	c2d4d366473a	75000
1779646846	432969	66	07ae02564ba5	424800
1779647029	433011	66	80fe0a0c36bf	109800
1779647211	433021	66	739736311242	109200
1779649456	433021	66	8305d67015c9	1347000
1779650346	433010	66	356ca261cf54	534000
1779652281	433010	66	89cc1b6db249	1161000
1779655135	433010	66	9b08ad7b09d5	1712400
1779655308	433031	66	d97ceafa5892	103800
1779656047	433031	66	b5d1ac22c554	443400
1779656703	432996	66	7e7b68d7826e	393600
1779657394	432996	66	931fd0bcf27d	414600
1779658517	432996	66	1a3a4dc85d4f	673800
1779659933	433142	66	4ef6e87a3643	849600
1779659950	433143	66	8e5cb9a5e2ff	10200
1779659970	433194	66	859b302b469c	12000
1779659986	433225	66	f5cdda45e467	9600
1779660269	435436	66	d59e1b45a855	169800
1779661384	435460	66	9c63db9b24db	669000
1779661398	435500	66	5e8e7219a1a0	8400
1779662092	435500	66	ad778769ad53	416400
1779662481	435829	66	466f35912172	233400
1779662671	435833	66	0655af785017	114000
1779662687	435838	66	8e722ca044d1	9600
1779663012	435839	66	2707556b8028	195000
1779664333	435884	66	3de63afb20be	792600
1779664345	435925	66	f69bf04408d6	7200
1779664758	435963	66	8376c543d193	247800
1779665130	435964	66	4f95c5d6e694	223200
1779665145	435966	66	96f28d13d25b	9000
1779665188	435990	66	fa68d8b0392a	25800
1779665594	436118	66	fe6f4698ed54	243600
1779665606	436124	66	3001ad5b9970	7200
1779665852	436124	66	a9c50fc61b41	147600
1779666015	436197	66	e3b309b34fe1	97800
1779666111	436236	66	ba2c94258189	57600
1779666125	436239	66	8b77906fbdc9	8400
1779666246	436243	66	9ead4a473520	72600
1779666711	436265	66	e661a7e71a2a	279000
1779666727	436266	66	fe42cf0ef2fa	9600
1779666841	436266	66	f68282514d9f	68400
1779667119	436381	66	5c4aac8dbfff	166800
1779667135	436427	66	62c906852073	9600
1779667525	436584	66	02114e28cd47	234000
1779667536	436626	66	6789aa25b530	6600
1779667749	438924	66	cf56f96342a8	127800
1779669391	443840	66	cbe157a8658b	985200
1779669405	443854	66	32d8a4fe8d6a	8400
1779670180	443854	66	eb7670f710f9	465000
1779672905	443854	66	3ff89d347c4d	1635000
1779689123	443854	66	20711d654faa	9730800
1779698410	443870	66	fb8ec181ae82	5572200
1779699224	444053	66	7d857add9706	488400
1779699409	444054	66	541782a035c0	111000
1779700357	444054	66	21a576bf8908	568800
1779704312	444054	66	342fed623e51	2373000
1779704876	444295	66	ba9d542083b1	338400
1779704891	444297	66	43ad741cb8e5	9000
1779705782	444297	66	549bbe22cbcc	534600
1779706024	444338	66	f39bc4244108	145200
1779707673	444338	66	0a00fa75abfd	989400
1779708988	444489	66	1804e2196c4d	789000
1779709332	444667	66	1779a4c7030a	206400
1779710231	444811	66	e54cde349fec	539400
1779712600	444812	66	4a62719ef79c	1421400
1779715805	444937	66	4e2bd403b099	1923000
1779715825	444940	66	f2fe0af444c3	12000
1779716061	444972	66	a038305681e9	141600
1779716178	453218	66	96d0f7513dfc	70200
1779716192	453234	66	b58f9aaf9fb7	8400
1779716909	453234	66	99f7385f65e1	430200
1779717084	453278	66	cc5494e4a0df	105000
1779717099	453279	66	0432046ce5d5	9000
1779723461	453277	66	7501b5285e00	3817200
1779723606	453277	66	a45eed455e93	87000
1779723666	453318	66	c47ce88d19ab	36000
1779723809	453328	66	505c19205c7f	85800
1779723825	453329	66	df8b5d22f5be	9600
1779724033	453424	66	a5c0154fac69	124800
1779725335	453424	66	df4286daef72	781200
1779725437	453425	66	cf325865a375	61200
1779728139	453529	66	0297e0d9961b	1621200
1779728704	453533	66	1f92c57374de	339000
1779729519	453577	66	e27291bad790	489000
1779729636	453623	66	513bb0e0fdfd	70200
1779729798	453622	66	f28fea23514c	97200
1779731492	453640	66	c18f08b8949d	1016400
1779731519	453640	66	1a6ff06c0e40	16200
1779731598	453639	66	19ed668fcafe	47400
1779731658	453651	66	cfe9af1f1220	36000
1779732104	453758	66	6286cd96c404	267600
1779732119	453762	66	b1edb74a3b46	9000
1779732144	453815	66	c6ee79d9d74d	15000
1779732499	453819	66	699cab31db5b	213000
1779733165	453911	66	5819ac288a46	399600
1779733852	453979	66	b36b78ea0cb9	412200
1779733866	453980	66	3ba92d4f9f88	8400
1779733885	453936	66	6b3a2cbfd990	11400
1779734228	453833	66	abfae6197010	205800
1779734337	453829	66	684923e2817e	65400
1779734435	453866	66	9d9d3a455a27	58800
1779735475	453866	66	b04715edba77	624000
1779736122	453867	66	792818ef20c5	388200
1779736187	453868	66	095278bb267a	39000
1779739964	453994	66	d8d5b1a1c54e	2266200
1779739979	453995	66	b04b2794606c	9000
1779740047	454045	66	b6dc552fb972	40800
1779740265	455486	66	7eb09dfed9ac	130800
1779740610	455502	66	31bd40acdc1d	207000
1779740623	455505	66	4f7dc6eae1ab	7800
1779740692	455505	66	dbe1372b9ab5	41400
1779740786	455505	66	fb61002fb96d	56400
1779741362	455560	66	86a92aec5996	345600
1779741656	455560	66	534fd13a684c	176400
1779741681	455560	66	c7b49527e3ce	15000
1779741698	455620	66	6eb50d48938d	10200
1779742347	455665	66	154183b7c222	389400
1779745472	455665	66	3b2ced45f072	1875000
1779745751	455678	66	2a872eb48030	167400
1779745825	455677	66	73912878e693	44400
1779748771	455676	66	60c124116ffb	1767600
1779749053	455905	66	8808f58737bc	169200
1779749066	455961	66	94465d23d0de	7800
1779749081	455961	66	00961573b207	9000
1779749084	455975	66	0ae3c17405c3	1800
1779749161	455975	66	82c863ab1719	46200
1779749270	456049	66	cf30032f60d2	65400
1779749788	456186	66	cf5c4270fe7b	310800
1779751372	456814	66	9ae442232b9a	950400
1779751386	456815	66	fa353b80fd75	8400
1779751421	456839	66	f5feb7b059c1	21000
1779751535	456951	66	f24eb0b56c51	68400
1779752464	457008	66	07cc7bae3cb3	557400
1779752478	457009	66	e0a21dfca49b	8400
1779752486	457029	66	6f0fb577af38	4800
1779752683	457069	66	dc8b1f27121b	118200
1779752741	457083	66	9461beb58946	34800
1779752789	457083	66	19f6b621a2b8	28800
1779752939	457083	66	1b5639e58ea9	90000
1779753491	457253	66	0fdbf8da88af	331200
1779753959	457254	66	f1f6284e06c4	280800
1779753972	457256	66	cea4c03e5dc1	7800
1779754365	457255	66	4daaac20587e	235800
1779754379	457254	66	f88043d671b3	8400
1779754578	457282	66	6b4303b99be7	119400
1779754594	457283	66	49e2ba109580	9600
1779754702	457303	66	a2b7882da669	64800
1779754869	457383	66	0dc5048cbc39	100200
1779754880	457403	66	d8e547ba0034	6600
1779754956	457430	66	87914809fa2a	45600
1779754969	457516	66	ed9b8fe3a0dc	7800
1779755258	457537	66	4325b77e5e07	173400
1779755258	457525	66	4ab2123acf11	0
1779755578	457579	66	dc7f10dd889e	192000
1779756759	457634	66	a54e9ab23663	708600
1779756772	457637	66	9e58786bc4ba	7800
1779756815	457658	66	7f4f3bd65a95	25800
1779756962	457745	66	f74a104a88ec	88200
1779757083	457795	66	1ee8a982f797	72600
1779757222	457843	66	477b8ffa057b	83400
1779757818	457916	66	d2d26a91e237	357600
1779757839	457918	66	619ef7da89d9	12600
1779757894	457939	66	539d3dd15a17	33000
1779758007	457704	66	c672b4fc301f	67800
1779759037	457718	66	e7fae848d1c2	618000
1779759057	457718	66	58529c7e6d19	12000
1779759097	457878	66	7160f6cf08bf	24000
1779759110	457879	66	2f0cc1b77044	7800
1779759208	457987	66	47a33030a458	58800
1779759317	458014	66	83bba1427185	65400
1779759929	458014	66	5cf0077c43de	367200
1779760076	458014	66	0c802b0d1740	88200
1779760107	458006	66	f3560f30c77f	18600
1779760245	458013	66	f5af612dc2d1	82800
1779760347	463531	66	6802dac6a283	61200
1779760596	481051	66	88e7eaf791f2	149400
1779760852	498619	66	5caf1406e9ee	153600
1779761106	516133	66	7d6cb4baf0c0	152400
1779761360	533649	66	c999f5381f03	152400
1779761615	551168	66	cafc0963c31a	153000
1779761873	568736	66	4e25c4942ee8	154800
1779762131	586251	66	b815cbcfaebd	154800
1779762389	603768	66	14c2ac88c96f	154800
1779762646	621288	66	940023b36cc7	154200
1779762910	638855	66	97fcc542032b	158400
1779762913	638861	66	28ba9671fbf6	1800
1779773986	638862	66	eb277de190d3	6643800
1779774079	638863	66	e4409f2e8322	55800
1779774838	638863	66	6e87a835a373	455400
1779780528	638901	66	f8bb3872ee17	3414000
1779780546	638902	66	ec8a3a006310	10800
1779781044	638904	66	8cb74749871d	298800
1779781983	638983	66	e24084859bcd	563400
1779782005	638984	66	f8828be60087	13200
1779782080	639007	66	9630db372bf9	45000
1779782654	639021	66	f2ff64644fd8	344400
1779782790	639204	66	d7567142eeb0	81600
1779783842	639195	66	c8b6327c79ee	631200
1779784318	639328	66	a3b4f49dbf12	285600
1779784339	639329	66	20da79302641	12600
1779784374	639353	66	9ed3939b0ef5	21000
1779785553	639366	66	c75f206d3b7b	707400
1779785617	639365	66	f02f1197b9bb	38400
1779788658	639365	66	dc616e8e38f2	1824600
1779789233	639351	66	e3b755da3786	345000
1779789820	639351	66	585c1784c5a8	352200
1779789877	639351	66	5f13ee1bb2a3	34200
1779790166	648739	66	99906b3fbb8d	173400
1779790169	831032	66	b948e4e6cc61	1800
1779790628	831313	66	c89dbad7f96b	275400
1779790645	831347	66	c8515b3ecba7	10200
1779790647	831369	66	488c91ae5e5b	1200
1779792593	831421	66	e6004fc2f5f5	1167600
1779792670	831475	66	12ddc19a957b	46200
1779792808	831495	66	5af13a1fccf3	82800
1779792921	831569	66	c303b5d01997	67800
1779792940	831495	66	43017093794c	11400
1779793085	831502	66	d6234d819fa7	87000
1779793157	831526	66	e709023e4e16	43200
1779793247	831445	66	158df9615cb8	54000
1779793686	831421	66	3b09b3a22cc9	263400
1779795479	831533	66	068d85114b41	1075800
1779795505	831606	66	a248e10fea94	15600
1779798688	831606	66	5e21e216569a	1909800
1779805590	831620	66	1339f401f269	4141200
1779808574	831977	66	a6484a0a7c2a	1790400
1779808881	832008	66	1ff1c13f34e4	184200
1779808904	832019	66	238fdbea9c26	13800
1779809383	832031	66	0aec91d066c8	287400
1779812331	832183	66	da529b551f2b	1768800
1779812356	832184	66	54addc94c541	15000
1779812950	832184	66	cbc1feea91fe	356400
1779814108	832245	66	fc5be5263c74	694800
1779814415	832253	66	15b7fdd01682	184200
1779814436	832255	66	b0a64d34796b	12600
1779814502	832153	66	249f0e55ae44	39600
1779814627	832158	66	f384fdd5ce2e	75000
1779814813	831292	66	e90aa8a62d5f	111600
1779815285	831293	66	987c841a3103	283200
1779815318	831294	66	736598a8541d	19800
1779815540	831304	66	a375e769d7b8	133200
1779817262	831305	66	0ffdeb2d70f1	1033200
1779818398	831308	66	f89aec1cbe4a	681600
1779818840	831307	66	13738b8ab76f	265200
1779820124	831393	66	49bb38feec16	770400
1779821323	831416	66	606adc118016	719400
1779822169	831416	66	bdd7eb9167d4	507600
1779824215	831416	66	83faa8012ccf	1227600
1779824255	831417	66	69345b862a62	24000
1779829134	831417	66	f7a7e725648b	2927400
1779830150	831430	66	98aaa5a92da7	609600
1779830186	831429	66	3b21cc5a74a0	21600
1779830884	831437	66	015f2a9a10eb	418800
1779832328	831514	66	23d853af35e7	866400
1779834379	831514	66	b4210535dc6e	1230600
1779835201	831515	66	9b35163c13b0	493200
1779835245	831516	66	cbbda2210bf9	26400
1779836408	831530	66	58967ae4cad0	697800
1779838874	831531	66	8111ee7f7944	1479600
1779839123	831544	66	4d2056ac18e1	149400
1779839138	831543	66	71e26fd03293	9000
1779840960	831557	66	278c243ac3d0	1093200
1779843460	831571	66	6c70b426df8a	1500000
1779843709	831584	66	22b3bc78481c	149400
1779846037	831590	66	0d730f557454	1396800
1779846739	831604	66	44740721dcd4	421200
1779846761	831603	66	e3a810fc3244	13200
1779846969	831607	66	3f49fc71216d	124800
1779847138	831608	66	2f16c74401f3	101400
1779857527	831622	66	35cddc182a16	6233400
1779861844	831636	66	10bde88e30b3	2590200
1779861878	831636	66	8a4837bbea29	20400
1779862328	831636	66	78937d7d4381	270000
1779866283	831676	66	b3f75b0a3a1e	2373000
1779866833	831673	66	3030aa1e3217	330000
1779866962	831662	66	05c4efd8ddce	77400
1779868216	831664	66	b47c5d8161d3	752400
1779868269	831669	66	6511b041dbda	31800
1779869056	831639	66	9e5f46d837ff	472200
1779869224	831646	66	92003f485c28	100800
1779870794	831660	66	d4dd8b31d978	942000
1779870910	831756	66	9fa0e4a80a9f	69600
1779872394	920431	66	f73d27aea2b8	890400
1779876154	920431	66	0ce5d4c4720d	2256000
1779876434	920431	66	19dfdd426717	168000
1779876822	920445	66	b0797cc7fe3e	232800
1779876894	920445	66	1a1036eabf9c	43200
1779877859	920445	66	10dcb21222d1	579000
1779882986	920459	66	3402111a4b6b	3076200
1779888430	920458	66	666feed3087f	3266400
1779889129	920458	66	79d6205e2ee9	419400
1779889694	920472	66	c14dcdd7258a	339000
1779889725	920472	66	49b7da533518	18600
1779890255	920595	66	482985f0496d	318000
1779890276	920596	66	30dc535968d5	12600
1779890289	920635	66	1f75f5148497	7800
1779890421	920635	66	70d3c8da5a88	79200
1779896129	920649	66	4ce13f0da010	3424800
1779900791	920663	66	d6b5542b7377	2797200
1779902857	920663	66	fbcdb1779194	1239600
1779905560	920677	66	5b05db12be06	1621800
1779908919	920738	66	434a21335e6e	2015400
1779908985	920739	66	4cd7b67df23e	39600
1779909018	920740	66	8bcb74902e2c	19800
1779910072	920741	66	32a9e1965615	632400
1779910663	920742	66	ccc8e1013dd1	354600
1779913622	920748	66	53822bf8cd97	1775400
1779913638	928594	66	b0082a05712e	9600
1779913661	928618	66	d287a3aa9f5d	13800
1779913797	928632	66	66b99a470161	81600
1779916069	928632	66	b85df31059a8	1363200
1779916101	928632	66	c02850012997	19200
1779916196	928785	66	1f00e7f4685c	57000
1779916217	928834	66	3ef6e63ffe6a	12600
1779916336	928888	66	050c2daca976	71400
1779916355	928890	66	cbb52d92fd1b	11400
1779916431	928891	66	ada96704da21	45600
1779916555	928909	66	c93be1dd7a5c	74400
1779916569	928927	66	93592630e274	8400
1779916588	928928	66	9721cefd12a7	11400
1779917198	928927	66	63899679c1d4	366000
1779917275	928975	66	1f48dfc8c45b	46200
1779917289	928979	66	49046c23318e	8400
1779917784	928983	66	82080094c5c2	297000
1779918876	929099	66	2f7acc18c18a	655200
1779918894	929100	66	3cc7c498fcac	10800
1779919030	929149	66	74e7492c4626	81600
1779919230	929149	66	087c647e2391	120000
1779919247	929150	66	cfacd4550536	10200
1779920325	929164	66	592572516a45	646800
1779920991	929258	66	5ffcfac5e897	399600
1779921007	929259	66	54f2324c4fa3	9600
1779921382	929273	66	7edeb46c4417	225000
1779921579	929322	66	7df4278d5d5c	118200
1779921973	929330	66	6b3b3e069672	236400
1779921991	929331	66	533b279b3699	10800
1779922102	929344	66	7034a68db135	66600
1779922152	929343	66	7bdab2b77bc2	30000
1779922629	929343	66	83fd2a13e717	286200
1779923324	929353	66	86b928f23d39	417000
1779923344	929353	66	733316e101b4	12000
1779925197	929420	66	dd93ad643860	1111800
1779925217	929421	66	4b9f3e1fc180	12000
1779925218	929422	66	98c6c3f825d3	600
1779925515	929426	66	8df73a4f4052	178200
1779925709	929430	66	7aa2f432e555	116400
1779925729	929431	66	1c7cd65a692b	12000
1779925768	929445	66	0a48b0f7f95d	23400
1779925805	929445	66	1dca90f6fb9d	22200
1779926582	929445	66	08537d1bc108	466200
1779927228	929544	66	6332d008d6c9	387600
1779927244	929545	66	4cf0e19257bc	9600
1779927357	929549	66	7f3ec728bc71	67800
1779927610	929599	66	02b44f8c07f7	151800
1779927633	929600	66	df50452bb154	13800
1779927650	929604	66	33d173c4cac2	10200
1779927849	929648	66	a983c9fbb7d2	119400
1779927867	929650	66	6f4fdb5a1e84	10800
1779928310	929748	66	d65ecf607717	265800
1779928327	929749	66	8fbc88aa84ba	10200
1779928337	929753	66	4041abdd2d7d	6000
1779928716	929753	66	c7d365dddf32	227400
1779928845	929721	66	af1854bd6087	77400
1779929190	929722	66	148bae9080f2	207000
1779930377	929726	66	7d89d34c4f29	712200
1779930853	929730	66	86dd50603a34	285600
1779931070	929726	66	ee9ed931021d	130200
1779931506	929739	66	d7e7eee29822	261600
1779931616	929753	66	de19de777408	66000
1779931660	929753	66	d4577b5b0938	26400
1779931853	930167	66	ddc71385cc28	115800
1779931871	930168	66	244a44d692bf	10800
1779931967	930255	66	2c42c9b42b84	57600
1779932249	930111	66	d5cd65d02093	169200
1779932331	930210	66	f9a379ea9d32	49200
1779932344	930211	66	2e0a258328b8	7800
1779932354	930223	66	3a7ada4bb9b5	6000
1779932376	930230	66	3159de6eb8d6	13200
1779932394	930235	66	587dc8cdf569	10800
1779932410	930255	66	34c6f1435479	9600
1779933092	930357	66	1e24ab4aa53c	409200
1779933108	930361	66	bbf17b6b9fe4	9600
1779933110	930433	66	e6eab2d4c269	1200
1779933126	930434	66	53724bd130be	9600
1779933222	930495	66	d21c9db90d5c	57600
1779933281	930539	66	0d078445ca31	35400
1779933298	930542	66	2a4a9da6ee87	10200
1779933644	930543	66	edf1d3e9d9b2	207600
1779933701	930552	66	017cedcf98a7	34200
1779934399	930637	66	85803577690b	418800
1779934713	930876	66	4d7781f59d1b	188400
1779934734	930880	66	b0ffcbeab240	12600
1779942308	930880	66	b61833c9399e	4544400
1779946923	930881	66	a9c315d4bdfa	2769000
1779947044	930881	66	0bbf5f461d47	72600
1779947113	930895	66	a7e71b4170a2	41400
1779953267	930951	66	8f2dde81d2d1	3692400
1779954218	930948	66	f0b2cc0ed876	570600
1779954235	930950	66	18ec3b22cbee	10200
1779954266	930952	66	8c2b9f2e9d9e	18600
1779954536	930954	66	1a6cd145be3d	162000
1779954584	930969	66	f6e2afef79a6	28800
1779954606	931078	66	01848705cdec	13200
1779954627	931079	66	b568d06481e0	12600
1779955143	931432	66	002d81d51ae5	309600
1779955160	931433	66	01bdfd0b2153	10200
1779955241	931510	66	56da1c2e564f	48600
1779955379	931524	66	e27a3d2e3f36	82800
1779955949	931872	66	b273b5e33845	342000
1779955968	931873	66	dd6b57c78f2b	11400
1779956123	931890	66	a2de584c9d5d	93000
1779956145	931900	66	053ef9cf2a75	13200
1779957562	931996	66	76baf0a4f654	850200
1779957620	1020712	66	f01eebadf224	34800
1779958683	1020714	66	95381acfdbc4	637800
1779963132	1020716	66	380d261aa9ad	2669400
1779963378	1020716	66	a09a9127f9f4	147600
1779968955	1020730	66	b4096754f743	3346200
1779980247	1020744	66	a3d3b1e53381	6775200
1779992079	1020758	66	10fdb3cc0055	7099200
1779997143	1020898	66	fef3e174d1be	3038400
1779997167	1020899	66	cc997c8f75f1	14400
1779997176	1020948	66	703701d14b64	5400
1780000760	1020949	66	f4c16e6ac525	2150400
1780000781	1057494	66	fff867391615	12600
1780001695	1057516	66	fe199e03c372	548400
1780001717	1057518	66	bd053d9dacb3	13200
1780001773	1057547	66	2108772ef64b	33600
1780001798	1057548	66	df3b46044dd6	15000
1780006901	1057561	66	74d440d70b6e	3061800
1780006919	1057561	66	01829158d99b	10800
1780012000	1057575	66	d97d96001a1b	3048600
1780012019	1057571	66	e1981c676cf1	11400
1780019333	1057585	66	35fe545075cd	4388400
1780019352	1057589	66	16bbf3c46820	11400
1780029966	1057648	66	4e42c911f842	6368400
1780034381	1057662	66	7aa90aea946d	2649000
1780034401	1057662	66	0d1c4fd113b1	12000
1780043938	1057758	66	b94f48616295	5722200
1780045432	1057786	66	eb19582c395c	896400
1780049136	1057786	66	b5a77a19ce6e	2222400
1780049401	1057799	66	622f0966d89c	159000
1780049467	1057800	66	53e0f2c79613	39600
1780049484	1057806	66	d13c2d0786d4	10200
1780060200	1057777	66	634e2b74b3a1	6429600
1780060219	1057782	66	3b2d046d4151	11400
1780060479	1057763	66	cec0c84c6b78	156000
1780061628	1057776	66	d3f9bdb5b11c	689400
1780061650	1057770	66	8c400f0bb570	13200
1780062500	1057818	66	eea7e50cf58c	510000
1780062993	1057822	66	88052e950111	295800
1780063321	1057828	66	2ce1d4f5d2e5	196800
1780064089	1057946	66	2ec60487b6f0	460800
1780064114	1057947	66	b8007fe87218	15000
1780064116	1057949	66	1fc7e2c59dbd	1200
1780064206	1057956	66	8b29f2888257	54000
1780064447	1057958	66	a800b041fe82	144600
1780064782	1057958	66	77b5282be2ce	201000
1780073998	1090859	66	1cdd0df7a31d	5529600
1780074020	1090859	66	b547006686c6	13200
1780082585	1090859	66	91dae10c39ee	5139000
1780082604	1090860	66	0c27e63cd62f	11400
1780083455	1090861	66	648ecd787e59	510600
1780083473	1090861	66	7efd67e8edc5	10800
1780090028	1090874	66	912549c5087a	3933000
1780090047	1090874	66	06b10bdac8dc	11400
1780092119	1090879	66	1c543664b2eb	1243200
1780093441	1090955	66	c0fa99abe465	793200
1780094050	1090994	66	c6743f232595	365400
1780094068	1090995	66	d19ebc2da5e8	10800
1780094874	1091001	66	21e4bec8ac06	483600
1780094892	1091009	66	2fa7d53cb818	10800
1780095053	1091017	66	4203360a5a61	96600
1780095070	1091019	66	3756ac77c5bf	10200
1780095119	1091033	66	ee81d1509651	29400
1780095139	1091033	66	8ffd6277d66c	12000
1780095153	1091037	66	5bd0d3cce433	8400
1780095164	1091041	66	98d088677608	6600
1780095180	1091045	66	3b2d22493023	9600
1780095326	1091049	66	28f14ac20b05	87600
1780095346	1091051	66	8576c5bf41ea	12000
1780095417	1091056	66	c00c45ab1d67	42600
1780095434	1091059	66	0408e2f70408	10200
1780095576	1091072	66	01f6f1d0f488	85200
1780095594	1091075	66	68996e52ab5e	10800
1780096102	1091091	66	01ea743fc0bf	304800
1780096119	1091093	66	453b6f73227c	10200
1780096691	1091100	66	37f58c111fea	343200
1780096710	1091106	66	8aea8e106bfc	11400
1780096726	1091111	66	df1a52c09a13	9600
1780096764	1091128	66	288573c9c925	22800
1780096844	1091137	66	9e634d3ba9e2	48000
1780097599	1091151	66	13033ddbf216	453000
1780097949	1091216	66	ec1a71e3ac63	210000
1780097965	1091220	66	76f9250fdef3	9600
1780098121	1091371	66	40e26b0a1299	93600
1780098138	1091372	66	10dcd5037685	10200
1780098298	1091384	66	beef6d2fabee	96000
1780098315	1091385	66	965aceb4d4fc	10200
1780098958	1091443	66	c2641b0118d7	385800
1780099116	1091458	66	a75957b68b68	94800
1780099270	1124410	66	33ebcd89728f	92400
1780099321	1124420	66	2c1ad091088a	30600
1780099340	1124416	66	f1e136af5d9e	11400
1780099524	1124417	66	98a375df3705	110400
1780099543	1124420	66	e9c8beaa807b	11400
1780103204	1124436	66	aae4b6452f94	2196600
1780103338	1124461	66	ea5b018ebb13	80400
1780103380	1124522	66	b3d75af82d5e	25200
1780103414	1124522	66	20923a57bf3d	20400
1780103436	1124530	66	db858d0ec6f9	13200
1780103472	1124537	66	b46cd732cf09	21600
1780103516	1124554	66	b582c02a767e	26400
1780114383	1124572	66	7a3cbba34a9b	6520200
1780114402	1124576	66	941bda33306b	11400
1780115341	1124577	66	5c72763e7d8f	563400
1780125672	1124591	66	94d3d1032311	6198600
1780125690	1124591	66	4e82e3b7cf36	10800
1780126580	1124687	66	304b93477be9	534000
1780128132	1124689	66	d4c7318523a0	931200
1780129424	1124731	66	d8763e1884b4	775200
1780129592	1124740	66	1e3ad52620e6	100800
1780129609	1124787	66	e33c03c4df14	10200
1780129625	1124836	66	da15d5858b60	9600
1780129974	1124838	66	75c6a1dabedd	209400
1780130110	1124838	66	83bf24814ea9	81600
1780133252	1124857	66	17440e6bcf0d	1885200
1780133270	1124863	66	997bd856068d	10800
1780133447	1124866	66	6fb750d9ddb9	106200
1780133659	1124883	66	c5c2be8eee90	127200
1780133692	1124883	66	d0d43b631e87	19800
1780133707	1124883	66	5a3c4eee00e6	9000
1780133708	1124882	66	95e4b18540ee	600
1780133727	1124885	66	8fc73b54f1cf	11400
1780134727	1125119	66	9f874c230c65	600000
1780134748	1125120	66	b40d77d7ed95	12600
1780134906	1125171	66	f0683a57862a	94800
1780135004	1125193	66	bb325e2dd084	58800
1780135026	1125194	66	6f081ee4cb75	13200
1780135027	1125208	66	8ab1dd621bfb	600
1780136141	1125212	66	bdb596f37957	668400
1780136164	1125213	66	3f4f49e6bf9e	13800
1780136174	1125213	66	16b562369cf1	6000
1780136193	1125214	66	a6ef3d673848	11400
1780136321	1125219	66	5180a5b81d24	76800
1780136540	1125223	66	d2cb09ad2a6a	131400
1780136564	1125224	66	b280a0bf002e	14400
1780137025	1125235	66	a1eec2685330	276600
1780137054	1125397	66	ae3d052052b2	17400
1780137074	1125401	66	46e540d94a5d	12000
1780137365	1125577	66	cf337fcfc210	174600
1780137385	1125579	66	787a67a37756	12000
1780137694	1125617	66	aa23d013034b	185400
1780137755	1125605	66	4b6633124110	36600
1780137949	1125659	66	4057423e35e4	116400
1780138013	1125699	66	a292d6b25526	38400
1780138370	1125739	66	20161d5d885d	214200
1780138420	1125741	66	fc31749f4b37	30000
1780138436	1125742	66	3cf110a2eb05	9600
1780138718	1125756	66	16e99b44ff3d	169200
1780138738	1125756	66	fe67fe9150cc	12000
1780139172	1125810	66	e9654b583c6e	260400
1780139995	1125841	66	40ec5aadf75d	493800
1780140014	1125842	66	937bbe505853	11400
1780140189	1125875	66	1c7cc988495a	105000
1780140213	1125876	66	daa1c68e3c41	14400
1780140715	1125915	66	aa52f46ea3bb	301200
1780140730	1125946	66	cd20e9c91383	9000
1780140757	1125948	66	fa0a385b706b	16200
1780140814	1125989	66	6f8c14db7995	34200
1780140834	1125990	66	7803b6f0651a	12000
1780141394	1126035	66	f704e4737a14	336000
1780141413	1126036	66	c0a14a5464e5	11400
1780141414	1126079	66	e3afb0c35a77	600
1780141435	1126080	66	6dfc4e4ec1ad	12600
1780141597	1126143	66	2d2214a0f2e1	97200
1780141621	1126144	66	e9ab4d13166d	14400
1780141787	1126028	66	d365f9a7db5d	99600
1780142577	1126029	66	aec464647941	474000
1780142867	1126025	66	d1023078eb84	174000
1780142885	1126019	66	5199ab47e3f5	10800
1780142903	1126020	66	307e74a9adff	10800
1780149640	1126021	66	abe7c46f8b52	4042200
1780149797	1126034	66	30a6ca11ba20	94200
1780149818	1126034	66	6d901ca15cf1	12600
1780153916	1126055	66	19af3d15efea	2458800
1780154307	1126056	66	c6180a5cdfc2	234600
1780154365	1126284	66	b0c0b1a0afb6	34800
1780154385	1126285	66	48c64d15243d	12000
1780154413	1126299	66	7598f33f0b37	16800
1780154431	1126299	66	12b3b4dcd492	10800
1780155024	1126301	66	d4df310da4f6	355800
1780155045	1126302	66	110c57f226c4	12600
1780155072	1126304	66	726debc4e0cc	16200
1780155091	1126305	66	c7b856556d71	11400
1780155126	1126307	66	020bb6631f15	21000
1780155147	1126308	66	e78cf803f7bf	12600
1780155184	1126310	66	d46d8cc991de	22200
1780155205	1126311	66	6b0e6da61013	12600
1780155233	1126313	66	a099c1598fe5	16800
1780155255	1126314	66	1fc04e6d5eb1	13200
1780155260	1126316	66	a1e3910d4c4c	3000
1780155280	1126317	66	f195cf94392e	12000
1780155342	1126319	66	b58f90ee436d	37200
1780155361	1126320	66	24fdb11c8237	11400
1780158683	1126321	66	eb18fcb77317	1993200
1780158721	1126335	66	75084ac69b82	22800
1780158739	1126335	66	cefa726d7e39	10800
1780159798	1126337	66	5c3bb17b2262	635400
1780159818	1126338	66	2af6e2051a91	12000
1780159841	1126338	66	aba6198fdb10	13800
1780160183	1126317	66	f87c7a95b49a	205200
1780160217	1126297	66	5c08fa1203b7	20400
1780160345	1126297	66	3b5b3edf4a82	76800
1780160389	1126297	66	acfacfabc962	26400
1780160444	1126297	66	f2932826e124	33000
1780160513	1126289	66	fb814bf4a6a3	41400
1780160538	1126279	66	a770360ade6a	15000
1780161887	1126279	66	6e20b945bd7b	809400
1780162431	1126279	66	0b89e9fea15e	326400
1780162509	1126275	66	698405840908	46800
1780162779	1126276	66	bf51f2dd52d8	162000
1780162790	1126277	66	bd1f4c469d7a	6600
1780162806	1126277	66	35eb66d59c22	9600
1780166031	1126282	66	d516e1907539	1935000
1780166066	1126284	66	467f3d56a8c0	21000
1780166141	1126283	66	007cdfcf4cb9	45000
1780166269	1126283	66	c196d03d63cb	76800
1780166614	1126280	66	d1391d6ef875	207000
1780166702	1126280	66	05a1150f2eb7	52800
1780166770	1126284	66	782a29609558	40800
1780166820	1126297	66	81da7fada442	30000
1780166825	1126298	66	cd5affe38e03	3000
1780166836	1126406	66	41e608ab1f71	6600
1780166837	1126406	66	d1cb3a21e3d5	600
1780167063	1126406	66	dd542d6141c7	135600
1780167651	1126406	66	bac321dfe9bb	352800
1780167992	1126403	66	52acf4ad9fa9	204600
1780168258	1126413	66	0a4371798908	159600
1780168307	1126413	66	26cbe2d8a032	29400
1780168630	1126413	66	408affeb153b	193800
1780168671	1126413	66	cc657b6f108e	24600
1780170836	1126413	66	eb2330144a5f	1299000
1780171145	1126427	66	cd7611dcca96	185400
1780171157	1126428	66	e1fbca93f878	7200
1780171166	1126428	66	bc0a657d84c9	5400
1780171483	1126428	66	b30d4409ba80	190200
1780172626	1126433	66	e4848f645307	685800
1780172684	1126435	66	04baa3de1e9c	34800
1780172718	1126436	66	85d823f13a6c	20400
1780172759	1126436	66	85dc1341fb3b	24600
1780173824	1126437	66	ddae9bcac366	639000
1780173938	1126439	66	39a3205c6bd0	68400
1780173983	1126439	66	a194083ad972	27000
1780174172	1126603	66	41dc5611944d	113400
1780174192	1126604	66	3a9b55a66b94	12000
1780174979	1126604	66	f92b0c63e72d	472200
1780175239	1126604	66	cedcb6c0d54a	156000
1780175311	1126617	66	9e2c917ef22b	43200
1780175431	1126618	66	842fa10b90a3	72000
1780175449	1126618	66	91d7707a2df6	10800
1780175465	1126619	66	2ca2bbd69bf9	9600
1780176947	1126619	66	90764b891875	889200
1780177001	1126619	66	a5585a51a8a5	32400
1780177223	1126620	66	a4a1eeec35f0	133200
1780177281	1126620	66	cf4dddc24537	34800
1780177604	1126620	66	540d60467d4d	193800
1780177713	1126620	66	bbc55d00dce8	65400
1780177909	1126622	66	1c84c18c3657	117600
1780177964	1126646	66	909c29b349c8	33000
1780177982	1126648	66	35642a23934d	10800
1780178023	1126651	66	7e7e28b1fac3	24600
1780178087	1126652	66	acaccb289c50	38400
1780178647	1126652	66	076bf96bb913	336000
1780179091	1126650	66	cde56328e5b3	266400
1780179150	1126626	66	1eab4c5f6961	35400
1780179170	1126624	66	d735d132bb68	12000
1780179184	1126637	66	645217eb5de0	8400
1780179203	1126637	66	2f20408aa657	11400
1780179229	1126638	66	562b58606004	15600
1780179315	1126635	66	747bf5193224	51600
1780179417	1126634	66	d13105fa6ea9	61200
1780182994	1126648	66	884238280768	2146200
1780183004	1126650	66	f0c8516bbe1e	6000
1780183012	1126650	66	2adb335283b4	4800
1780186665	1126664	66	5eeb41661d99	2191800
1780186684	1126664	66	a16d85c509a0	11400
1780191127	1126665	66	c70ea8bf2de1	2665800
1780203287	1126692	66	3a5219c7ac4b	7296000
1780203387	1126706	66	d84710e7d225	60000
1780203405	1126706	66	f336bbe8a3c0	10800
1780207169	1126707	66	d7be6e9f7d6d	2258400
1780215026	1126803	66	7f33a32fab5b	4714200
1780215330	1126822	66	6d1f329f069a	182400
1780215348	1126828	66	5eca0643799f	10800
1780216430	1126798	66	093ab6a4b3a5	649200
1780217703	1126798	66	1c2bac4ebcf9	763800
1780218063	1126768	66	44ad9b39cfa1	216000
1780219033	1126769	66	5fb0bc2cf15c	582000
1780223180	1126783	66	f62e69057d99	2488200
1780223199	1126783	66	24dc9f7fb623	11400
1780225859	1126782	66	b9c5d4dd77a4	1596000
1780228658	1126796	66	a94d58a1ebf8	1679400
1780228675	1126796	66	b84519ae2dd8	10200
1780231629	1126796	66	3b696533566f	1772400
1780235690	1126805	66	514e170ee13b	2436600
1780235711	1126799	66	cb0c0a987460	12600
1780237378	1126799	66	31bf43ff4f38	1000200
1780240588	1126813	66	ea6bcd2a19ee	1926000
1780240606	1126813	66	f21494282040	10800
1780242369	1126813	66	7a9495c7b756	1057800
1780245484	1126814	66	13ad48e69a60	1869000
1780245501	1126814	66	51e15ea872ec	10200
1780246087	1126814	66	b44bd6e7e83b	351600
1780249440	1126827	66	cc592eba09c5	2011800
1780249460	1126827	66	8b34e2abfba0	12000
1780249736	1126827	66	f8918a020919	165600
1780253676	1126841	66	04264db170b7	2364000
1780253693	1126841	66	2389b8db14cd	10200
1780253791	1126841	66	6fbab4f96920	58800
1780257242	1127276	66	7182331d9481	2070600
1780257263	1127277	66	1de49e12b327	12600
1780257302	1127313	66	7659dc364bb1	23400
1780257426	1128375	66	ec9e88f9225a	74400
1780257447	1128376	66	bb8485f6dbe6	12600
1780257887	1128390	66	609e575188e5	264000
1780257907	1128390	66	0cd91a4d1218	12000
1780258328	1128590	66	bcc67803799f	252600
1780258349	1128591	66	b09fd2ae5934	12600
1780258387	1128591	66	0db272f36cd7	22800
1780258491	1128627	66	767abfbe8624	62400
1780258695	1128835	66	2f64601dc49a	122400
1780258714	1128836	66	2f71466c7a51	11400
1780258889	1128978	66	2053d343562a	105000
1780258912	1128979	66	420e8bd5cee3	13800
1780258924	1129015	66	3b21baf030e3	7200
1780262011	1129029	66	bd9d8b17c3a8	1852200
1780262028	1129029	66	383a444d1e20	10200
1780262208	1129029	66	828b0c8caf05	108000
1780264262	1129317	66	15fff3d258dd	1232400
1780264285	1129318	66	4fc157c3a8a8	13800
1780264369	1129586	66	07d5107f932b	50400
1780264385	1129618	66	0575da2e2b1b	9600
1780264390	1129619	66	aabc59e55da7	3000
1780264408	1129690	66	297564dacfdb	10800
1780264422	1129717	66	80b912b1d83a	8400
1780264427	1129718	66	78eecbe491f8	3000
1780264653	1129986	66	8702b273a561	135600
1780265733	1130000	66	4b6040e9dcf8	648000
1780265750	1130000	66	6bc7b019f525	10200
1780265863	1130000	66	ba3c12e11e49	67800
1780265882	1130003	66	f1464d8263e6	11400
1780267236	1130367	66	f66d8ea1c078	812400
1780267256	1130368	66	e4bc3ca5c337	12000
1780267313	1130415	66	682f1c8ae805	34200
1780268074	1225395	66	1c913419e91f	456600
1780268099	1225395	66	f1aedb7431f3	15000
1780268120	1225399	66	fc8fd4f7d5e6	12600
1780268534	1225479	66	7aada90dec02	248400
1780268549	1225506	66	724e65c94d0b	9000
1780268554	1225507	66	a691ed186226	3000
1780269084	1225530	66	70ca6925cdfb	318000
1780269210	1225559	66	436c3c1732bc	75600
1780270365	1225569	66	ff5e7d0b9666	693000
1780270384	1225565	66	b3b791f7b685	11400
1780270490	1225564	66	f21dd3ad424a	63600
1780270510	1225566	66	6a28a53f7d86	12000
1780272314	1225695	66	c46591abba99	1082400
1780272329	1225724	66	e7d348cdfec1	9000
1780272337	1225725	66	27d30c9eb185	4800
1780272866	1225772	66	aaf7596e956c	317400
1780276349	1226055	66	3d0e38cbef57	2089800
1780276371	1226057	66	5e009e462401	13200
1780276491	1226083	66	c660043e287e	72000
1780276764	1226237	66	e41d1c4b8d9f	163800
1780276767	1226343	66	3a41fea2c1ca	1800
1780276785	1226345	66	14e983f09ba6	10800
1780277219	1226331	66	defa4d07a36f	260400
1780277272	1226359	66	cd905c7d5d94	31800
1780278323	1226391	66	f8e4ecb76775	630600
1780278996	1226409	66	05c97da5e79a	403800
1780279014	1226413	66	4153e9942c24	10800
1780279048	1226425	66	2962dfa64fc2	20400
1780279069	1226426	66	30241d20da49	12600
1780281404	1226426	66	55b8eae2411b	1401000
1780291163	1226440	66	822c4f920a10	5855400
1780293823	1226440	66	04bf5a558e73	1596000
1780297068	1226440	66	630cd699b213	1947000
1780297154	1226454	66	d256ac525d26	51600
1780297174	1226454	66	441ae7a15565	12000
1780297478	1226454	66	9200c6d26668	182400
1780297601	1226454	66	f0abe4c151fb	73800
1780297701	1226454	66	9a29712c8f91	60000
1780298566	1226461	66	daed9b9c3678	519000
1780298710	1226460	66	da7cca9a06cd	86400
1780299636	1226460	66	eec85bfeaa91	555600
1780299869	1226460	66	2f432883d59d	139800
1780300543	1226460	66	60f2d7e823b1	404400
1780301477	1226472	66	b9d4f155cbc0	560400
1780301588	1226475	66	6f711e019507	66600
1780303911	1226475	66	0e2582d40462	1393800
1780308842	1226571	66	8c51e05b0fd9	2958600
1780310747	1226572	66	362ee0c4a21a	1143000
1780311569	1226549	66	8cd365bef248	493200
1780312744	1226543	66	30d794f57d0d	705000
1780313760	1226538	66	b7ba3b7700a5	609600
1780314502	1226538	66	69ce9ef29c01	445200
1780314789	1226539	66	2e0e781ab56a	172200
1780315852	1226571	66	789ecd548735	637800
1780317806	1226576	66	7bb049f13293	1172400
1780317930	1226590	66	ad6662a43525	74400
1780317949	1226590	66	7c4dc4de3694	11400
1780318176	1226588	66	072dd37d83f5	136200
1780318198	1226589	66	fe34bef66b48	13200
1780338608	1226603	66	be2113b7db53	12246000
1780338631	1226603	66	c8bc94b723c0	13800
1780338728	1226600	66	22ff145eeaf7	58200
1780350696	1226614	66	967365999a96	7180800
1780350717	1226614	66	378d74c8aa7c	12600
1780350746	1226612	66	43c054b26a85	17400
1780356048	1226626	66	f89872976a3e	3181200
1780356068	1226626	66	839f33528435	12000
1780356140	1226626	66	a857d60fa79d	43200
1780364489	1226623	66	8ac26708e4a1	5009400
1780364506	1226619	66	10ce36411e5e	10200
1780364607	1226619	66	8f916ee857a0	60600
1780376536	1226633	66	732c7bdd0c1b	7157400
1780381362	1226650	66	8fe05feef45d	2895600
1780381381	1226654	66	487f612be61e	11400
1780381451	1226654	66	4569fb3764f3	42000
1780390985	1226750	66	93452983b784	5720400
1780393672	1226752	66	2564cbcc2e3d	1612200
1780394422	1226767	66	1f828e4ccf6b	450000
1780397067	1226769	66	204c78da5b53	1587000
1780397235	1226769	66	36ceec73e008	100800
1780398056	1226788	66	f10bd9201077	492600
1780398079	1226794	66	8f3551993186	13800
1780398292	1226794	66	ed1090d6cad1	127800
1780412573	1226803	66	4d9f32c3cbc9	8568600
1780412600	1226797	66	f4815e1ad82b	16200
1780412814	1226797	66	db543f605aca	128400
1780426278	1226811	66	e08190a2d904	8078400
1780426305	1226811	66	92b43a109c3e	16200
1780426393	1226811	66	c5f033c70cb1	52800
1780426954	1226912	66	fadd0338fb58	336600
1780426980	1226913	66	12cba3573d87	15600
1780426993	1226941	66	6bbaaea9f4ca	7800
1780427220	1226979	66	575f7e9b2db0	136200
1780427605	1227076	66	5d1412f12bf5	231000
1780427632	1227078	66	6c8cee5c282c	16200
1780427709	1227106	66	ad31e913de2d	46200
1780427886	1227139	66	99ba6fcc5c62	106200
1780428305	1227274	66	641088bf168f	251400
1780428332	1227276	66	2b18f6b526a8	16200
1780428417	1227305	66	6d422dd2fefc	51000
1780435942	1227336	66	752714fffe68	4515000
1780435964	1227337	66	ad53457da695	13200
1780436336	1227338	66	5ab3525beb7d	223200
1780436359	1227338	66	9b2188296887	13800
1780436669	1227339	66	80c3dfede2fe	186000
1780436706	1227339	66	d859608be9ce	22200
1780436952	1227322	66	457aeddbc153	147600
1780438046	1227322	66	9a54551874fd	656400
1780439995	1227347	66	86cb7dbb5388	1169400
1780440019	1227348	66	7653c22ee66f	14400
1780440988	1227349	66	b00d5d76c204	581400
1780441847	1227579	66	f6bdba11462f	515400
1780441870	1227580	66	5724f2e86f2e	13800
1780442003	1227608	66	1a505dc54c6e	79800
1780442184	1227759	66	055d1888820b	108600
1780442206	1227760	66	706688ce36c4	13200
1780442471	1227773	66	f9647d7ad019	159000
1780442490	1227773	66	63c05754af2e	11400
1780442529	1227774	66	f5b8ebda4cd2	23400
1780442589	1227773	66	007eb31d24ee	36000
1780442804	1227802	66	53568c063282	129000
1780443737	1227857	66	3d9aff8d6795	559800
1780444926	1228037	66	5a8e4ab3aae1	713400
1780444948	1228039	66	1c265eef1126	13200
1780444968	1228068	66	a4291071bd5e	12000
1780445375	1228064	66	cd34bd012330	244200
1780452218	1228078	66	cb11f651f647	4105800
1780452238	1228078	66	95ff47c41aba	12000
1780452345	1228078	66	50752825370e	64200
1780464018	1228092	66	4eb697c65797	7003800
1780470220	1228106	66	f3a37d9cfdbf	3721200
1780470239	1228106	66	66d533dfe01e	11400
1780470302	1228106	66	3efca09f98c1	37800
1780478543	1228202	66	be1da100df4d	4944600
1780482379	1228216	66	453d30dd2677	2301600
1780485143	1228216	66	fe6fbaf0b069	1658400
1780485417	1228230	66	74a789f627a3	164400
1780488285	1228244	66	d4dd3557ea30	1720800
1780488306	1228244	66	67434e0de14c	12600
1780488348	1228245	66	c8a985de5c3e	25200
1780488860	1228326	66	a872a4288a29	307200
1780489990	1228386	66	501d5cdea325	678000
1780491000	1228384	66	e8073031a5b0	606000
1780491096	1228390	66	c5fd09d23b6c	57600
1780491308	1228399	66	1954864306a6	127200
1780493635	1228439	66	f6b91e4e9784	1396200
1780493666	1228440	66	bd3e85315b53	18600
1780494972	1228517	66	88da6ea271cb	783600
1780499459	1228528	66	271bbb150296	2692200
1780504677	1228856	66	f982945c1361	3130800
1780504880	1228924	66	328c5084b7ec	121800
1780506798	1228924	66	c2d5721fb291	1150800
1780506828	1228929	66	c00900ff89c3	18000
1780509644	1228938	66	a2de13877538	1689600
1780510774	1228939	66	cdb390fbcd01	678000
1780513978	1229125	66	76113dd72b4c	1922400
1780514011	1229126	66	493f766276c1	19800
1780518584	1229126	66	cf710812d8c4	2743800
1780522127	1229135	66	1999b3423517	2125800
1780522309	1229136	66	dad97ae2252f	109200
1780525072	1229167	66	5c92255442fb	1657800
1780526352	1229167	66	6adac36450b3	768000
1780526471	1229253	66	c5f4378b2775	71400
1780527582	1229252	66	a955f25edaa5	666600
1780527608	1229253	66	b00762fd83be	15600
1780528732	1229254	66	ed5da6f3f581	674400
1780528785	1229263	66	d35f54fcc985	31800
1780532444	1229263	66	b96303a8366e	2195400
1780537745	1229264	66	dc1780f55ab9	3180600
1780538606	1229273	66	84d37ed79e82	516600
1780549912	1229287	66	b76b95f94b2a	6783600
1780550160	1229287	66	57a54047c46e	148800
1780553763	1229357	66	e1b173dfeb07	2161800
1780553924	1229420	66	a272605e2334	96600
1780554272	1229421	66	94e35a2f39a6	208800
1780556062	1229430	66	86661313816c	1074000
1780557936	1229430	66	b1e73c1cb8f8	1124400
1780558113	1229493	66	e21dbcd8f321	106200
1780562641	1229589	66	999bcd84a93e	2716800
1780562845	1229542	66	2a772974f1f5	122400
1780562987	1229645	66	6af0de293471	85200
1780563925	1229645	66	26ee92720d19	562800
1780564211	1229690	66	fd86aa9a397b	171600
1780564240	1229692	66	79083b9ae142	17400
1780564916	1229692	66	da96d83ee551	405600
1780565271	1229693	66	d39647c32bad	213000
1780566281	1229723	66	34dd8703c01e	606000
1780567027	1229945	66	bcde64839865	447600
1780567055	1229946	66	391b69f08566	16800
1780567349	1229948	66	47bb5cbea8e2	176400
1780567555	1229948	66	95651f072fbb	123600
1780568051	1229950	66	4a368bf0bdac	297600
1780569654	1229959	66	6e04a877f080	961800
1780570203	1229987	66	b263b33de573	329400
1780570679	1230471	66	308eb0e03726	285600
1780570704	1230472	66	c374e6a22485	15000
1780570811	1230500	66	873c6ad87df9	64200
1780570934	1230808	66	3619addab091	73800
1780575319	1230807	66	910a605b8776	2631000
1780575345	1230808	66	dcdb4ff99ace	15600
1780577399	1231021	66	55f2d47d2327	1232400
1780577426	1231026	66	de7ca94afda3	16200
1780577452	1231027	66	dbdafce6f066	15600
1780579919	1231028	66	ed4fe6d92a31	1480200
1780580771	1231107	66	d5547b96b9d7	511200
1780581015	1231116	66	34ff442488fc	146400
1780581394	1231258	66	1962c127ef09	227400
1780581864	1231337	66	ad8efd807a9a	282000
1780582479	1231365	66	075c03695881	369000
1780584000	1231502	66	eaf276515a73	912600
1780584029	1231503	66	ab7cdde004aa	17400
1780584550	1231508	66	9106af374f7a	312600
1780588105	1231509	66	fc7551c9c61c	2133000
1780590212	1231505	66	aaacda0d5f40	1264200
1780590708	1231568	66	f6c09c0ffaa6	297600
1780590800	1231569	66	e2a4c0a951d3	55200
1780591709	1231578	66	ed18bb9f7aee	545400
1780593991	1231348	66	0348594a0930	1369200
1780594094	1231343	66	fd12f3aecc23	61800
1780596222	1231343	66	c4f00226e362	1276800
1780596391	1231548	66	1cebf23423c0	101400
1780596417	1231606	66	646ccdfd8f9e	15600
1780596420	1231607	66	9f15f06fb73d	1800
1780596775	1231607	66	00a7596798b7	213000
1780597014	1231651	66	d6896d4fc2be	143400
1780597043	1231652	66	994312a6b098	17400
1780597577	1231822	66	57a3e3c3ba33	320400
1780597606	1231878	66	e1f568049245	17400
1780597735	1231913	66	98984675f0dd	77400
1780597763	1231915	66	7ec257b2f2eb	16800
1780598153	1231914	66	b5b47edb228b	234000
1780599503	1232023	66	6d5ac01f71e2	810000
1780599528	1232024	66	53025b639eab	15000
1780599554	1232079	66	36a74e5485d7	15600
1780600223	1232109	66	c625204e12e0	401400
1780600249	1232110	66	e7145f6d0d98	15600
1780600285	1232119	66	21ae77c721ff	21600
1780600739	1232245	66	8bbafef877fb	272400
1780600765	1232246	66	1fa113b2ea36	15600
1780600832	1232212	66	05355b5809de	40200
1780600902	1232207	66	17ebcb38707d	42000
1780601005	1232185	66	b23c73fda267	61800
1780601120	1232149	66	86082da4a264	69000
1780601304	1232204	66	ce46a6d27e63	110400
1780601432	1232242	66	aa6ad625611d	76800
1780601462	1232243	66	175e50b0e488	18000
1780601481	1232235	66	dc5159b6d3a6	11400
1780601923	1232380	66	82c526f4d789	265200
1780601946	1232381	66	32453973b5ad	13800
1780601979	1232424	66	152739a05853	19800
1780602032	1232474	66	9c89a32385de	31800
1780602059	1232475	66	06197b327f54	16200
1780602374	1232587	66	630fd5c58de7	189000
1780602400	1232588	66	17186812f37f	15600
1780602613	1232615	66	50d44ccf5102	127800
1780602860	1232639	66	5ad56d93be2f	148200
1780603261	1232717	66	b4b2b22043ea	240600
1780603286	1232719	66	20197d3d3525	15000
1780603507	1232772	66	02d43f4ccbaf	132600
1780603634	1232792	66	989cdaebc0d0	76200
1780603662	1232793	66	2c06066001ac	16800
1780604381	1232794	66	a3f897b4a851	431400
1780605074	1232932	66	872895fabd15	415800
1780605100	1232933	66	d2aaa611828a	15600
1780605136	1232986	66	2d71a087f04d	21600
1780605328	1233014	66	e69a1f55880c	115200
1780605335	1233015	66	aa60db8d45d4	4200
1780605352	1233016	66	e085f5ebbe67	10200
1780607381	1233025	66	b014956228c0	1217400
1780610235	1233025	66	e0fa156e99f2	1712400
1780610880	1233025	66	e65bf4a2bebe	387000
1780613210	1233034	66	eea603c9ed6d	1398000
1780613991	1233084	66	c1c88d19a73a	468600
1780614016	1233086	66	d4949942eba5	15000
1780614030	1233236	66	cd7ac6cd1b95	8400
1780614054	1233237	66	c67546f76055	14400
1780614067	1233238	66	b1a249153645	7800
1780614447	1233243	66	451db6d3c399	228000
1780614769	1233243	66	c5aeefc657ba	193200
1780614978	1233243	66	13d9fdfe8d08	125400
1780615153	1233238	66	8c8ad5d8266b	105000
1780615235	1233238	66	0017bf239f98	49200
1780615314	1233240	66	6c2fd980fb8e	47400
1780615521	1233247	66	5ceb6c8d51c3	124200
1780615791	1233497	66	0589d1c937e6	162000
1780615807	1233555	66	00e6b8a2896f	9600
1780615817	1233556	66	bea78c7af35a	6000
1780615980	1233558	66	828d72c4b0ef	97800
1780615983	1233637	66	3320c873411f	1800
1780616011	1233639	66	63070b47a661	16800
1780617258	1233832	66	1933ff7800c9	748200
1780617284	1233833	66	b59b45fdfc96	15600
1780617465	1233842	66	3709ff818ba1	108600
1780617550	1233898	66	7121f6b90d82	51000
1780617678	1233958	66	2f9533f2bc8e	76800
1780617704	1233959	66	2147f1052dd0	15600
1780618050	1234127	66	c288993820a7	207600
1780618079	1234128	66	899a4b2d4a0e	17400
1780618346	1234184	66	6ad51f18208b	160200
1780618572	1234217	66	f7930a62f718	135600
1780618597	1234218	66	829031eb410f	15000
1780619001	1234389	66	0991524486e9	242400
1780619022	1234390	66	6b44b6b5652d	12600
1780619049	1234391	66	f23f529841bc	16200
1780619279	1234364	66	6aead73d1319	138000
1780619562	1234387	66	1c8bd1bd16f2	169800
1780623080	1234387	66	f2bbc9251f71	2110800
1780623169	1234388	66	dab01b15be5c	53400
1780634506	1234397	66	07a0a9b5a9fb	6802200
1780634979	1234411	66	877b0c6e8082	283800
1780639355	1234411	66	f6e9bc020653	2625600
1780639442	1234411	66	45f2c196b9ce	52200
1780648517	1234420	66	e6f97e7b434c	5445000
1780648781	1234516	66	5b1bc71ae8e0	158400
1780649862	1234493	66	d47b60bf6a45	648600
1780653786	1234493	66	0fd80a7ba9c6	2354400
1780653995	1234493	66	d804a86244a3	125400
1780654110	1234507	66	a5f881d44e3a	69000
1780654326	1234507	66	9e477b018c40	129600
1780660108	1234516	66	f146e1027d4a	3469200
1780663622	1234515	66	6bb0e2cdba7f	2108400
1780665956	1234515	66	6c9d4f1350a8	1400400
1780669225	1234524	66	1fa225f3ac5d	1961400
1780674049	1234524	66	8723f0f50eef	2894400
1780675975	1234524	66	722f43dcc2bc	1155600
1780678730	1234533	66	657c3e1e249b	1653000
1780679597	1234773	66	95fc7bd6dffa	520200
1780679624	1234776	66	77aebe6ef5fd	16200
1780679641	1234933	66	b2a15fc55997	10200
1780680640	1234933	66	5332ad175bb8	599400
1780683226	1234933	66	62233b862eba	1551600
1780686256	1234942	66	65fb5480436e	1818000
1780687144	1234942	66	8365cea0cbce	532800
1780690203	1235339	66	6d162cde83a3	1835400
1780690230	1235341	66	43dc2f7d0590	16200
1780690566	1235342	66	0ccc2f061274	201600
1780691408	1235342	66	50befb7c5182	505200
1780691425	1234952	66	470708a2cb58	10200
1780692904	1234961	66	8e046608555f	887400
1780693099	1234961	66	8c521d0305e9	117000
1780696124	1234961	66	97e6db12ac0c	1815000
1780697584	1234961	66	7aac80664969	876000
1780698033	1234970	66	1eca91785a15	269400
1780699903	1234970	66	412414304a13	1122000
1780702648	1234970	66	d64a2b3e68ad	1647000
1780703076	1234979	66	e25623396799	256800
1780703919	1234979	66	3ff7438c311f	505800
1780709465	1234980	66	dafb65401a91	3327600
1780710472	1234989	66	593da28b24b8	604200
1780719257	1234989	66	ae16f0fa9f87	5271000
1780720243	1235003	66	c8c61dc98ce3	591600
1780723866	1235003	66	875b913127a3	2173800
1780724637	1235012	66	4d7e7d981ae9	462600
1780727265	1235127	66	cce78cb0991b	1576800
1780727282	1235186	66	5fe9eb338e90	10200
1780727289	1235187	66	ec3e7ae7e232	4200
1780727300	1235214	66	25c7c86b7101	6600
1780727324	1235217	66	f8abb6a6bbe2	14400
1780727550	1235432	66	5298782dd5f9	135600
1780727577	1235433	66	cd0d486de920	16200
1780728053	1236058	66	fd3ecaf08d57	285600
1780728077	1236061	66	ba1b42d4d042	14400
1780728085	1236078	66	81f15628efa5	4800
1780728109	1236079	66	99f219ecc69d	14400
1780728230	1236098	66	5f67753eda90	72600
1780728255	1236099	66	98e7af74f164	15000
1780728309	1236207	66	3dd0db97d665	32400
1780728333	1236208	66	6d54aefae4e5	14400
1780728504	1236262	66	fa443f73bb51	102600
1780728759	1236927	66	352aff1f8dcd	153000
1780728786	1236929	66	19c32c74c9da	16200
1780730782	1236929	66	d59ffb94e893	1197600
1780731776	1237025	66	dd8222d4142c	596400
1780732205	1237314	66	cdc8a987f82a	257400
1780732228	1237315	66	ac50693adcc6	13800
1780732844	1237364	66	85fbeeee7506	369600
1780733099	1238888	66	9ee92eb1e0ef	153000
1780733123	1238950	66	8486d8a30c5c	14400
1780733218	1238950	66	58517f75a48e	57000
1780733817	1238959	66	e8ef3f4851ab	359400
1780733986	1238980	66	58b6e0f6b9e6	101400
1780734011	1238981	66	c394687e80a3	15000
1780734052	1239054	66	5aa20ca81993	24600
1780734075	1239055	66	7eb821726497	13800
1780734266	1239145	66	c86c5ca46406	114600
1780735152	1239147	66	d9837291a0c6	531600
1780735321	1239147	66	d7fccd96f8c0	101400
1780738447	1239148	66	89eea8ebc003	1875600
1780741033	1239148	66	fb76e73eb989	1551600
1780741622	1239157	66	4ab9327de2f8	353400
1780744047	1239157	66	cdb23c2320de	1455000
1780746384	1239158	66	4409d2d0186f	1402200
1780747063	1239167	66	020dc6a27c26	407400
1780748188	1239168	66	ae068652f488	675000
1780750513	1239168	66	1f8a75ade493	1395000
1780754652	1239177	66	eefa85113457	2483400
1780755147	1239177	66	1ee03db106b8	297000
1780755788	1239178	66	7d3d161036a6	384600
1780760345	1239187	66	f636f78e5d3c	2734200
1780760506	1239188	66	84bc1440829d	96600
1780760692	1239188	66	e48810ad6fa2	111600
1780764431	1239189	66	5671d92cda23	2243400
1780764503	1239189	66	4d5d2053330d	43200
1780764512	1239198	66	8b396eabffdb	5400
1780768292	1239198	66	145585f68663	2268000
1780768535	1239199	66	72afe23a430d	145800
1780768786	1239208	66	4e554fe8fb01	150600
1780772259	1239209	66	301a426a3c4e	2083800
1780773815	1239209	66	fe3c6d7730a4	933600
1780775027	1239218	66	42554a14ad22	727200
1780776396	1239218	66	07910972f4b4	821400
1780778346	1239218	66	9fffa1d9fb87	1170000
1780778915	1239227	66	c1f079c61403	341400
1780780470	1239227	66	5622cd91016d	933000
1780782254	1239228	66	ae5a46fe0335	1070400
1780782863	1239237	66	ce967d53635d	365400
1780784202	1239237	66	0662549d8747	803400
1780785905	1239326	66	6ca03a4ac72a	1021800
1780785928	1239329	66	622f5d5acc99	13800
1780785959	1239330	66	2eb3c3e99834	18600
1780786307	1239489	66	dcb9470da54f	208800
1780786319	1239528	66	49131bd4dd8b	7200
1780786332	1239610	66	ec462adab775	7800
1780786359	1239616	66	651e4e28ff49	16200
1780786362	1239619	66	b7de9210c256	1800
1780786524	1239640	66	55342e3e5968	97200
1780786551	1239643	66	74f910615e15	16200
1780787109	1239660	66	f8414cce7de1	334800
1780787133	1239661	66	0caadda62198	14400
1780787137	1239674	66	e860750a6274	2400
1780787160	1239675	66	5d462a23302e	13800
1780787222	1239730	66	830b1c9180e8	37200
1780787243	1239787	66	aa5576d9c28b	12600
1780787249	1239788	66	add9f36d3a11	3600
1780787310	1239797	66	ebad26ccdbc6	36600
1780787685	1402310	66	9a320bd9245f	225000
1780787711	1402315	66	e49dd6eb9bad	15600
1780787774	1402316	66	179138119215	37800
1780787894	1402317	66	99fda72d55fa	72000
1780788288	1402317	66	6bccb2578e47	236400
1780788667	1402317	66	1486da8fbab8	227400
1780788766	1402338	66	f42171785bc2	59400
1780789657	1402338	66	02327face735	534600
1780790571	1402538	66	060d1046f6e9	548400
1780790595	1402539	66	de269110e8bd	14400
1780790622	1402540	66	402924b02a9d	16200
1780790751	1402799	66	d3c50961be17	77400
1780790775	1402800	66	364ae5bb0245	14400
1780791114	1402827	66	241915a3014c	203400
1780791138	1402828	66	e628ebcf88df	14400
1780791453	1402837	66	6f49bf82af68	189000
1780791578	1402837	66	e2e4b1af2f33	75000
1780791780	1402838	66	4fbc2163de93	121200
1780791810	1402908	66	e7fbcfad76ea	18000
1780792773	1402913	66	fde602bb21ce	577800
1780793274	1402913	66	6b7875b42fd9	300600
1780793307	1402975	66	708d089224c5	19800
1780795068	1403072	66	11fb8eaf3e52	1056600
1780795157	1403142	66	f2bb4581d296	53400
1780795652	1403142	66	754fee763376	297000
1780795854	3078583	66	54824e9d8465	121200
1780795885	3078586	66	4abcfc707603	18600
1780796205	3078677	66	29987b6557df	192000
1780796234	3078678	66	445fbcd8b29c	17400
1780796255	3078681	66	4d67bf811b18	12600
1780796285	3078682	66	07eeb52573dd	18000
1780797636	3078682	66	00de552ed960	810600
1780808309	3078696	66	1ef7ac6ed856	6403800
1780808363	3078696	66	a431ca84ef64	32400
1780808507	3078705	66	e8172af097d7	86400
1780814411	3078705	66	1ca4b0150459	3542400
1780817425	3078700	66	034676fad9a8	1808400
1780818321	3078702	66	5338506fa0ae	537600
1780818516	3078874	66	5fd05420468d	117000
1780818542	3078875	66	d0a4c8718c3b	15600
1780818738	3078883	66	7720998fdae9	117600
1780819025	3078883	66	e3db992373bc	172200
1780819368	3078989	66	984bb620ba34	205800
1780819390	3078991	66	ff00b8ffa0e8	13200
1780819426	3078992	66	410318926b63	21600
1780819511	3078991	66	561222a5be8c	51000
1780819540	3078991	66	4dbfb8ef4cd5	17400
1780819583	3078991	66	1c074948da43	25800
1780819606	3078998	66	730d74d47cb8	13800
1780819634	3078999	66	a71da3cf8039	16800
1780819734	3079000	66	5998385edf84	60000
1780820308	3079000	66	a93d7a01784b	344400
1780820336	3079001	66	93d2c1a681b2	16800
1780820337	3079001	66	b1521388bf88	600
1780820385	3079097	66	1a65b3a7e93b	28800
1780820595	3079096	66	089ae1e6eff5	126000
1780820942	3079105	66	fd754e0487a4	208200
1780821749	3079093	66	5e218e9e55d2	484200
1780824339	3079093	66	4223fdf5610a	1554000
1780824604	3079063	66	a090e24a3682	159000
1780825589	3633540	66	102b1d68d38d	591000
1780825627	3633542	66	fab022b5e584	22800
1780825846	3633541	66	bf1a6eaf56d8	131400
1780828700	3633541	66	70d103938760	1712400
1780829670	3633550	66	4be977ed6882	582000
1780831828	3633550	66	61194f32bf45	1294800
1780834260	3633550	66	e2b8462801e7	1459200
1780834999	3633559	66	d11501be542e	443400
1780837696	3633559	66	5539998a2791	1618200
1780841344	3633563	66	d26b8f784294	2188800
1780841398	3633563	66	7e006a4f6e87	32400
1780841916	3633563	66	61b9e05352c4	310800
1780842236	3633719	66	cfe573b7e021	192000
1780842266	3633720	66	de310a72fd4c	18000
1780842327	3633766	66	c26e7a60eb1c	36600
1780842515	3633775	66	a3a1b359237d	112800
1780844413	3633775	66	795231fe06ea	1138800
1780846748	3633876	66	afba8ea1e5b7	1401000
1780847142	3633876	66	20b32b9bfe8c	236400
1780847667	3633885	66	60e0fb38a011	315000
1780849560	3633885	66	1124f248e18e	1135800
1780851501	3633885	66	e0d36f5b2c28	1164600
1780853002	3633894	66	4fc0bcea197f	900600
1780854494	3633894	66	22a58233e959	895200
1780855286	3633894	66	fba7e52d4d7e	475200
1780858125	3633903	66	67b7c46baa73	1703400
1780858813	3633903	66	a6191165f52a	412800
1780860362	3633918	66	743c7b02b5af	929400
1780861101	3633940	66	4805b9921e8d	443400
1780861155	3633940	66	225ec4fb8402	32400
1780861265	3633978	66	6304a75ecaca	66000
1780861291	3634014	66	f8c688f4e0c3	15600
1780861292	3634017	66	16852c5827a9	600
1780861319	3634065	66	3690694992e5	16200
1780861464	3634066	66	1edede67a374	87000
1780861490	3634067	66	a2ac682f5151	15600
1780862431	3634308	66	f2d67113b703	564600
1780862459	3634309	66	747ead01f8eb	16800
1780862472	3634309	66	bb009d7b1fdc	7800
1780862724	3634318	66	7f34a502ea0f	151200
1780863270	3634603	66	4a1eccbd3d6a	327600
1780863298	3634605	66	67fa320cf29d	16800
1780863654	3634641	66	4bae697e880d	213600
1780863679	3634641	66	bdabdd5d443e	15000
1780863870	3634652	66	af59d552e64b	114600
1780865252	3634711	66	6dfb36a92112	829200
1780865277	3634712	66	60afbce9ce58	15000
1780865433	3634712	66	0b73d722499d	93600
1780865738	3634722	66	3314e7abcab8	183000
1780866230	3634731	66	73328d47a458	295200
1780867358	3634784	66	88e61ab9b342	676800
1780868147	3634793	66	4b93e5ae8f62	473400
1780868513	3634793	66	a51539ca0d9a	219600
1780869214	3634793	66	79e75d27e187	420600
1780871411	3635079	66	98f780d19bc0	1318200
1780871439	3635080	66	d17d5679e150	16800
1780871467	3635149	66	db639a05c56d	16800
1780872304	3635158	66	851831d06f06	502200
1780872434	3635156	66	0eb166b6f55b	78000
1780872633	3635156	66	996f3047a328	119400
1780872906	3638462	66	3c030a2f9b30	163800
1780872937	3638467	66	0956eef8f05e	18600
1780874422	3638570	66	61d546b277ac	891000
1780875357	4569309	66	8b55c18c8806	561000
1780875406	4569386	66	67ebd9892d30	29400
1780875414	4569401	66	e7f5787aa863	4800
1780875910	4571402	66	74939ba16406	297600
1780875938	4571403	66	d43d4b51ffbc	16800
1780876328	4571403	66	47daf3128dcc	234000
1780876345	4571403	66	830f01426c54	10200
1780876356	4574168	66	1c109b9f742d	6600
1780876388	4574169	66	25d434266146	19200
1780876414	4574178	66	99e1988f45a9	15600
1780876819	4577202	66	469bd588de85	243000
1780876847	4577203	66	46ee64b3d9ac	16800
1780877290	4580477	66	00b0607af3da	265800
1780877317	4580478	66	24e44c55529e	16200
1780877771	4583752	66	06ded1b10f22	272400
1780877799	4583753	66	98e8644e5d55	16800
1780878259	4587027	66	fa1bcfe0d590	276000
1780878283	4587028	66	a5477d90641a	14400
1780878761	4590302	66	95cc28703550	286800
1780878788	4590303	66	ffe358daaf58	16200
1780879266	4593577	66	b1f61dad856e	286800
1780879296	4593578	66	11614fb05269	18000
1780879770	4596852	66	939dc9460c88	284400
1780879797	4596853	66	33af572c0fd7	16200
1780880288	4596853	66	188ec33fbae9	294600
1780880811	4600127	66	2a3094112175	313800
1780880839	4600128	66	6786100c8d17	16800
1780881035	4600128	66	4c8937317c78	117600
1780884318	4600140	66	0a95ab822f8b	1969800
1780886772	4600152	66	077fe29ef354	1472400
1780891946	4600161	66	f6d990dcf4bd	3104400
1780895046	4600175	66	cbec0c8a8b59	1860000
1780899968	4600188	66	f3a6780db872	2953200
1780899998	4600189	66	edde3fbbc946	18000
1780900287	4600227	66	303439c36c11	173400
1780900314	4600228	66	0a7da7ff724c	16200
1780900396	4600239	66	18d0bec0b361	49200
1780900426	4600240	66	557c98049aed	18000
1780901082	4600260	66	3ba05154da6b	393600
1780901558	4600378	66	67190bda326f	285600
1780901585	4600379	66	7d051100caa5	16200
1780901611	4600446	66	f646a7a1ffca	15600
1780901825	4600446	66	2dd309cd6bf3	128400
1780902333	4524036	66	f25f6758af6b	304800
1780902363	4524037	66	8d2d37ad60db	18000
1780903090	4524037	66	e795a6c95206	436200
1780907388	4524221	66	084c4dc79989	2578800
1780907417	4524222	66	b0d5dba7a1fc	17400
1780907449	4524298	66	8ff1bf7b9942	19200
1780907842	4524564	66	b46ed582b970	235800
1780907871	4524566	66	ae21502e643b	17400
1780908101	4524701	66	bf37c0386e88	138000
1780909565	4524710	66	5921d36989b4	878400
1780910390	4524806	66	f01d3613714e	495000
1780912702	4525207	66	f84946abe9ec	1387200
1780912729	4525208	66	575ca36b0ab7	16200
1780913394	4525209	66	850921b68427	399000
1780913436	4525272	66	9bae3ed18fce	25200
1780916975	4525272	66	21586844d5bd	2123400
1780917266	4525273	66	4ad1a50b4132	174600
1780917375	4525640	66	86a86e9717f9	65400
1780917403	4525641	66	9201ac998ff9	16800
1780917414	4525959	66	bd7f5701d7af	6600
1780917431	4526029	66	59660fd68dee	10200
1780917471	4526069	66	1f22a84556c6	24000
1780917473	4526071	66	a601ba2cb602	1200
1780917516	4526260	66	1e744fbaba97	25800
1780917597	4526318	66	d3bea926130a	48600
1780917920	4012011	66	15ca8256511c	193800
1780917958	4012012	66	2c30b29236fd	22800
1780918095	4012012	66	8bdff29b9c30	82200
1780919460	4012011	66	e60d75bb8c60	819000
1780920182	4012016	66	4c8a1b8280ca	433200
1780920688	4012015	66	0622e09c8ab8	303600
1780924436	4012049	66	129098e17284	2248800
1780924473	4012082	66	cdd133edf301	22200
1780924593	4012091	66	da888c4d2e8d	72000
1780924797	4015867	66	e91830d320c4	122400
1780925309	4015938	66	8fc0bc845c7d	307200
1780925340	4015944	66	822d64e1b9ec	18600
1780925991	4016022	66	ffcf1b57e761	390600
1780926039	4016358	66	907342ec717c	28800
1780926064	4016450	66	8100767c2b00	15000
1780926551	4016485	66	06da14754795	292200
1780926610	4016560	66	af3d423691af	35400
1780927126	4016566	66	70ba45613484	309600
1780927159	4016569	66	4a283c05e85e	19800
1780927503	4016742	66	a4a8614beecd	206400
1780927532	4016807	66	862588a6fe68	17400
1780927727	4016569	66	4d86d495a11c	117000
1780927889	4023045	66	917068b31996	97200
1780931033	4023044	66	2e45f26c4efb	1886400
1780935658	4023043	66	77976f7a1bb7	2775000
1780935688	4023047	66	148883da9868	18000
1780937712	4023056	66	b3f1df1789c3	1214400
1780940323	4023406	66	853b8b9221ed	1566600
1780940346	4023407	66	30094ef0da08	13800
1780940687	4026645	66	55ae91247ca0	204600
1780941976	4026642	66	298507c22cee	773400
1780943032	4023524	66	990ee6662643	633600
1780943258	4124456	66	256f5c061f33	135600
1780944018	4124455	66	b63b654ffe4f	456000
1780944036	4124456	66	f9b126ce3707	10800
1780944046	4124463	66	6cb76975c4fd	6000
1780945280	4124513	66	68fc1503f969	740400
1780946794	4124522	66	7e5a0a9d1306	908400
1780946808	4124577	66	c7bf7233cac6	8400
1780948192	4124729	66	38d4bdd82e9f	830400
1780948219	4124734	66	072d84100332	16200
1780948266	4124891	66	41fe05f37047	28200
1780948294	4124893	66	9fdb9954d748	16800
1780948970	4125037	66	c4a1668d29fd	405600
1780948999	4125038	66	518240092ba0	17400
1780949071	4125537	66	3d0bbc192b22	43200
1780949102	4125656	66	749edbe417b0	18600
1780949103	4125657	66	f454ab6bd0b3	600
1780949273	4125793	66	4c6bfd000fc3	102000
1780949302	4125794	66	8f05e970891d	17400
1780949313	4125895	66	b39ffd6aea8e	6600
1780949441	4126061	66	c09b86c5875b	76800
1780949474	4126062	66	a5c800347016	19800
1780949545	4126144	66	e0e490ce9d01	42600
1780950003	4126254	66	91f7af8cd67d	274800
1780950158	4126342	66	8ca91fc563cb	93000
1780950584	4126342	66	3d6fe8a33eae	255600
1780950785	4126634	66	4bb6f85a6ec6	120600
1780951006	4126683	66	b21997eb9c08	132600
1780951033	4126693	66	70e8dbef433d	16200
1780951281	4126873	66	84f703fc560c	148800
1780951713	4127041	66	8ab442adc723	259200
1780951739	4127044	66	531370b9fb15	15600
1780951884	4799621	66	436590547bd0	87000
1780952821	4799620	66	8b96f48fc5b7	562200
1780952850	4799626	66	5938dc30d0d7	17400
1780953303	4799627	66	d2c0008354bd	271800
1780953561	4799774	66	0b4bbd4cf671	154800
1780953884	4799783	66	64d14d24b791	193800
1780954390	4799978	66	2c03a0f7ff94	303600
1780955478	4799978	66	83db0ac6df74	652800
1780955872	4901038	66	ba1d4ff062f2	236400
1780956292	4901203	66	7375cbc3335a	252000
1780956321	4901211	66	9e83f63ebbb9	17400
1780956361	4901290	66	7f0fd9887f2f	24000
1780956604	4901289	66	9cedee764e5a	145800
1780956715	4901409	66	2a4f246a2a05	66600
1780958861	4901408	66	02338c1681de	1287600
1780958889	4901412	66	544f09ba96d2	16800
1780959499	4901421	66	34be2791e7f5	366000
1780960088	4901482	66	a1ad490bcb0d	353400
1780960783	4901487	66	90b72eaebc9a	417000
1780960815	4901489	66	6f828d2a6d77	19200
1780960966	4901489	66	05a52678e0e1	90600
1780961775	6694055	66	4011cc35911f	485400
1780961837	6694069	66	e1cf1db3d2e4	37200
1780962196	6694464	66	f1abfb5b2d40	215400
1780962225	6694465	66	f5d9b61edc11	17400
1780962284	6694682	66	003a6a6e3301	35400
1780962314	6694683	66	f22827cf0d44	18000
1780962316	6694821	66	43ab380c8247	1200
1780962722	6695180	66	58f3d84fe5db	243600
1780962751	6695181	66	c6c235265bfa	17400
1780962814	6695256	66	aa51047d2acf	37800
1780962847	6695257	66	a7e997297494	19800
1780962883	6695257	66	18ea215b85cf	21600
1780963690	6695353	66	128adf70356a	484200
1780964002	6695362	66	45b24bb1da4a	187200
1780965715	8813027	66	42b999d02fb8	1027800
1780968318	8813027	66	897938a0c666	1561800
1780973615	8813027	66	872a15bec606	3178200
1780973644	8813174	66	c64c81e6891a	17400
1780979927	8813188	66	77abb7b6346b	3769800
1780979962	8812751	66	80782e1619b5	21000
1780980008	8812760	66	eb235f68e07b	27600
1780983348	8812760	66	8e7204b8fa27	2004000
1780985991	8812760	66	70b0e0c56962	1585800
1780986025	8812764	66	394b8bcd55db	20400
1780987477	8812765	66	f0cae0439469	871200
1780991795	8812769	66	c75d03d8d9fb	2590800
1780993451	8812778	66	1e950b8872c2	993600
1780993654	8812874	66	835a07abb7f6	121800
1780994745	8812876	66	f11ef5109dda	654600
1780994926	8812876	66	9e33d63ce263	108600
1780995525	8812879	66	a27b59960f05	359400
1780998854	8812881	66	d2a5197c36d1	1997400
1780999011	8812881	66	f4bf9df972b1	94200
1780999523	8813570	66	1a8615e5f6ed	307200
1780999732	8924748	66	c4ffef4479f5	125400
1780999774	8924753	66	47ab9cb8ee33	25200
1780999938	8845555	66	300fa2b0f2a5	98400
1781000689	8845555	66	570c78c7a4ca	450600
1781004016	8845555	66	6be26f440685	1996200
1781005259	8845564	66	8f0691163853	745800
1781005687	8845565	66	bef295c2f5e0	256800
1781011168	8846254	66	7a04b3e38871	3288600
1781011412	8846254	66	a222c14d9087	146400
1781011445	8846258	66	7dcb5b1c6673	19800
1781014068	8846267	66	ba99642b4464	1573800
1781014071	8846267	66	ce82809e0d06	1800
1781021839	8846268	66	c73291e3046d	4660800
1781023287	8846268	66	bd9971e84aae	868800
1781023694	8846277	66	d24fdb66f3d3	244200
1781024800	8846966	66	d57c2248bb6b	663600
1781028022	8847245	66	cb4a2044bda3	1933200
1781028058	8847251	66	b268a489ef39	21600
1781029075	8847255	66	23d9b2780f13	610200
1781029534	8847255	66	ac53d1af4886	275400
1781030218	8847256	66	1355782575b6	410400
1781031149	8847437	66	7c98b0bf5462	558600
1781031201	8847438	66	e5debdca1ce0	31200
1781031351	8847509	66	9f8790524ec2	90000
1781031375	8847510	66	6430105ae3f4	14400
1781031637	8847643	66	f0e687cf2a37	157200
1781031656	8847688	66	776bbddfeacd	11400
1781031670	8847689	66	68b6b20ef4d9	8400
1781031681	10118125	66	2fb56b3671f0	6600
1781031688	10118125	66	82c8fe865bd7	4200
1781031718	10118124	66	887423a5707c	18000
1781031728	10118171	66	8e1b15e4846e	6000
1781031940	10118180	66	98283dbeff81	127200
1781032137	10118394	66	5c9586538f81	118200
1781032176	10118395	66	138b70fddfbf	23400
1781032177	10118439	66	9ca36ece4eec	600
1781032368	10118535	66	bc23e076fc2d	114600
1781032375	10118535	66	b25ccbaa347c	4200
1781032426	10118536	66	3ae103c677bf	30600
1781032455	10118581	66	32e9840455b3	17400
1781032504	10118674	66	3f5e0792d553	29400
1781032525	10118714	66	892f7c8a18e4	12600
1781032538	10118715	66	82f3b0b351a8	7800
1781033121	10118799	66	e9c36dc1b415	349800
1781033157	10118800	66	5194721b6e7d	21600
1781033246	10118803	66	bf189dc59a08	53400
1781033310	10118807	66	21f3f7f25431	38400
1781033476	10118902	66	c77e1e81c86d	99600
1781033507	10118903	66	efbed5177287	18600
1781034225	10119344	66	a5c58f1de1ed	430800
1781034253	10119396	66	98b64969b450	16800
1781034261	10119397	66	e1d048334c04	4800
1781034367	10119495	66	04c3e75e724a	63600
1781034616	10119768	66	8f63a2f71df4	149400
1781034660	10119771	66	25f31c83bbb7	26400
1781035464	10119783	66	262a95b12b87	482400
1781035501	10119785	66	c7a307f9c1fd	22200
1781036535	10120474	66	be40dd756ef0	620400
1781036850	10120474	66	bb919600c592	189000
1781036883	10120478	66	b2dd244a7422	19800
1781037238	10120478	66	69bc449ebc0f	213000
1781037362	10120853	66	e08dc3f11fdd	74400
1781037393	10120854	66	e89c162a997b	18600
1781037613	10120905	66	326d9793409c	132000
1781037748	10121001	66	03887340dde3	81000
1781039332	10121010	66	704148112437	950400
1781041058	10121266	66	000fb6730385	1035600
1781041089	10121269	66	cc1e06e136a9	18600
1781041838	10121278	66	d78bce5ea928	449400
1781041870	10121279	66	81c90bbbd3ca	19200
1781042887	10121279	66	1b36a2abd87a	610200
1781043021	10121279	66	285aba4f14bc	80400
1781043120	10121279	66	de6e8acfb5c2	59400
1781043655	10121360	66	24dc9fd07ca1	321000
1781043687	10121361	66	99bdeba8ea4e	19200
1781044363	10121503	66	1b01e4074104	405600
1781044395	10121504	66	632f8bcd4c63	19200
1781044410	10121582	66	2ba277b9bcc8	9000
1781044523	10121763	66	6b95f6e364c5	67800
1781044554	10121764	66	9d1918a9d9c7	18600
1781044924	10121853	66	484b38ad8c2a	222000
1781045018	10121942	66	283fd0f79229	56400
1781045465	10121951	66	688d7cb78bb1	268200
1781045500	10122124	66	f797a03e9af0	21000
1781045531	10122126	66	5828660cda86	18600
1781045618	10122164	66	30e6f8804a97	52200
1781046657	10122164	66	d4550aca94f6	623400
1781047312	10122283	66	f5fc70578564	393000
1781047341	10122286	66	6db2a5ecfda0	17400
1781047556	10122388	66	3ccd7ac167a9	129000
1781048431	10122388	66	be102eeb91f4	525000
1781048543	10122388	66	83dab0e7db03	67200
1781048727	10123077	66	3bc064385fa4	110400
1781049123	10123172	66	314c2adfb1bd	237600
1781049505	12045332	66	be3646f90050	229200
1781049569	12045350	66	43abab9b22fc	38400
1781049740	12045395	66	baa9b7d8eecf	102600
1781049764	12045395	66	782ccb2becc5	14400
1781049790	12045395	66	85869f98ced1	15600
1781049816	12045395	66	e24bc68f2880	15600
1781049840	12045395	66	26ad63555f06	14400
1781049863	12045395	66	6ec600d409e7	13800
1781049887	12045395	66	90d3ad6423c3	14400
1781049912	12045395	66	235709ea65cf	15000
1781049937	12045395	66	f301b581f052	15000
1781049962	12045395	66	61627b8e11c6	15000
1781049986	12045395	66	964867efdac9	14400
1781050009	12045395	66	b3dff3e7831f	13800
1781050035	12045395	66	e95deff9c249	15600
1781050060	12045395	66	20df08e5325e	15000
1781050085	12045395	66	c6e7b8b249d0	15000
1781050110	12045395	66	7329eec14681	15000
1781050117	12045404	66	04fd3a6c050e	4200
1781050137	12045404	66	8a05fc97afe8	12000
1781050162	12045404	66	d01d62c90cd6	15000
1781050189	12045404	66	7e00b3935f33	16200
1781050214	12045404	66	252f4f555085	15000
1781050236	12045404	66	ff8fce0a6863	13200
1781050260	12045404	66	cccf40631713	14400
1781050285	12045404	66	befd50abde45	15000
1781050310	12045404	66	1f755b3b72e3	15000
1781050335	12045404	66	437d330a345d	15000
1781050358	12045404	66	cf25f4666502	13800
1781050384	12045404	66	4bd3058b3276	15600
1781050411	12045404	66	d8679e8ebf06	16200
1781050435	12045404	66	a3d7c88a385c	14400
1781050460	12045404	66	2e9eba4b3088	15000
1781050486	12045404	66	e4c3fc4a629f	15600
1781050512	12045404	66	c0852dd2fd09	15600
1781050536	12045404	66	f38f33282142	14400
1781050559	12045404	66	2bdbc778a10d	13800
1781050592	12045404	66	19b75353a25e	19800
1781050616	12045404	66	45da5dd15d1b	14400
1781050636	12045404	66	479cf609875d	12000
1781050660	12045404	66	a77d369ea294	14400
1781050683	12045404	66	43060e79076d	13800
1781050708	12045404	66	355cbdec1629	15000
1781050733	12045404	66	46c723042f46	15000
1781050756	12045404	66	cdd92bc2a64d	13800
1781050780	12045404	66	59b5a84fe1b1	14400
1781050807	12045404	66	f8ac9cf7beba	16200
1781050830	12045404	66	9d899790236c	13800
1781050856	12045404	66	4805935b10de	15600
1781050881	12045404	66	cbe13142b66f	15000
1781050903	12045404	66	2fe39df1130c	13200
1781050928	12045404	66	569b5b96571e	15000
1781050953	12045404	66	4ed49c97aac2	15000
1781050978	12045404	66	399038c41254	15000
1781051003	12045404	66	4cc9246b3a99	15000
1781051026	12045404	66	d890d50798a3	13800
1781051049	12045404	66	2b25f56309f0	13800
1781051072	12045404	66	fcf04222de40	13800
1781051095	12045404	66	a15a70e8cd9e	13800
1781051120	12045404	66	4a73e1321ce1	15000
1781051144	12045404	66	ee7990784d41	14400
1781051169	12045404	66	08ac7f86cf51	15000
1781051194	12045404	66	d475b543cf31	15000
1781051215	12045404	66	ee55a9eab82b	12600
1781051238	12045404	66	615fdf71edc5	13800
1781051263	12045404	66	b6d2cfab2d7a	15000
1781051292	12045404	66	7d838160ebf9	17400
1781051316	12045404	66	8d0b9fde4e7f	14400
1781051339	12045404	66	8c63bf109609	13800
1781051365	12045404	66	321934344a57	15600
1781051388	12045404	66	b99a94718db1	13800
1781051414	12045404	66	e6d43c435eef	15600
1781051439	12045404	66	724534940bad	15000
1781051464	12045404	66	8e0629130b14	15000
1781051489	12045404	66	f6e81f1208d9	15000
1781051514	12045404	66	33ba47345c14	15000
1781051519	12045407	66	db482fb33658	3000
1781051539	12045407	66	4ddc2eedf378	12000
1781051563	12045407	66	0939f0dcb7ef	14400
1781051589	12045407	66	cef206332da7	15600
1781051612	12045407	66	d755624b1451	13800
1781051634	12045407	66	521997225538	13200
1781051658	12045407	66	37d22b139c38	14400
1781051683	12045407	66	30c2567cc89d	15000
1781051709	12045407	66	82769b72abc5	15600
1781051733	12045407	66	5e5c9af33d0e	14400
1781051757	12045407	66	e816f36b0302	14400
1781051780	12045407	66	b720d94e1937	13800
1781051803	12045407	66	58b27286027e	13800
1781051828	12045407	66	2975b4cc4301	15000
1781051851	12045407	66	70ffec2f18b5	13800
1781051874	12045407	66	6f26a1f1a9db	13800
1781051897	12045407	66	3960d403436b	13800
1781051919	12045407	66	4ba0503e8859	13200
1781051949	12045407	66	283881cc6664	18000
1781051973	12045407	66	1330b97ac326	14400
1781051997	12045407	66	7d784eddec1e	14400
1781052022	12045407	66	0516397c88a9	15000
1781052047	12045407	66	89679288e468	15000
1781052069	12045407	66	194e25032b3f	13200
1781052097	12045407	66	582132dedbb5	16800
1781052122	12045407	66	b70dc61d71da	15000
1781052143	12045407	66	a8d41289d285	12600
1781052167	12045407	66	3c44f7743b91	14400
1781052192	12045407	66	9bf14b319179	15000
1781052218	12045407	66	4f69d4e867c1	15600
1781052242	12045407	66	ad6f22ff5de9	14400
1781052267	12045407	66	12164e5d1c38	15000
1781052292	12045407	66	a29b6bbe8518	15000
1781052319	12045407	66	6dfb9725355b	16200
1781052343	12045407	66	654e74bcf26a	14400
1781052367	12045407	66	6c2930fbeacd	14400
1781052392	12045407	66	a567519d8420	15000
1781052417	12045407	66	21f917f3430d	15000
1781052442	12045407	66	f66c5f31eedf	15000
1781052466	12045407	66	b6969def60b5	14400
1781052490	12045407	66	7beffa31bff8	14400
1781052516	12045407	66	c1fe451be06b	15600
1781052542	12045407	66	aed412d9648c	15600
1781052567	12045407	66	d118d0257c9e	15000
1781052592	12045407	66	12e4730a99f4	15000
1781052615	12045407	66	86898aa43d87	13800
1781052639	12045407	66	da807db57239	14400
1781052665	12045407	66	362d61031bcc	15600
1781052691	12045407	66	f4ad23568fa0	15600
1781052714	12045407	66	21be12dffa80	13800
1781052741	12045407	66	b49d3ed754d9	16200
1781052764	12045407	66	a5847554a652	13800
1781052791	12045407	66	c9f0a8ac1e88	16200
1781056285	12045407	66	4fa646b9c06f	2096400
1781056427	12045407	66	99378791d520	85200
1781066982	12045416	66	db7189e58db7	6333000
1781067109	12045430	66	3b73912dbfe1	76200
1781067143	12046119	66	88673caf1dee	20400
1781071732	12046119	66	60ceb68b6f0e	2753400
1781071888	12046119	66	c2375613ff3e	93600
1781071920	12046123	66	49cc56c82309	19200
1781072401	12046123	66	e74e6dcb5979	288600
1781073764	12046228	66	2939e3907f7f	817800
1781073792	12046229	66	59ba6bcf40c6	16800
1781075011	12046564	66	35e0e01fc306	731400
1781075043	12046565	66	56ad82ac87e5	19200
1781079233	12046653	66	593f696174cf	2514000
1781079447	12050171	66	672873ba0692	128400
1781081037	12050180	66	fd47fdd6ae73	954000
1781081075	12050276	66	ad8b36f450cf	22800
1781082761	12050290	66	cd2205bd6c57	1011600
1781084114	12050306	66	4c3e30faab65	811800
1781084144	12050309	66	131ebc8cba7a	18000
1781084177	12050322	66	34a8c1655df7	19800
1781084213	12050323	66	f5ba30937264	21600
1781084316	12050397	66	8da0a753d346	61800
1781084356	12050398	66	7728c395898f	24000
1781086478	12050398	66	b6cd19a33e60	1273200
1781086760	12050412	66	d554890e39c7	169200
1781086833	12050412	66	762f422afe4c	43800
1781087783	12051101	66	d218f21efce1	570000
1781087855	12051100	66	b8bffa2ecfbd	43200
1781087888	12051104	66	be6c0da3d863	19800
1781087898	12051176	66	8de14b914b57	6000
1781088024	12129774	66	1d32c435179e	75600
1781088064	12129775	66	2a256973155b	24000
1781088256	12050617	66	d06e523aa4c6	115200
1781088535	12050671	66	a469fa7e028d	167400
1781089860	12050672	66	a90d77fb58dc	795000
1781089896	12050674	66	fe30d7b064af	21600
1781090257	12050677	66	24d5236537dd	216600
1781090334	12050710	66	96334e4089e4	46200
1781093198	12050719	66	22695d30b476	1718400
1781099523	12050719	66	dfe8225b4e27	3795000
1781099673	12050716	66	ce5ccc896c68	90000
1781100022	12050716	66	cb6fcfe1cb57	209400
1781101526	12050715	66	cee75d0d3ca9	902400
1781102601	12050693	66	bfc5f8cf28b7	645000
1781104815	12050713	66	750e044e6fa7	1328400
1781105103	12050726	66	d4b5242d2240	172800
1781107002	12050774	66	03ee8ab46738	1139400
1781107128	12050995	66	1a6cc00f512d	75600
1781107167	12050997	66	87622a1098eb	23400
1781107224	12051076	66	db4b0feb6a72	34200
1781107684	12051305	66	c3771535eb90	276000
1781107720	12051314	66	4745ead9cd67	21600
1781107721	12051316	66	907160285083	600
1781107898	12052005	66	1f0f856f7555	106200
1781109063	12052022	66	c11a10fbf1e1	699000
1781109106	12052026	66	53b75c58cf7a	25800
1781110316	12052025	66	c6d77c00d6fd	726000
1781112559	12052025	66	025241460d78	1345800
1781113503	12052160	66	5f2893a17d51	566400
1781113541	12052161	66	3b70f987957d	22800
1781113746	12052238	66	7cb517fa3eb4	123000
1781115540	12052435	66	06e92c8cf125	1076400
1781115572	12052437	66	f4a43d858802	19200
1781116405	12052437	66	d3e4d8422ce0	499800
1781116955	12052446	66	9fd50c1f74d8	330000
1781117086	12053135	66	dd2432a55e8b	78600
1781117757	12053357	66	82384e95827d	402600
1781117792	12053362	66	f6b1da24ed49	21000
1781117824	12053436	66	f4227c75f1f5	19200
1781119580	12053435	66	e264be721c6a	1053600
1781121321	12053435	66	a5c688c815ca	1044600
1781123646	12053616	66	c598d89cdb86	1395000
1781123681	12053618	66	a33f2840db5e	21000
1781123868	12053679	66	c4331196b050	112200
1781124090	12054294	66	5295bf8edbaa	133200
1781124110	12054371	66	3a62a113f545	12000
1781124147	12054372	66	b90caf13c45e	22200
1781125303	12054389	66	c35241d60985	693600
1781125425	12054582	66	b7f361eac9c5	73200
1781125459	12054584	66	a3299d32a402	20400
1781126273	12054593	66	8469ac3bfad3	488400
1781126360	12055050	66	11e8b0e129f9	52200
1781126389	12055056	66	53aac11ba661	17400
1781127191	12055076	66	ed2b5dee41d1	481200
1781127197	12055077	66	325275300e55	3600
1781127544	12055035	66	dfa8c86bb8bf	208200
1781128768	12055229	66	71f116f942cf	734400
1781128791	12055318	66	1443d1744c44	13800
1781128798	12055319	66	c9171ce0b0bd	4200
1781128898	12055319	66	65c2a057ec82	60000
1781128961	12055357	66	0c5d71bf8dd6	37800
1781129414	12055642	66	f523e87954ae	271800
1781129446	12055644	66	0a508554de02	19200
1781130111	12056333	66	df1ccc5c7927	399000
1781130412	12056335	66	2ea2ed081a05	180600
1781130816	12057278	66	d3ae616905e0	242400
1781130854	12057290	66	473437c7802c	22800
1781131582	12057533	66	df535f8987eb	436800
1781131615	12057535	66	bbf7d4988e8e	19800
1781132053	12057535	66	caa93dc84189	262800
1781132382	12057550	66	f8d748b03776	197400
1781132482	12057559	66	24fb81f7e519	60000
1781132757	12057539	66	2a9d2efbc20f	165000
1781133039	12057539	66	f0f539e0b900	169200
1781134820	12057545	66	bc85816d5ddc	1068600
1781134905	12057539	66	2a583a15ee4a	51000
1781134989	12057540	66	8eab4679ba76	50400
1781135018	12057542	66	3c42ef3919f0	17400
1781135050	12057541	66	d4c7e30ffcff	19200
1781135207	12057546	66	91f8a4e0c961	94200
1781135404	12057550	66	9cca7c07a450	118200
1781135835	12057623	66	65dd73156c9d	258600
1781135885	12057623	66	522193d546d6	30000
1781135929	12057623	66	37ae61ad185e	26400
1781136464	14154645	66	8abf9664f4c5	321000
1781136534	14154659	66	599d02ed1565	42000
1781139671	14154805	66	bad6f9815645	1882200
1781139706	14154806	66	999fc730492b	21000
1781141731	14154815	66	301dd8a1707b	1215000
1781141817	14154815	66	c13589a8f003	51600
1781143546	14154815	66	78606ff72712	1037400
1781154073	14154829	66	41bef1e906c6	6316200
1781154104	14155518	66	bbdc8523e34b	18600
1781158901	14155517	66	ad9328ad26da	2878200
1781158914	14155620	66	f4f71deb6565	7800
1781159127	14155629	66	9539f4d3cce6	127800
1781161203	14155748	66	86425aea5a5e	1245600
1781161240	14155754	66	1e82c81a36fa	22200
1781161364	14155754	66	b279d42c34a3	74400
1781161705	14156432	66	ef39b6970246	204600
1781162535	14156432	66	0eaa6e925730	498000
1781162645	14156448	66	3aec2a06c617	66000
1781162683	14156450	66	d148d1a7ee26	22800
1781164232	14156585	66	d89c12b41adf	929400
1781164267	14156675	66	caeff414f7b5	21000
1781164272	14156676	66	e2da8d9dbc74	3000
1781164450	14156720	66	3c8b2cf0f979	106800
1781164485	14156722	66	52952b177153	21000
1781164695	14156722	66	720c603e2acc	126000
1781164888	14156807	66	24ef9b0e70f1	115800
1781164926	14156808	66	b0e78c66b867	22800
1781165059	14156900	66	7803a8051b7a	79800
1781165636	14156936	66	a42ef64bbfa8	346200
1781165667	14156938	66	c7b5bb29322c	18600
1781166458	14156944	66	4292d4f98165	474600
1781168935	14157040	66	f8b494d16ded	1486200
1781171885	14157055	66	cfa61ef70ad5	1770000
1781174937	14157055	66	229f5b479295	1831200
1781175207	14157070	66	82d7ddb820b7	162000
1781175637	14157759	66	2e6f0d3a2f6c	258000
1781175693	14157759	66	5fc9f2434a51	33600
1781176121	14203961	66	c2edf12fe4e9	256800
1781176167	14203966	66	01849c14f245	27600
1781176359	14203975	66	07ac64247612	115200
1781176499	14124684	66	6e392f24118d	84000
1781178300	14124685	66	e5fd4ee76a81	1080600
1781188754	14124685	66	704f36564b3e	6272400
1781188923	14124685	66	04e55c87d072	101400
1781189913	14124694	66	7877cd02144a	594000
1781191396	14124694	66	bd57b602fef9	889800
1781191437	14124695	66	a2556ac9a5f7	24600
1781195341	14124751	66	8edbd890801e	2342400
1781195380	14124752	66	563483a587fe	23400
1781195404	14124843	66	88f307c75cb2	14400
1781195518	14125532	66	f9c886cf4790	68400
1781196189	14125567	66	0039596f6b45	402600
1781196228	14125573	66	41e7489456ea	23400
1781196489	14125577	66	522135081c5b	156600
1781200530	14125577	66	5a0d4ad20d3c	2424600
1781202354	14125586	66	3c1d9ea4cc5a	1094400
1781202644	14125587	66	b912621cf221	174000
1781208421	14125587	66	56e0f05ee410	3466200
1781210346	14126276	66	808e033b5412	1155000
1781211802	14126285	66	a082e693bd42	873600
1781211905	14126285	66	c1dbcd070847	61800
1781211948	14126289	66	1679bed901c1	25800
1781215828	14126288	66	a7f864c2c3bb	2328000
1781218541	14126288	66	3d42f0553a8b	1627800
1781218609	14126297	66	a63de9678c53	40800
1781221937	14126297	66	c700618356dc	1996800
1781222208	14126986	66	8975e9126f65	162600
1781222880	16313402	66	f8570d971e21	403200
1781222958	16313419	66	824d835fbb63	46800
1781223594	16313419	66	073c28add003	381600
1781223809	16313428	66	7a82dfdce407	129000
1781229746	16313428	66	b03ec3f2cc6b	3562200
1781240931	16313442	66	55c3a9086a62	6711000
1781240966	16314131	66	396c5321ca41	21000
1781241071	16314131	66	86e890142f35	63000
1781241107	16314135	66	cea156559a8d	21600
1781241294	16314144	66	fbc408c7e96c	112200
1781247029	16314144	66	c7d130f40ee1	3441000
1781254483	16314240	66	43e7d9da9065	4472400
1781255621	16314240	66	6c9b365a5f3c	682800
1781255855	16314249	66	72449bf04e6a	140400
1781257304	16314251	66	77df0de7ac0e	869400
1781258182	16314282	66	3d33f02067ae	526800
1781259668	16314284	66	8173d2f81484	891600
1781259845	16314284	66	1304f420299d	106200
1781260925	16314973	66	7c9afa86762f	648000
1781261289	16328390	66	9e277240f585	218400
1781261333	16328395	66	fdbe53223dc4	26400
1781261524	16249089	66	c21da62eb398	114600
1781261680	16249090	66	3c419707e5c2	93600
1781267644	16249089	66	0dbd103840d5	3578400
1781267999	16249098	66	28fc34dec810	213000
1781268777	16249449	66	7b0fc127d93b	466800
1781268814	16249450	66	85a6f52d3825	22200
1781268836	16249542	66	7b767d9eb37f	13200
1781272572	16249542	66	cc9ddca2349b	2241600
1781279031	16250231	66	75b7ddc37dbe	3875400
1781279499	16250231	66	50c5276802ee	280800
1781279538	16250235	66	1bbc5c50f227	23400
1781279904	16250244	66	2bf25fdcc1ff	219600
1781282322	16250244	66	2f775e155b08	1450800
1781287074	16250245	66	eb0cbcf50657	2851200
1781288193	16250254	66	44df2f292c8a	671400
1781288471	16250943	66	9d6de23b92ab	166800
1781288890	16250943	66	1d6d79c3c2e4	251400
1781295582	16250942	66	293e97e5d936	4015200
1781295619	16250946	66	2f85a9a85003	22200
1781296274	16250955	66	00fd6e613f97	393000
1781296454	16250955	66	90a64547e8f1	108000
1781301745	16251644	66	b83e0810dd07	3174600
1781301769	16251644	66	45e55bb44ad6	14400
1781301810	16251648	66	c638eb596ba7	24600
1781302220	16251649	66	cfbcbfd720f0	246000
1781302354	16251658	66	d8bb7c9dd755	80400
1781307755	16251658	66	31a268ca1375	3240600
1781307934	16251658	66	1928d97e9bf4	107400
1781308535	16252347	66	04440eb25201	360600
1781308540	16252356	66	f813c503f53e	3000
1781309042	17100486	66	bf3e77264263	301200
1781309099	17100496	66	abb6eaa1b1a0	34200
1781309990	17100524	66	376f0d7de60e	534600
1781315606	17100524	66	f4c8d0208b37	3369600
1781315626	17100524	66	096f7f9414db	12000
1781324817	17100533	66	d8bddc578627	5514600
1781326479	17100547	66	c8990ea1e3b5	997200
1781326515	17101236	66	7b735c74e810	21600
1781330675	17101236	66	d44c2dfdb9f0	2496000
1781331155	17101236	66	d8a95b6ac0e2	288000
1781331200	17101240	66	a148d56f6340	27000
1781335954	17101368	66	2d5afc1d3b80	2852400
1781335989	17101449	66	ac11d58d58e9	21000
1781337554	17101556	66	c56af7968f8f	939000
1781337589	17101558	66	11aa252c5245	21000
1781337649	17101871	66	297d03abd5dc	36000
1781337670	17101938	66	8fc335964f98	12600
1781337684	17101939	66	a776d12ff2cc	8400
1781337716	17102092	66	77c6272f4d0d	19200
1781337723	17102113	66	32c2cdc308e6	4200
1781337754	17102114	66	7fedc17ecd84	18600
1781337812	17102123	66	a0d51622243c	34800
1781337835	17102544	66	11424f9a9d17	13800
1781337869	17102545	66	1e36e54dc500	20400
1781337873	17102639	66	fd103f5ed168	2400
1781337943	17102811	66	e105a6542286	42000
1781337970	17102900	66	41ada4ed3f61	16200
1781337981	17102901	66	051a70476f99	6600
1781338683	17102997	66	949327258b81	421200
1781340060	17102974	66	85b0bd10a678	826200
1781342766	17102974	66	afda07b50013	1623600
1781343023	17102974	66	1be1425030cc	154200
1781343093	17102959	66	b55aa75660c1	42000
1781343327	17102959	66	7eadc887749b	140400
1781343556	17103648	66	7999eaa2295c	137400
1781343800	17276162	66	dc2a2d684a83	146400
1781343850	17276168	66	68504930041f	30000
1781343921	17196851	66	6f58099d2db8	42600
1781347072	17196860	66	649b3036b2df	1890600
1781350120	17196860	66	57aeaba762c2	1828800
1781350259	17196861	66	7d5d547e539a	83400
1781352288	17197550	66	9722d21ac176	1217400
1781352942	17197559	66	54442eb02548	392400
1781355765	17197560	66	c6fa47692094	1693800
1781356183	17197560	66	bbee59603575	250800
1781356225	17197564	66	6c4d6560d4c9	25200
1781361047	17198253	66	1c9ad1dac24a	2893200
1781361197	17198262	66	3ce3b3371b47	90000
1781363094	17198262	66	efa6aa6e5928	1138200
1781363393	17198263	66	01fe297f79c5	179400
1781363435	17198267	66	49c4505f6dc8	25200
1781366607	17198276	66	a216c997a3cf	1903200
1781367910	17198277	66	4ab885f70c1c	781800
1781369163	17198277	66	081695619dd8	751800
1781372602	17198286	66	bb13c5d6c182	2063400
1781372920	17198975	66	a59a36259c09	190800
1781373008	17198975	66	374ab71451b8	52800
1781373597	17198975	66	b62f9f37aa6d	353400
1781373639	17198979	66	2ac50cf7b5ab	25200
1781375535	17199251	66	44407decd3bb	1137600
1781375575	17199377	66	ea5e80c2b7d4	24000
1781376103	17199470	66	7cbfdc3759cd	316800
1781376196	17199712	66	adc56c7b9372	55800
1781376226	17199818	66	ab2209b66605	18000
1781376237	17199820	66	551ee029a503	6600
1781376399	17199828	66	7fc77ba7bec2	97200
1781376976	17200234	66	86f130b54872	346200
1781377231	17200234	66	539be7155bb9	153000
1781377358	17200235	66	e0cc7a381f7e	76200
1781377572	17200226	66	ee7023a7714c	128400
1781377694	17200228	66	8760a8273c62	73200
1781377711	17200226	66	a62e7f5d0291	10200
1781378202	17200213	66	b17b29c9adfd	294600
1781378483	17199841	66	7a2e82ad86af	168600
1781378516	17199842	66	7f5c105b12b2	19800
1781378704	17200317	66	a409cc0ad840	112800
1781379579	17201163	66	2e1b35e6eaab	525000
1781379623	17201165	66	1888767448fc	26400
1781380015	17220599	66	a975d47c55ee	235200
1781380056	17220622	66	4fc518b79baa	24600
1781380106	17220623	66	119b227163b6	30000
1781380174	17220703	66	47695cc7b720	40800
1781380176	17220737	66	f5f865a1eb22	1200
1781380179	17220740	66	60a1d7de6346	1800
1781380219	17220742	66	e9f53fdc36b5	24000
1781380592	17221431	66	7b8eeedcb2fc	223800
1781380775	17221606	66	f4002dd21ebd	109800
1781380787	17221699	66	15071fc439e1	7200
1781380816	17221704	66	0f1bd1167433	17400
1781381033	17221889	66	ec426910878e	130200
1781381046	17221982	66	77a3f70fe681	7800
1781381074	17221983	66	6b30bdf4f01d	16800
1781381659	17222054	66	0b5b5192c4a9	351000
1781381694	17222056	66	51e9c6eb0880	21000
1781381852	17222058	66	e1dc4ed2d9be	94800
1781381997	17222044	66	9bd176e316a1	87000
1781382296	17222053	66	48d873e0e160	179400
1781382469	17222193	66	817a29b17985	103800
1781382497	17222194	66	e9bf4b202f9f	16800
1781382508	17222195	66	953712862c40	6600
1781382927	17222377	66	991eb0c003c4	251400
1781382941	17222469	66	104bc01a1991	8400
1781382964	17222470	66	7d415ae3fa80	13800
1781383769	17222531	66	eddafde67975	483000
1781383809	17222533	66	30feaa721f29	24000
1781384179	17222561	66	fc7386dc9851	222000
1781384242	17222561	66	c4c862c560bb	37800
1781385207	17222816	66	f22d752102c6	579000
1781385218	17222912	66	eb6c1697b652	6600
1781385244	17222913	66	8c83f5175d5f	15600
1781386134	17223085	66	fefa21f3e439	534000
1781386146	17223177	66	e96376914c1f	7200
1781386170	17223178	66	e0fbe293b636	14400
1781386768	17223173	66	ea4612062b59	358800
1781386775	17223173	66	7a91e8fb0bd0	4200
1781386840	17223862	66	ad6bd70e4da8	39000
1781387267	17223871	66	ac2dcef1ce26	256200
1781388100	17224000	66	e947da39c5ef	499800
1781388136	17224006	66	9f1efff6186b	21600
1781388540	17224006	66	30a6ce5ce9ef	242400
1781388627	17225088	66	075e9c61f4ce	52200
1781388665	17225089	66	28a855f91726	22800
1781390602	17225089	66	a9af8b9810c2	1162200
1781390898	17225164	66	dddd8e713277	177600
1781390931	17225166	66	32b5c17167f7	19800
1781391087	17225175	66	01509045cee7	93600
1781391345	17225144	66	18fa795e51c4	154800
1781392234	17225207	66	2d0cc5d06e39	533400
1781392269	17225209	66	1a08d999cc7c	21000
1781392588	17225235	66	aad6498f40ef	191400
1781392870	17225236	66	052eb215774b	169200
1781393170	17225245	66	6a648a90414a	180000
1781393730	17225934	66	78da23f245f5	336000
1781394394	17225934	66	3ce2e4fe2412	398400
1781395400	17225943	66	465f7f9e2b80	603600
1781395455	17226371	66	e6feed9f1e50	33000
1781395485	17226467	66	6680655757c2	18000
1781395490	17226472	66	d0dacb161e80	3000
1781395771	17226849	66	fdbdff52b349	168600
1781395808	17226851	66	d071d3bac5cd	22200
1781395951	17236439	66	c7a7a3b0a17b	85800
1781395993	17236440	66	9096bc5f89f3	25200
1781401250	17236440	66	7b1641a094c6	3154200
1781402551	17236440	66	337f447becbb	780600
1781413442	17236449	66	810146e9f8e4	6534600
1781413895	17236463	66	31784cad08e1	271800
1781413912	17237152	66	971f2d33f462	10200
1781416734	17237152	66	56f5096c5797	1693200
1781416771	17237156	66	8ead38e310ba	22200
1781417438	17237157	66	b96a6d5896cc	400200
1781417623	17237158	66	7ffc985bc62b	111000
1781417823	17237163	66	ec121bc50ac7	120000
1781417858	17237166	66	16047430db80	21000
1781418074	17237165	66	6dd19390ea00	129600
1781418912	17237175	66	7e3984ee8a8b	502800
1781419013	17237314	66	264e52d36d18	60600
1781419064	17237304	66	f9217d07827f	30600
1781419741	17237304	66	4f85144f37ba	406200
1781420310	17237305	66	308b9abee7b9	341400
1781420485	17237308	66	f3c9b2f5acab	105000
1781420509	17237314	66	301bee76d1c6	14400
1781426315	17237410	66	fc2c16496f78	3483600
1781426912	17237419	66	f2ee0f52b37c	358200
1781427694	17237390	66	6a40e49278d9	469200
1781430444	17237390	66	c5750421ab29	1650000
1781430698	17237376	66	5ec40cd93842	152400
1781430741	17237381	66	ced13d9dc15e	25800
1781431105	17238070	66	bfd4efec7bf1	218400
1781431275	17238070	66	1d412d49cd94	102000
1781431311	17238074	66	93b1854ca9a6	21600
1781431419	17329322	66	4aa5cce6e616	64800
1781431611	17249924	66	08021db1c987	115200
1781432188	17249925	66	fbb588f2e7c3	346200
1781436105	17249934	66	0d7f323a9b0c	2350200
1781438898	17249934	66	4594229ab6cb	1675800
1781439383	17249934	66	23ce70d6e0e6	291000
1781439480	17250623	66	5cf2959363a1	58200
1781442799	17250632	66	67e387d41ad1	1991400
1781444156	17250916	66	d43ddc4db13d	814200
1781444173	17250987	66	55083d76c8fd	10200
1781444200	17250992	66	eae73b00da8e	16200
1781447232	17250992	66	5811f5f23304	1819200
1781447405	17250992	66	6b63e17895c5	103800
1781450497	17251001	66	f137de6e5e4f	1855200
1781452791	17251690	66	20215e07a9cc	1376400
1781453157	17251690	66	c36c8ff6f209	219600
1781453230	17251690	66	6c3555f9d630	43800
1781453270	17251694	66	eb216812aebe	24000
1781455061	17251982	66	e58bd5c635c8	1074600
1781455098	17251985	66	82de3bbe110f	22200
1781456083	17251994	66	a368554c43a9	591000
1781458810	17251994	66	10f4108daf19	1636200
1781459091	17251994	66	23fc7034f27f	168600
1781459547	17252683	66	5cf1ac9fadb8	273600
1781461031	17252692	66	87fd9709555f	890400
1781463251	17252692	66	2e8a255439a0	1332000
1781463654	17252693	66	22b512378839	241800
1781463698	17252697	66	c6c5630f42e3	26400
1781467278	17253386	66	d260b93c8528	2148000
1781467338	17253395	66	a936979465cf	36000
1781467957	17253395	66	dc4a4988388c	371400
1781468649	17253395	66	3c720a16284b	415200
1781468686	17253399	66	512c9a0eff66	22200
1781472995	17253408	66	1c406ba45cee	2585400
1781473090	17253407	66	506f65085fe5	57000
1781473450	17254096	66	86e566803258	216000
1781473825	17254096	66	88b393d7b7b2	225000
1781473862	17254100	66	a06a3be1e8e8	22200
1781477279	17254099	66	f9434aaf1e18	2050200
1781477443	17254108	66	a865ad7ff03b	98400
1781477795	17254108	66	db04f6886361	211200
1781479962	17254413	66	ef26d9f226e6	1300200
1781479977	17254551	66	73dada9e2297	9000
1781479999	17254552	66	4d23778caf45	13200
1781480375	17255241	66	ed5d63b95b1e	225600
1781481207	17255241	66	62ccd3274a96	499200
1781481882	17255250	66	4b8e596998ed	405000
1781482440	17255262	66	f89acaa39681	334800
1781482474	17255266	66	c73bae297bc6	20400
1781489345	17255278	66	03ab9492e28a	4122600
1781501201	17255287	66	5352687260d0	7113600
1781501416	17255287	66	3a0a7f5a32f7	129000
1781501494	17255976	66	23745b2896f1	46800
1781508900	17255976	66	8630f262cdb7	4443600
1781520711	17256072	66	63ab7ee3e677	7086600
1781523151	17256081	66	8821debc5fe5	1464000
1781523209	17256080	66	f7202c5c79bb	34800
1781523247	17256084	66	1669dded701b	22800
1781523841	17256080	66	bda14f35030f	356400
1781526665	17256080	66	fcf32c01d243	1694400
1781526881	17256081	66	3a3b1b009d57	129600
1781527560	17336950	66	7856ee6f25ad	407400
1781527565	17337639	66	e5aa56a4891a	3000
1781527696	17337639	66	2d1d113fc554	78600
1781527733	17337649	66	7ec105fe91c5	22200
1781528000	17337301	66	8d77f80b4a8f	160200
1781529691	17337306	66	4847b60b5acb	1014600
1781530465	17337305	66	1e3ca4d9ed6f	464400
1781541063	17337303	66	3036be4cf0e7	6358800
1781541100	17337312	66	8411ee8e7f4e	22200
1781547123	17337310	66	b9d22afdce9b	3613800
1781549308	17337999	66	d339e8ca3463	1311000
1781553300	17338604	66	ef2f7a0f97b4	2395200
1781553314	17338696	66	be1cd18cf585	8400
1781553341	17338701	66	84ba10b0166b	16200
1781553956	17338699	66	8e0f337eb231	369000
1781553971	17338708	66	b90d1cd08cf6	9000
1781556980	17338882	66	fb7f934acd00	1805400
1781557025	17338884	66	f46987bd73c2	27000
1781558412	17338884	66	4b57649bfb3e	832200
1781562448	17338883	66	a7485161648d	2421600
1781562537	17338892	66	01f79b41ab75	53400
1781562679	17339581	66	5d694bd981de	85200
1781565166	17339580	66	b976b3955da0	1492200
1781568788	17339580	66	8f82070fc358	2173200
1781568830	17339584	66	c20294dade8e	25200
1781568911	17339593	66	8bb0dd7cd094	48600
1781569406	17339649	66	c2741b1d0bcd	297000
1781570440	17339901	66	dec788b19236	620400
1781570473	17339902	66	1e327a99408a	19800
1781574395	17339902	66	470a088d1ba3	2353200
1781588172	17339901	66	e7555c705746	8266200
1781588238	17339928	66	d656e7ded7c1	39600
1781588294	17340617	66	096bdd3e003c	33600
1781588397	17340626	66	2072d44b2d41	61800
1781593663	17340626	66	32dbcd512fab	3159600
1781604193	17340722	66	f6c905c1d73f	6318000
1781605788	17340723	66	755601a74577	957000
1781605829	17340727	66	3e89b1d96e83	24600
1781605971	17340709	66	4cba68ee5aee	85200
1781606035	17340718	66	32b1345998b4	38400
1781608838	17340720	66	ee77a97abee8	1681800
1781609040	17340720	66	d5f959e917f9	121200
1781609894	17341409	66	3be1cabe4dd2	512400
1781610075	17444567	66	4ddd03b1c383	108600
1781610122	17444571	66	2356b2aaea6b	28200
1781610955	17364825	66	7c1e7a274400	499800
1781612418	17364825	66	2d2518a85b04	877800
1781623893	17364825	66	1f8d64c44bbc	6885000
1781623957	17364834	66	c03a0fd61e83	38400
1781630696	17365523	66	b1024673bd51	4043400
1781630733	17365522	66	61626f7d1bcc	22200
1781636690	17365522	66	087cf25123c1	3574200
1781636744	17365526	66	eb604938560c	32400
1781636825	17365535	66	e997e184c33d	48600
1781641349	17365535	66	985855a4ab91	2714400
1781644955	17366224	66	869dcc9e4106	2163600
1781646385	17366224	66	2dff3c87eb34	858000
1781646423	17366228	66	ce62bb5668bc	22800
1781646534	17366237	66	091dc296af40	66600
1781648710	17366236	66	dc4b5f7305dd	1305600
1781651643	17366236	66	653429b8410b	1759800
1781651851	17366245	66	415ee398435a	124800
1781653836	17366934	66	8f52968ca0a2	1191000
1781653969	17366934	66	43e2b5cc3d3c	79800
1781660613	17366934	66	c9644a6d53a6	3986400
1781660652	17366938	66	239238fc9116	23400
1781660734	17366947	66	d2ecf8f42de3	49200
1781662121	17366947	66	0bef5572ea49	832200
1781673572	17366961	66	cbc8391a5e36	6870600
1781673601	17367650	66	5ed24cbb3731	17400
1781679178	17367650	66	a316512a447b	3346200
1781679217	17367654	66	eb8f45483e46	23400
1781679306	17367663	66	1ca98b78aaf0	53400
1781681129	17367663	66	c62a01fd2ac1	1093800
1781688409	17367759	66	aabd23962615	4368000
1781691719	17367776	66	829c355374b3	1986000
1781694532	17367776	66	20c4b37e0bef	1687800
1781694836	17367790	66	6a598d4fc152	182400
1781695180	17368479	66	275eb396130d	206400
1781695343	17459931	66	e7397332aa44	97800
1781695391	17459935	66	74ec7ecb14e0	28800
1781695449	17380189	66	e008d6f514a1	34800
1781695792	17380189	66	c9e828cada71	205800
1781697298	17380198	66	0fb9cf6eace5	903600
1781697608	17380199	66	e61f0be5d97f	186000
1781707122	17380200	66	c031cbeee8c6	5708400
1781710352	17380200	66	b603e87f368d	1938000
1781711282	17380209	66	933457c7380c	558000
1781712502	17380898	66	24eae5be8f7a	732000
1781717881	17380898	66	67e29c8fc220	3227400
1781717919	17380902	66	8f6635c50317	22800
1781719391	17380902	66	e9bcb04a1061	883200
1781719614	17380911	66	df48b6df1bbb	133800
1781721428	17381600	66	2808a7c5acf5	1088400
1781725826	17381601	66	f848e0d39a58	2638800
1781725876	17381605	66	c9301bc148aa	30000
1781727984	17381605	66	367c02c316f7	1264800
1781728222	17381614	66	f4816d05aa89	142800
1781732924	17381614	66	e68a619411e6	2821200
1781734582	17382303	66	46932f8cddbf	994800
1781734709	17382304	66	397066b426a5	76200
1781735052	17382313	66	322057f7ebb9	205800
1781737932	17382314	66	fe740cfdf5b8	1728000
1781737969	17382318	66	4edfd0078795	22200
1781740341	17382318	66	ae5f336f820a	1423200
1781740449	17383007	66	2de4a9923dd0	64800
1781740691	17383016	66	4bd0ae8f0053	145200
1781747048	17383015	66	017731e150b2	3814200
1781747091	17383019	66	d4b3ab1842e5	25800
1781748383	17383019	66	5ba40651c46b	775200
1781758536	17383028	66	470bd38e3506	6091800
1781759183	17383042	66	4aec1be8c313	388200
1781759289	17383731	66	215aec894e7d	63600
1781764290	17383732	66	eeb8ed55a5a4	3000600
1781764326	17383736	66	1a192c776e32	21600
1781766171	17383736	66	fc8782148263	1107000
1781773825	17383832	66	6ce30b20b490	4592400
1781774495	17383841	66	03b3cb85ab7c	402000
1781776360	17383843	66	45173317d6c0	1119000
1781777287	17383897	66	49af79cd163b	556200
1781778396	17383899	66	264e0a455609	665400
1781779218	17383899	66	542000c83bba	493200
1781779816	17384588	66	ee6003792bf5	358800
1781779993	17476058	66	cee0a7b4bf5e	106200
1781780042	17476062	66	17b3a3144842	29400
1781780277	17476062	66	8d30d577aa5a	141000
1781780414	17396314	66	73bc13be0ce6	82200
1781781213	17396314	66	db7e8777db42	479400
1781786240	17396323	66	5625eceec0a1	3016200
1781792129	17396323	66	aea829f0b119	3533400
1781792533	17396323	66	2d685f2ab05b	242400
1781798150	17397012	66	0eaaa02b2e29	3370200
1781799458	17397021	66	320893c4702b	784800
1781804002	17397021	66	d604322464ea	2726400
1781804049	17397025	66	af1fd0ad66b9	28200
1781804135	17397025	66	fd52154c099c	51600
1781807872	17397714	66	dad0fd721541	2242200
1781807941	17397723	66	ffbcc0684c7d	41400
1781812190	17397723	66	2acefc3261bb	2549400
1781812307	17397721	66	ccdb604efb86	70200
1781812352	17397725	66	86c677b67bdc	27000
1781817256	17397734	66	d6a3fd72c559	2942400
1781819551	17397734	66	d306e4d886c4	1377000
1781819793	17397734	66	1d8bdf8a2283	145200
1781820826	17397932	66	365690dcbf5f	619800
1781820854	17404264	66	a0782f1ebce3	16800
1782475252	12	63	21b828360435	392638800
1782575632	101	63	f4bef1615fd5	60228000
1782575659	516	63	28bdb7a6e559	16200
1782575679	630	63	dc7f9da73afd	12000
1782575685	631	63	be593ac96d75	3600
1782575693	663	63	89fb5ef24e1f	4800
1782575973	663	63	b4cc7f9f429d	168000
1782575985	663	63	784b799bc994	7200
1782577344	831	63	a8219a92e75b	815400
1782577365	1026	63	1ae057773f9e	12600
1782577444	1116	63	9c310cdb143f	47400
1782577468	1182	63	7e0947df6d50	14400
1782577498	1200	63	d9eafbe59127	18000
1782577824	1250	63	f067e27f3d3c	195600
1782577843	1354	63	5491bf75026a	11400
1782577879	1734	63	a8a037b58f41	21600
1782577909	1837	63	e71d59129b40	18000
1782577946	2295	63	38fac07e5aa7	22200
1782577990	2428	63	0995d426f9ab	26400
1782577992	2820	63	d9d98fad9fb0	1200
1782577999	2835	63	86eed77c660c	4200
1782578012	2873	63	f9806b6e94cc	7800
1782578014	2980	63	7221c685eeda	1200
1782578032	3144	63	2b1bcf23588c	10800
1782578044	3147	63	3a5a351cf6b9	7200
1782578053	3323	63	8d2ba266d662	5400
1782578060	3350	63	12f4034969c8	4200
1782578080	3350	63	07175eacea84	12000
1782578109	3355	63	ddeee1e1077b	17400
1782578443	3477	63	ce1b806b7d8a	200400
1782578476	3541	63	a21aacf61676	19800
1782578510	3899	63	510d22d0c255	20400
1782578534	3913	63	0906d40277df	14400
1782578546	3927	63	a1b5f92e1e9a	7200
1782578565	3939	63	d46febfe7d7b	11400
1782578582	3952	63	9d6d693477e1	10200
1782578603	3966	63	55e6488219a7	12600
1782578622	3980	63	276d370689ec	11400
1782578632	3994	63	dae6bb166eb9	6000
1782578654	4010	63	aab60f20605c	13200
1782578683	4023	63	2dae90957480	17400
1782578696	4036	63	1288d1441474	7800
1782578733	4037	63	5bdeb0a65ab9	22200
1782578774	4037	63	098df18c8a4d	24600
1782578783	4083	63	9c92cd5875b5	5400
1782578819	4033	63	930f22faaa81	21600
1782578836	3929	63	fa69cacac154	10200
1782578841	3549	63	1c9cdf8dfad1	3000
1782578847	3416	63	84bf8ccc29d3	3600
1782578886	3404	63	777c8a3e5dcf	23400
1782578946	3326	63	3a7737ebcdcc	36000
1782579356	3326	63	0e8db7d47d9f	246000
1782579405	3360	63	0c45dae6792d	29400
1782579433	3365	63	ba0c532898c6	16800
1782579562	3365	63	6615421303d8	77400
1782579630	3365	63	60b72da9c3c1	40800
1782579815	3400	63	46127719570b	111000
1782579858	3402	63	a45035a91da2	25800
1782579888	3405	63	ff30143bc4f3	18000
1782580303	3410	63	fe0f8473aed5	249000
1782580341	3437	63	ea7a4081f8a9	22800
1782580354	3451	63	b2ad398b3d3b	7800
1782580384	3452	63	29488414ca5f	18000
1782581189	3512	63	a3c179ff9162	483000
1782581783	3512	63	16fb97098993	356400
1782581794	3558	63	f9d63a3567b2	6600
1782581921	3617	63	48d59ca4ab55	76200
1782581940	3684	63	073effd64fc6	11400
1782582150	3695	63	9e03e873e9a5	126000
1782582170	3695	63	a4ce05daa63f	12000
1782583088	3695	63	b412903a2bba	550800
1782681477	3746	63	5b61b0acce1c	59033400
1782681508	4096	63	5c27953638e3	18600
1782681541	4320	63	7aae401c9e50	19800
1782681549	4352	63	4596183366d0	4800
1782681581	4355	63	2bfd24bcb0df	19200
1782681868	4422	63	caacebc54ea7	172200
1782681903	4447	63	7decfa0b3f20	21000
1782682681	4439	63	049144ca0bbf	466800
1782683778	4439	63	3dbb55b26c42	658200
1782684028	4472	63	8bc3745e231d	150000
1782684050	4472	63	702d61e3ace1	13200
1782684082	4467	63	5a097283ed02	19200
1782686584	4467	63	1baff0979957	1501200
1782686630	4453	63	06071ec8f5e2	27600
1782687227	4454	63	edeb45c97966	358200
1782687245	4483	63	e9e9e34120a3	10800
1782687307	4484	63	939cabe631d2	37200
1782714189	224	61	fca00fbe7de1	16129200
1782714189	224	62	fca00fbe7de1	0
1782714781	24	61	b34e2cbe0411	355200
1782714781	24	62	b34e2cbe0411	0
1782714791	93	61	d24a550ddf47	6000
1782714791	93	62	d24a550ddf47	0
1782714803	198	61	d097b50b3a34	7200
1782714803	198	62	d097b50b3a34	0
1782714824	422	61	7b634152af2f	12600
1782714824	422	62	7b634152af2f	0
1782714836	528	61	2a3b712a4cac	7200
1782714836	528	62	2a3b712a4cac	0
1782714841	564	61	4c621f5d58ce	3000
1782714841	564	62	4c621f5d58ce	0
1782715342	602	61	17bb7c873cda	300600
1782715342	602	62	17bb7c873cda	0
1782715348	602	61	ba8a01fced34	3600
1782715348	602	62	ba8a01fced34	0
1782715772	384	61	72072022124e	254400
1782715772	384	62	72072022124e	0
1782715779	382	61	2a454e3d7e86	4200
1782715779	382	62	2a454e3d7e86	0
1782715871	384	61	2010374f29b7	55200
1782715871	384	62	2010374f29b7	0
1782716112	659	61	49802c9506a7	144600
1782716112	659	62	49802c9506a7	0
1782718651	671	61	c5bf5ebfcaa2	1523400
1782718651	671	62	c5bf5ebfcaa2	0
1782726507	126	60	cccf3fd501a1	4713600
1782726536	136	60	bdc9dc3b654d	17400
1782726605	177	60	adca1d2f7a37	41400
1782726615	167	60	da2146f0b96e	6000
1782726630	228	60	8a2309fa6490	9000
1782726658	397	60	d4fca58ae365	16800
1782726668	420	60	d261eb94177a	6000
1782726815	379	60	1a3e56d2558f	88200
1782726831	318	60	257114af69d2	9600
1782726850	300	60	57b3af39ef37	11400
1782727367	540	60	5593de6ef98d	310200
1782727378	582	60	4ccf66e19fd2	6600
1782728813	421	60	601f92af9bcc	861000
1782728834	421	60	c290b4ea26d4	12600
1782729247	422	60	acc7e9a6df15	247800
1782729269	423	60	2096338f4b17	13200
1782729518	422	60	5acccab77096	149400
1782730894	424	60	dfdf73e0a493	825600
1782730900	425	60	973ebfd1157b	3600
1782730914	426	60	422973f58132	8400
1782730929	427	60	1770ac8ee0ae	9000
1782730976	428	60	c57d3360292e	28200
1782730981	429	60	301830112758	3000
1782730987	430	60	b92dabb818a3	3600
1782730996	431	60	48214bbc127a	5400
1782731025	432	60	8e046040c87d	17400
1782731043	433	60	d80716bc9129	10800
1782731086	434	60	4b7a8ac12795	25800
1782731160	1	60	df052c383abf	44400
1782731494	421	60	076c76690152	200400
1782731788	794	60	44c00b2470d9	176400
1782731803	900	60	e1ca55b7da23	9000
1782731820	1068	60	efe198eab07f	10200
1782731860	1108	60	f6165b96034e	24000
1782731896	1134	60	74dfc0e0690e	21600
1782732210	1028	60	28ce6102af8c	188400
1782732237	1213	60	a3b5800cc80a	16200
1782732252	1336	60	a1834ff4df54	9000
1782732293	1381	60	ff6859885b0d	24600
1782732315	1382	60	8d79f21e8604	13200
1782732378	1384	60	06eeb1421cca	37800
1782734551	1389	60	49951b5c3d36	1303800
1782736976	1403	60	c1a0fc56dbf7	1455000
1782736993	1417	60	2913105edf6a	10200
1782737486	1418	60	f567600d16b9	295800
1782737796	1466	60	fd7750bc7a9b	186000
1782737838	1477	60	074cd6fcdd4c	25200
1782737927	1722	60	1f06d4844ce1	53400
1782738404	1792	60	d2aae5daa483	286200
1782738448	1793	60	496db474cd96	26400
1782738476	1795	60	9ff7266c1bc8	16800
1782741196	1975	60	37f3dccfae04	1632000
1782741785	1976	60	0efdaeb7110d	353400
1782741929	2176	60	92660fe56fdc	86400
1782741945	1980	60	4547b54c5086	9600
1782741957	1979	60	46e6faf6006d	7200
1782742244	1984	60	9a70dee1e0a1	172200
1782743096	2193	60	6fd416dc41c1	511200
1782743274	2282	60	cdc20731311d	106800
1782743336	2312	60	ee71d311d374	37200
1782743439	2364	60	46af9ba7dfd7	61800
1782743464	2411	60	237a64d5db0d	15000
1782743482	2500	60	4e360bdb2285	10800
1782746609	2901	60	b0ca586d6943	1876200
1782746645	2905	60	4c272e51e1d2	21600
1782746678	2909	60	28f009c38dcd	19800
1782747565	2535	60	a9323ce55faa	532200
1782748934	2547	60	f69f81ace711	821400
1782750604	688	61	51e373879785	1002000
1782750604	688	62	51e373879785	0
1782750627	688	61	0fb27a7b571a	13800
1782750627	688	62	0fb27a7b571a	0
1782750639	701	61	5cd7a00fc680	7200
1782750639	701	62	5cd7a00fc680	0
1782750649	755	61	9d9bc1618a0a	6000
1782750649	755	62	9d9bc1618a0a	0
1782750783	773	61	f35096425196	80400
1782750783	773	62	f35096425196	0
1782750823	775	61	ada1927509df	24000
1782750823	775	62	ada1927509df	0
1782750836	794	61	80e69dcdfccc	7800
1782750836	794	62	80e69dcdfccc	0
1782750866	804	61	b438a5a73d70	18000
1782750866	804	62	b438a5a73d70	0
1782750877	805	61	874fed1645a3	6600
1782750877	805	62	874fed1645a3	0
1782750983	807	61	90bbab773ca7	63600
1782750983	807	62	90bbab773ca7	0
1782751135	834	61	dfe76fe2f2bc	91200
1782751135	834	62	dfe76fe2f2bc	0
1782751142	779	61	794256ea7c5a	4200
1782751142	779	62	794256ea7c5a	0
1782751167	815	61	034229dea4ef	15000
1782751167	815	62	034229dea4ef	0
1782751318	829	61	17b3955b8578	90600
1782751318	829	62	17b3955b8578	0
1782751509	815	61	0919c0d0376c	114600
1782751509	815	62	0919c0d0376c	0
1782751527	780	61	823ae57e196a	10800
1782751527	780	62	823ae57e196a	0
1782751590	766	61	0ce764f6f5b4	37800
1782751590	766	62	0ce764f6f5b4	0
1782751856	767	61	0cea876f1cb5	159600
1782751856	767	62	0cea876f1cb5	0
1782765991	106	59	977ddf1b768c	8481000
1782767941	1109	61	6420ea70f301	1170000
1782767941	1109	62	6420ea70f301	0
1782767985	1140	61	3bb4c98370b6	26400
1782767985	1140	62	3bb4c98370b6	0
1782768850	35	58	38a9e0200bf0	519000
1782768889	2551	60	7c492745c974	23400
1782768940	115	59	00b75bb64efa	30600
1782769141	1284	61	f4821fc303db	120600
1782769141	1284	62	f4821fc303db	0
1782769233	1284	61	cb8480f9c45c	55200
1782769233	1284	62	cb8480f9c45c	0
1782769727	35	58	db08c93336ab	296400
1782769749	36	58	25928b7cf466	13200
1782769766	37	58	5864498d3dc7	10200
1782769784	38	58	95695167b379	10800
1782769816	39	58	a50d373e05d5	19200
1782769838	40	58	5f0244610f59	13200
1782769852	74	58	62293eef2cf3	8400
1782770405	1293	61	bf189a4d1e95	331800
1782770405	1293	62	bf189a4d1e95	0
1782770677	1304	61	4ee1db109297	163200
1782770677	1304	62	4ee1db109297	0
1782771020	1305	61	feaae1ab956e	205800
1782771020	1305	62	feaae1ab956e	0
1782771279	75	58	8f946f65d778	155400
1782771319	98	58	75b709bfbf40	24000
1782771343	121	58	d70702698e5a	14400
1782771365	122	58	ab2c18e90eaa	13200
1782771386	148	58	4908d6bc9e5f	12600
1782771404	174	58	7cfaa2792214	10800
1782773705	1385	61	601b02e66efa	1380600
1782773705	1385	62	601b02e66efa	0
1782773764	254	58	c32f135b3440	35400
1782775122	786	58	db0dea8b1fab	814800
1782776729	834	58	f10791227364	964200
1782777351	853	58	aab79b544a12	373200
1782804757	207	59	eec3f3adebe1	16443600
1782804773	317	59	6a651bd4fe58	9600
1782804798	340	59	67467c0b1fc3	15000
1782804813	403	59	7f117504f33b	9000
1782804827	420	59	0a5bf1f746fd	8400
1782804841	437	59	2199ac0b0d66	8400
1782804954	982	59	955b7e9fdab8	67800
1782805042	1076	59	ed4e45896a34	52800
1782805766	1140	59	a3c87d8b8645	434400
1782805784	1140	59	b6c9b5008c96	10800
1782805801	1148	59	4ff561b5ad20	10200
1782805814	1160	59	530d94435160	7800
1782806542	1176	59	fe5aad9c8a9f	436800
1782806630	1164	59	ee15619f5730	52800
1782806736	1266	59	999bb1198c47	63600
1782806761	1168	59	52e36764a5a5	15000
1782806799	1177	59	5f9b0a7bd09a	22800
1782807209	1306	59	92b230087c75	246000
1782807255	1329	59	6b828f74b664	27600
1782807453	1500	61	1ada13f9ea9f	118800
1782807453	1500	62	1ada13f9ea9f	0
1782807480	1713	61	837f810e0a75	16200
1782807480	1713	62	837f810e0a75	0
1782807492	1799	61	70aa27b0facd	7200
1782807492	1799	62	70aa27b0facd	0
1782807504	1805	61	d8ce374ccd0a	7200
1782807504	1805	62	d8ce374ccd0a	0
1782807514	1815	61	20ef4c17f861	6000
1782807514	1815	62	20ef4c17f861	0
1782807588	1991	61	694bb919c3e2	44400
1782807588	1991	62	694bb919c3e2	0
1782807602	2058	61	d10889f818d3	8400
1782807602	2058	62	d10889f818d3	0
1782807632	2059	61	51f84c3c0740	18000
1782807632	2059	62	51f84c3c0740	0
1782807741	105	57	8df9cb1c9142	65400
1782807753	198	57	17a6e468b257	7200
1782807779	246	57	588991d7580b	15600
1782807790	288	57	f57423e51512	6600
1782807798	303	57	b3f734307f77	4800
1782807852	702	57	c5d4a426d5ab	32400
1782807865	771	57	adadb2980371	7800
1782807886	2060	61	f1aa5f5c4896	12600
1782807886	2060	62	f1aa5f5c4896	0
1782807902	2062	61	bd338abf634d	9600
1782807902	2062	62	bd338abf634d	0
1782807967	2065	61	d2266e7eb6b2	39000
1782807967	2065	62	d2266e7eb6b2	0
1782808921	837	57	eb18942d88fc	572400
1782808946	999	57	3a73139295bf	15000
1782808971	1059	57	7d3e74f2ccdf	15000
1782808984	1130	57	4117851a13d1	7800
1782809046	1157	57	37b926fdb031	37200
1782809149	1351	57	2d6ee8e4eebe	61800
1782812058	1391	57	80ca7a3abbad	1745400
1782812667	1391	57	205cbdf75d0b	365400
1782813675	1522	57	4fc5b1d437ce	604800
1782815446	1549	57	cbed1d965802	1062600
1782815469	1593	57	680e5c8be24f	13800
1782815493	1643	57	6d63afc9b881	14400
1782815538	1657	57	6f48fc1570e4	27000
1782815558	1666	57	d9aa4b6d1341	12000
1782815568	1707	57	dc00ff9ac234	6000
1782815578	1717	57	960a0dd0f91c	6000
1782817200	1718	57	142582ff7f47	973200
1782817243	1718	57	c90c313c70f1	25800
1782817416	1719	57	e42f3532f1d7	103800
1782817435	1719	57	7c97d723c351	11400
1782818920	1733	57	fff841d1af0b	891000
1782819059	1950	57	71c96f399194	83400
1782819177	2003	57	354e90088129	70800
1782819199	1797	57	54aa448ef678	13200
1782819224	1803	57	78f64f23d5aa	15000
1782819238	1813	57	4eb5bf2879a0	8400
1782819837	1814	57	d3cd7eea3d5e	359400
1782820216	1967	57	c149a9566a2a	227400
1782820404	1967	57	8a5f3daceb23	112800
1782821027	2017	57	29c0b31a7c17	373800
1782826683	2344	57	eb4801bba752	3393600
1782828085	2361	57	8f7256806d87	841200
1782828101	2362	57	609a641cb354	9600
1782828125	2363	57	f3ab1ab19127	14400
1782828166	2364	57	f29923270d0a	24600
1782828613	2405	57	5bb10922855b	268200
1782828723	2405	57	dbd5e4c7cb6e	66000
1782828770	2644	57	58636ce8cb3b	28200
1782828937	2644	57	97e417ba3dc5	100200
1782831227	2947	57	5e6ab4ca61bb	1374000
1782831424	3107	57	35fc98d180af	118200
1782831522	3130	57	867035796fa6	58800
1782831556	3130	57	04fe25ddf1f7	20400
1782831603	3195	57	426e73fa9db9	28200
1782831731	3306	57	3d999cb02c17	76800
1782833938	4284	57	33f8551f39b0	1324200
1782835081	4400	57	2289321974c5	685800
1782835098	4430	57	46643503a7d0	10200
1782835114	4546	57	31ac377745f6	9600
1782835228	4567	57	da6c5d8e094e	68400
1782835245	4580	57	cf8ac263f675	10200
1782835263	4590	57	f6a03879db7a	10800
1782835287	4593	57	cbfef6caf044	14400
1782835376	4619	57	35926f56f056	53400
1782835393	4620	57	28e0974e9c43	10200
1782835411	4621	57	fb9327294658	10800
1782835429	4555	57	12d065c3a77c	10800
1782835477	4775	57	c9cbf934ac51	28800
1782835950	4907	57	5fb23d610ef0	283800
1782847818	4867	57	2fcfce64d14a	7120800
1782847861	4867	57	71c7c84a057f	25800
1782847899	4608	57	aae2efa4c6c7	22800
1782848421	4608	57	e0314c38a36f	313200
1782848465	4657	57	7c1c82b77a95	26400
1782848644	4657	57	001a4735aa60	107400
1782848771	4659	57	58abcd67c2db	76200
1782848938	4660	57	81d77db0fab6	100200
1782849068	4684	57	a6dc151e2889	78000
1782849117	4684	57	6d96f27580c2	29400
1782849612	4713	57	eb5676357a5c	297000
1782849648	4732	57	4ad6e2828dcd	21600
1782849674	4753	57	7bbc66782979	15600
1782849697	4773	57	3133a268f5ca	13800
1782849726	4782	57	7a4085384c12	17400
1782849767	4782	57	ffdabf16dd80	24600
1782849847	4780	57	24a8f189de55	48000
1782851248	4811	57	a23fc90539bd	840600
1782851293	4812	57	ee2306f271ab	27000
1782851338	4829	57	3b981f4b51d2	27000
1782851743	4890	57	4cf66058a9ad	243000
1782851894	4957	57	9e28c34b8b61	90600
1782852335	5018	57	f467b0ffafaa	264600
1782852565	5037	57	a6f2aea3a5a4	138000
1782853281	2066	61	c87158246e89	429600
1782853281	2066	62	c87158246e89	0
1782858633	5855	57	ccb55455e29d	3211200
1782858651	5942	57	f1f1363aab54	10800
1782863473	5944	57	2aacf3bc7a5c	2893200
1782863516	6258	57	d2010c64bcd0	25800
1782863572	6258	57	cf7a34324343	33600
1782864939	6531	57	9bc76ad3dfab	820200
1782865029	6531	57	d7ee830ee7b4	54000
1782865132	6804	57	dd4c84576635	61800
1782865197	6804	57	30a4d289a5a1	39000
1782866981	6819	57	8c6bab12f4be	1070400
1782867054	6819	57	289da7cf8416	43800
1782867361	6687	57	e16be6341d25	184200
1782868764	7488	57	5068138e5a18	841800
1782887317	7605	57	1c347ac8eddb	11131800
1782889115	7630	57	449861e0653b	1078800
1782889178	7640	57	5d43fabf9df6	37800
1782907480	7806	57	deb028daead6	10981200
1782908436	7841	57	caf6b42d1fef	573600
1782909044	7845	57	7462ecaf2b3b	364800
1782916770	7875	57	f85a00f0bfbb	4635600
1782916792	7953	57	93eaac84a85d	13200
1782916813	7954	57	aba480ae4f84	12600
1782918256	7954	57	ca2baf4da84a	865800
1782922941	8003	57	71bc26d64139	2811000
1782923021	8206	57	9bd6352d90b1	48000
1782925354	8095	57	2c3c8b53dfd2	1399800
1782926908	2070	61	657c2d74f898	932400
1782926908	2070	62	657c2d74f898	0
1782927302	17404269	66	4d6d9c2de378	236400
1782928716	8114	57	fa2a451dc37a	848400
1782929470	8112	57	76cc95f1ddc9	452400
1782930461	17404271	66	c78e3a4d1310	594600
1782930545	17404271	66	88894bebe6cc	50400
1782933398	8374	57	c33a83612a97	1711800
1782933424	8513	57	0904a0d011dc	15600
1782933456	8628	57	e3f110902838	19200
1782940404	8116	57	3e0d15487a57	4168800
1782940515	8116	57	b8e3d0d1a85e	66600
1782940682	8134	57	c69c8d410866	100200
1782941558	8137	57	fe991534316c	525600
1782941622	8239	57	a5de07cefdea	38400
1782941739	8353	57	58e0994380a4	70200
1782941747	8251	57	a53016c30dde	4800
1782942032	8365	57	facb17018037	171000
1782942037	8251	57	934a8ada7182	3000
1782942048	8279	57	3d321adfe577	6600
1782942054	8261	57	9de2c0e46f41	3600
1782942083	8418	57	ace379cb2598	17400
1782942426	8448	57	a7a6d90ed820	205800
1782942443	8487	57	d52599637617	10200
1782942450	8459	57	def270adc4b1	4200
1782942467	8500	57	cea505ffce2c	10200
1782942483	8552	57	5609e35ef6d9	9600
1782942513	8597	57	0bb32370bd58	18000
1782942541	8628	57	0a4d761fc108	16800
1782942564	8692	57	cdece7e3d5f7	13800
1782942594	8750	57	54b792e2da84	18000
1782942612	8779	57	0e70f24b8165	10800
1782946641	8780	57	8a19b86cf256	2417400
1782950963	9228	57	52de58c034b0	2593200
1782957175	4484	63	575f7f4c3011	3727200
1782957506	9232	57	7d582f5f4562	198600
1782958469	9372	57	c3270fd36db8	577800
1782959640	9594	57	4bbd9d14e0b8	702600
1782959652	9610	57	96fe51b174bd	7200
1782959731	8681	57	6253c681bbb7	47400
1782961433	9652	57	fbfbfcbaea76	1021200
1782961599	9667	57	0f8c8ad8cdc3	99600
1782961620	9770	57	20e85a1f1958	12600
1782961639	9862	57	9a7f4b4427fa	11400
1782961655	9946	57	06e631181488	9600
1782961672	10034	57	1d313ddf73e9	10200
1782962234	8693	57	f032fd29cfd2	337200
1782979323	10089	57	62f6290934ef	10253400
1782979978	10089	57	dbfd4452c50d	393000
1782983404	10108	57	eb08abc8ffd9	2055600
1782983678	10128	57	e461a6369ff6	164400
1782984808	10133	57	f2a4558bc32b	678000
1782986193	10140	57	86752c54758d	831000
1782986363	10148	57	6b6b64891dd5	102000
1782987535	10341	57	1c76d268c66f	703200
1782987649	10341	57	d892161e9fdc	68400
1782990776	10416	57	971bf0d21491	1876200
1782990838	10431	57	851803b1bf7c	37200
1782990919	10982	57	917181b81fb8	48600
1782990979	10982	57	5503f3eb4a2b	36000
1782991496	11191	57	6581cb34d398	310200
1782991802	11224	57	8b1b4b1e7812	183600
1782991931	11247	57	f454575ca1aa	77400
1782992352	11248	57	2b6381912154	252600
1782993005	11253	57	e7f36063f2d8	391800
1782993348	11360	57	b56a02e24089	205800
1783004327	11497	57	3f97b111d202	6587400
1783018437	11522	57	597298ba4d6c	8466000
1783018491	11506	57	b4dcb36fa8c0	32400
1783018953	11509	57	1f952194527a	277200
1783019695	11634	57	8b2cdb20dfa1	445200
1783019877	11656	57	52ac5456503f	109200
1783021274	11655	57	ad9109b42d43	838200
1783021379	11655	57	6458fca9ce65	63000
1783022390	11712	57	f198506dda2a	606600
1783022428	11718	57	96bacf84b14d	22800
1783022737	11701	57	edac32dfe380	185400
1783022757	11644	57	dd67a70d9afc	12000
1783022798	11497	57	88f77f61e066	24600
1783023296	11497	57	1bbb79ef02a2	298800
1783023570	11501	57	c2d618c36bbf	164400
1783025842	11524	57	e0288e171c06	1363200
1783029010	11607	57	ea52fd5e0e73	1900800
1783029790	11934	57	3ab6b8be716e	468000
1783030381	11968	57	e9fa12d894af	354600
1783030950	11765	57	9d473f3df3c1	341400
1783030999	11778	57	4c5e083fe9a6	29400
1783031038	11779	57	4c4f11ef382d	23400
1783031073	11780	57	cab4f6ea4b9d	21000
1783031091	11781	57	7ca2002753e0	10800
1783031651	11840	57	ac9516d32577	336000
1783032008	11842	57	86673e5e38d2	214200
1783032209	11887	57	b4366c6b1a5d	120600
1783033826	12075	57	9c6e38739af5	970200
1783034163	12075	57	c231f5e1ebf2	202200
1783035149	12076	57	5787cb9e24cc	591600
1783035168	12374	57	0594485bb634	11400
1783035201	12374	57	9c6e47f3ac7a	19800
1783035241	12374	57	8210c45fa06b	24000
1783036260	12575	57	d0a7e7b8d937	611400
1783037442	12713	57	f3c0522d024f	709200
1783062044	12784	57	70fcf768b744	14761200
1783062841	12784	57	ea30234e1a2a	478200
1783065121	12788	57	0732dd1cb4ae	1368000
1783065777	12787	57	09b715d836c6	393600
1783090907	12825	57	9bd8da275347	15078000
1783090967	12927	57	d0556cfc3d74	36000
1783091350	12928	57	b64d0bbab528	229800
1783114477	12986	57	de333a08150b	13876200
1783117411	13194	57	9b75f19c3f71	1760400
1783146046	13259	57	fe75fb7c4a59	17181000
1783146887	27	56	41740340f863	504600
1783146907	56	56	7d7232e9eb08	12000
1783146970	65	56	aa1ed4549017	37800
1783147016	72	56	07a976e953a3	27600
1783148009	127	56	de347fe650df	595800
1783148438	150	56	23456f2d4cbe	257400
1783148458	225	56	418fa6b861bc	12000
1783148627	266	56	8b87935024f7	101400
1783148674	309	56	631f62e939ac	28200
1783164065	420	56	0e31624efd96	9234600
1783164120	13290	57	045a909f1c54	33000
1783188999	456	56	e3a5784e4674	14927400
1783197893	775	56	72e6af2afd17	5336400
1783197933	806	56	1581679e1f7d	24000
1783197948	828	56	94c1d457655a	9000
1783198005	1063	56	bb587ed594cc	34200
1783198040	1166	56	1c873ee06a0c	21000
1783198055	1204	56	abebc2253259	9000
1783198071	1256	56	8903beefe762	9600
1783207566	1256	56	92e0f945dfc7	5697000
1783207680	3229	56	3af4847e9479	68400
1783207908	3255	56	2beeef653532	136800
1783208197	3284	56	de443f8b9dbe	173400
1783209808	3288	56	c14c4c81c511	966600
1783209832	3292	56	d7eb9fd86609	14400
1783209902	3324	56	b276d9aebb2e	42000
1783210047	3324	56	c37476cb170d	87000
1783210056	3326	56	99dc5bff0fb1	5400
1783210474	3357	56	1dd04396b386	250800
1783210499	3442	56	a50f01d2ea51	15000
1783210514	3518	56	e27ffb1fff4d	9000
1783210531	3587	56	5af4917391df	10200
1783210566	3662	56	f553b86f4a41	21000
1783210586	3745	56	d60d27b0f41b	12000
1783210605	3811	56	5d1725b5594b	11400
1783210621	3860	56	30780b5dcfc4	9600
1783210638	3916	56	877d4d087b9c	10200
1783210655	3974	56	5dcf32c3084d	10200
1783210678	4017	56	ceb6ad4885d6	13800
1783210699	4060	56	a33511f3218f	12600
1783210754	4103	56	3138aa143fe9	33000
1783210810	4136	56	2b3f481d3b43	33600
1783210959	4169	56	938fc2025a71	89400
1783211016	4202	56	133ec5cfa514	34200
1783211062	4235	56	7325a6eb071b	27600
1783211135	4268	56	c805656729c9	43800
1783211226	4301	56	39dadee69b97	54600
1783211272	4334	56	9f936536f0bf	27600
1783232488	2	55	7ad1c5b49187	12729600
1783234828	64	55	37125d5a6382	1404000
1783234845	316	55	6d1c9301b6ef	10200
1783234856	411	55	d96b9bf21b54	6600
1783234870	460	55	f88e5719f5f6	8400
1783234880	512	55	c22de2702374	6000
1783234893	529	55	70413e92d3d6	7800
1783234909	529	55	61c47b142ef6	9600
1783234914	597	55	96caa0020e20	3000
1783234938	612	55	7000398469bd	14400
1783234944	612	55	91ec02ad34bd	3600
1783235145	627	55	e00bbff40328	120600
1783235154	633	55	2ecf0cffdffa	5400
1783235162	637	55	b52f3dd7d0f5	4800
1783235172	646	55	99a07e6d461f	6000
1783235181	669	55	93c07c4b7a5c	5400
1783235191	693	55	58baace1df19	6000
1783235196	706	55	dd76d2b81d32	3000
1783235205	732	55	af2c2c210c3f	5400
1783235216	771	55	2471cb921107	6600
1783235226	809	55	1910fffd1553	6000
1783235232	823	55	f30a3fd9683f	3600
1783235247	925	55	73ab5f2ba2df	9000
1783235255	951	55	b3e0df15f3be	4800
1783235264	964	55	6b086513bf7d	5400
1783235567	1284	55	040732d76b93	181800
1783235704	1448	55	0bfb5c527f2a	82200
1783237833	1534	55	d79fbe893905	1277400
1783237870	1582	55	b533849c36a8	22200
1783237907	1638	55	aeb821f6778c	22200
1783237936	1681	55	e64bd0630b1f	17400
1783238746	1841	55	e00e4739cfcb	486000
1783238764	1910	55	18878301b551	10800
1783238830	1981	55	d837b0607aaa	39600
1783238853	2004	55	416668c0f739	13800
1783238961	2025	55	9dec4d8e9b2a	64800
1783238971	2047	55	92c2b7133b20	6000
1783238984	2068	55	c153374012df	7800
1783239019	2109	55	840bcffb8b92	21000
1783239043	2115	55	3d46dd63ce9b	14400
1783252634	4455	56	d0310f14ec49	8154600
1783252795	4606	56	e36e6bdf908f	96600
1783252847	4653	56	6dd874ffb2cd	31200
1783252920	4654	56	f6e451413067	43800
1783257130	4564	56	cd21867425da	2526000
1783260167	4540	56	cb190eeb5050	1822200
1783263356	4544	56	5bd05aa1436a	1913400
1783264215	1	54	8f1864a9a9fa	515400
1783271123	2	54	04d9d55b6820	4144800
1783271229	127	54	fa7a69b7b3cd	63600
1783271299	127	54	a1eeb31aa25e	42000
1783271946	4542	56	ed4ecec0fd5c	388200
1783272176	4544	56	a946730845c4	138000
1783276950	168	54	dc8b6439e15b	2864400
1783277141	531	54	41df13173273	114600
1783277173	630	54	785b2d53fe65	19200
1783277281	672	54	56c61b3958db	64800
1783280277	672	54	9629f59774a3	1797600
1783280366	27309	54	f729338e2113	53400
1783280490	50938	54	3fde161ab028	74400
1783280828	74573	54	e11d73f66207	202800
1783282036	74716	54	79750d2488ff	724800
1783282101	4580	56	5575e70a2820	39000
1783285276	98377	54	a1361a6bc672	1905000
1783287575	98400	54	8be7d4ed65e0	1379400
1783287749	98401	54	f8ece64f315f	104400
1783287804	98425	54	e54c9daad148	33000
1783287860	98455	54	0d5436974a71	33600
1783287880	98490	54	3e45bb7f49bf	12000
1783287898	98490	54	86214dcbd448	10800
1783287921	98549	54	6410a1262db1	13800
1783287957	98550	54	3da7ca8a00cf	21600
1783288194	140545	54	c8c53a5cab0e	142200
1783288300	176461	54	739723f44018	63600
1783288691	176462	54	e56fa838792e	234600
1783290065	212371	54	cc8750d5cb69	824400
1783291687	212505	54	868224b9d138	973200
1783291709	212506	54	40d275e645eb	13200
1783291774	248430	54	14823f745682	39000
1783291874	284361	54	a29bbbe61e00	60000
1783292319	284639	54	2a2c36c2802e	267000
1783294694	284639	54	35c530170476	1425000
1783294808	284542	54	206908c8ee1a	68400
1783295277	17404276	66	f1fabc78a37e	281400
1783296990	2087	61	c7eafd3d5e83	1027800
1783296990	2087	62	c7eafd3d5e83	0
1783297067	2088	61	3bc276d1a08f	46200
1783297067	2088	62	3bc276d1a08f	0
1783324673	2118	61	4533cb7f2e33	16563600
1783324673	2118	62	4533cb7f2e33	0
1783327629	2	53	3ff49a180c26	1773600
1783331370	305889	54	04a4f5e8bc23	2244600
1783338991	121	53	b1969229e66e	4572600
1783339005	208	53	2a1390fd9520	8400
1783339042	314	53	3e9173f15353	22200
1783339089	406	53	d7dc30b988b0	28200
1783339140	475	53	d9067bb3a2a9	30600
1783339165	557	53	dd19df76c372	15000
1783339181	592	53	33a4afc46e96	9600
1783339208	669	53	e1981ca20da9	16200
1783339217	732	53	dfd1738da4e7	5400
1783339223	789	53	cbdf0983e94a	3600
1783339239	817	53	9350f77b147c	9600
1783339254	834	53	3b18169be8ce	9000
1783339273	878	53	8de6e8e228af	11400
1783339292	915	53	25c7fc36b5a3	11400
1783339310	940	53	e7a365f61570	10800
1783339354	1030	53	82c758980d2f	26400
1783339366	1095	53	7ee40915c21d	7200
1783339375	1153	53	f8aec51aec6d	5400
1783339411	1207	53	84095dcad721	21600
1783339450	1256	53	a41c2265212d	23400
1783339467	1285	53	92fe056c7294	10200
1783340995	4521	63	f4d7e3dff090	916800
1783341059	4522	63	b3aff4fff1c5	38400
1783341199	4614	63	55776d84e5a6	84000
1783346394	1325	53	e3b6ad9e013b	3117000
1783347097	1519	53	c83fd6c38992	421800
1783347188	1594	53	7648f57c5a50	54600
1783347821	17404304	66	9673c7a78f6a	379800
1783349136	17404342	66	13ca3125aa84	789000
1783367059	305983	54	072e8b29f3b4	10753800
1783367183	305984	54	7592178bb453	74400
1783367224	305996	54	f2894cadf152	24600
1783367238	344105	54	437eef61ccfb	8400
1783406072	2052	61	1e09464521ac	23300400
1783406072	2052	62	1e09464521ac	0
1783406336	2068	61	3af377f7ce06	158400
1783406336	2068	62	3af377f7ce06	0
1783406906	2108	61	a8ae433687b3	342000
1783406906	2108	62	a8ae433687b3	0
1783409096	4609	63	b8fe4b8b417c	1314000
1783459841	72	52	26a0b2e09332	30447000
1783459846	72	52	508442e2ebdd	3000
1783459849	72	52	4f32b7840ae1	1800
1783459853	72	52	372ffb3d7970	2400
1783459856	72	52	97fe49afe745	1800
1783459860	72	52	52de142a0135	2400
1783459868	72	52	a224951586ac	4800
1783459984	72	52	0fb3f75419bd	69600
1783460015	72	52	3369b6cf61be	18600
1783460064	72	52	0f304108a573	29400
1783460284	362	52	b9b70d8656b8	132000
1783469025	4609	63	36101d79bd6e	5244600
1783512222	17404413	66	01b97fe46df1	25918200
1783512358	17404467	66	95408ac79544	81600
1783512545	17404473	66	5f1565f54643	112200
1783513046	17404536	66	1b00508c042f	300600
1783513243	17404854	66	92e99de87cd6	118200
1783526200	17404901	66	5943c79ea9b1	7774200
1783526219	17404954	66	4c8c62eb42d9	11400
1783526248	17404966	66	f3a93ae5cf63	17400
1783542701	17404966	66	a822de40c5f4	9871800
1783543196	17404946	66	0792f67658e0	297000
1783713650	17405891	66	af04cc92c84b	102272400
1783714543	17405897	66	a86f99429f6f	535800
1783717128	17405897	66	5a63635bfc5b	1551000
1783717292	17405898	66	70d1ab394efd	98400
1783732626	4615	63	171df0e6bc39	9200400
1783732642	4615	63	f86dcb229b40	9600
1784536379	379994	54	6923816e47f0	482242200
1784897472	17405899	66	4af8f8a89893	216655800
1784897815	17405932	66	ae800b15cc10	205800
1784897899	17405933	66	5ec73f25e671	50400
1784898201	17405973	66	7592b167130b	181200
1784898699	17406168	66	dc8a584d029f	298800
1784899137	17406169	66	d3587aa2043d	262800
1784902868	17406170	66	74a823067149	2238600
1784903359	17406334	66	f300db7ff70f	294600
1784903469	17406347	66	43219e46b84d	66000
1784903945	17406349	66	ccd945b997e6	285600
1784904462	17406350	66	b7c0d1cebfc2	310200
1784906371	17406350	66	b5d8a88dc001	1145400
1784946943	17406362	66	1a33ae405e2d	24343200
1785079655	74	51	e4bd2d1264e1	79627200
1785080246	207	51	6899f666f0c7	354600
1785080299	323	51	1afbab6beafe	31800
1785080409	747	51	ea1ac627c7c7	66000
1785082576	735	51	847670c03dff	1300200
1785082624	620	51	43e9e3fe609e	28800
1785082764	551	51	e721a473e939	84000
1785082778	585	51	8136cf42437e	8400
1785082839	601	51	7b48a058005c	36600
1785082849	618	51	a2e81480eeb5	6000
1785082876	681	51	4ac18748ba48	16200
1785084779	642	51	88618d54661d	1141800
1785084797	670	51	671e45e6894d	10800
1785084907	377	51	7ca8882b746e	66000
1785084942	377	51	ee2992621602	21000
1785084975	400	51	b08a4c770303	19800
1785085002	464	51	5ba019669888	16200
1785085026	486	51	a380796faf04	14400
1785086705	496	51	65777ba63c44	1007400
1785086851	798	51	878cee536428	87600
1785086919	1093	51	ad746fc9a640	40800
1785086931	1111	51	10f1a6e97828	7200
1785086956	1204	51	7ec4acb0a7fd	15000
1785087030	1204	51	a86449e55719	44400
1785087800	1191	51	bd35f24ba7f4	462000
1785087879	854	51	0f8a729c541f	47400
1785090573	859	51	b94392661945	1616400
1785090653	865	51	e1c0df7af0cb	48000
1785091058	866	51	231a65fbd52b	243000
1785091159	890	51	1da2b7d7769f	60600
1785092035	909	51	a7d1438b6517	525600
1785092097	932	51	9ad556ddcfe2	37200
1785092119	933	51	34e02eb95b98	13200
1785092226	922	51	6e9137eb749b	64200
1785092263	922	51	d74bfcaeb3a2	22200
1785093009	937	51	0d94a3d19607	447600
1785093113	922	51	ac902f27397c	62400
1785093151	922	51	135178b6fac4	22800
1785093951	938	51	d1fa1deeaba6	480000
1785094158	945	51	1bc0d33715d9	124200
1785094841	956	51	9191dd53d612	409800
1785094854	957	51	c24cd8560ab3	7800
1785094872	986	51	d0452422ea24	10800
1785094938	988	51	e0210e6d0dfa	39600
1785094972	988	51	eed5ea3984d5	20400
1785097091	999	51	032c928c9f45	1271400
1785097113	1004	51	4a6a0f22a150	13200
1785097144	1055	51	b5ab0d6d3cab	18600
1785097214	1054	51	f2f800983361	42000
1785097263	1057	51	12b3cbde8bf2	29400
1785097575	1071	51	233c69c4f1a3	187200
1785097652	1075	51	eea5280c0644	46200
1785097672	1078	51	97a49505e7d2	12000
1785097748	1099	51	2451fcaed0b4	45600
1785102217	17406364	66	49b59bf728be	2681400
1785102504	17406363	66	7a6ea59c7e34	172200
1785102703	17406363	66	100c25ca7ab9	119400
1785103097	1121	51	239f09805069	236400
1785103950	1232	51	7acea8f138a1	511800
1785104146	1301	51	ff4c666a4e74	117600
1785104267	1301	51	52cc51b512c5	72600
1785104891	1232	51	dc77bf83ab1c	374400
1785104920	1121	51	5dd874ec4b17	17400
1785104964	1121	51	5903b4c2ef76	26400
1785106258	1235	51	e39a75abff2c	776400
1785106289	1293	51	fc3226532e30	18600
1785107366	1307	51	348ef44f5dd0	646200
1785107437	1319	51	9321a5840bda	42600
1785107601	1323	51	5d9eda3f3e02	98400
1785107736	1345	51	43aa0f60ab85	81000
1785108659	17406376	66	8fd15728bfa1	553800
1785108757	17406377	66	6cc0df260906	58800
1785109233	1366	51	57ea3e834968	285600
1785109373	1337	51	09fa18468133	84000
1785110151	1351	51	47745f764268	466800
1785110196	1470	51	314d00dadafa	27000
1785110271	1587	51	a2515cf433a3	45000
1785113077	1623	51	3d1a70fe9909	1683600
1785113122	1779	51	fa5246f171bb	27000
1785113152	1849	51	c15027646e80	18000
1785113183	1925	51	0b0c762aba32	18600
1785113242	2156	51	df82e98c4254	35400
1785113304	2208	51	06284d087899	37200
1785113409	2316	51	9b6057282d02	63000
1785144072	415923	54	e1ffb7ea27db	18397800
1785158967	2338	51	7d85079cfc8c	8937000
1785159000	2577	51	88a9afa82ce3	19800
1785159034	2654	51	e470a4ac35d2	20400
1785159090	2728	51	5d2c4fe1242e	33600
1785159179	2816	51	7999e9c1219b	53400
1785159231	2851	51	9d2f169b0124	31200
1785159314	2905	51	7a47f5d1bbcc	49800
1785159749	3267	51	13c2f14308ad	261000
1785160729	3445	51	8e30b379b742	588000
1785161235	3463	51	c3752aa2c6e9	303600
1785161277	3264	51	9c180a44106a	25200
1785161459	3463	51	2aef08bb6c02	109200
1785163017	3798	51	df4784714c9b	934800
1785163924	3821	51	8db9a03dafd6	544200
1785164007	4160	51	8e36f0e98f80	49800
1785164066	4439	51	c5cea4a23dc2	35400
1785164175	4892	51	55742f1504a0	65400
1785164220	4929	51	a0a4d9662011	27000
1785164297	5034	51	354b7257a9bd	46200
1785164455	4715	51	bace4cf97f06	94800
1785164741	4742	51	01598a0f5a17	171600
1785164773	4774	51	2bdb004879e1	19200
1785165463	5444	51	529085eaca73	414000
1785165582	5468	51	28f40770b29b	71400
1785165711	6197	51	1c03af4acbdd	77400
1785165836	6658	51	5ec2ee64cdce	75000
1785165975	7258	51	a62ba9b1dff0	83400
1785166117	7389	51	98541f5649f0	85200
1785166163	7389	51	54ffed8d29d7	27600
1785166233	7491	51	59a0f9cbfc3a	42000
1785166329	7520	51	61dc79896a06	57600
1785166332	7834	51	23b95518aae0	1800
1785166488	8295	51	eb362a2a5010	93600
1785166523	8342	51	cc6edbcc5d05	21000
1785166535	8481	51	be24f63a5754	7200
1785166568	8536	51	0561b2579a7a	19800
1785166602	8550	51	6833608d4cc9	20400
1785166712	8639	51	2a2beefd4550	66000
1785166909	8669	51	17c8e534232c	118200
1785167041	8738	51	afea7a8eeea7	79200
1785167080	8847	51	2e44fc5b8149	23400
1785167126	9269	51	6972a609cc77	27600
1785167261	9885	51	09137176da49	81000
1785167404	10117	51	2cdf1b189708	85800
1785167672	10914	51	988d844ed8ae	160800
1785167807	10940	51	40c528c98edf	81000
1785168195	10967	51	f6aff45f0ef0	232800
1785168400	11069	51	9b10cbf04560	123000
1785168520	11138	51	169630defc08	72000
1785168666	11315	51	92983bb635e2	87600
1785168727	11415	51	2450695d4128	36600
1785168802	11419	51	fb711f9bd98a	45000
1785168888	11465	51	00e0d36f5994	51600
1785168995	11535	51	b1e2196e8d9d	64200
1785169540	11553	51	c88503d00de2	327000
1785169602	11769	51	9041879dd8b7	37200
1785169773	12645	51	246f4a57e42c	102600
1785169851	12645	51	2a6436b6ec42	46800
1785169935	12645	51	f51690d2485a	50400
1785170037	12645	51	aa9bc528c729	61200
1785170200	11746	51	9655224a3c5e	97800
1785170302	11761	51	baa2b6b959a3	61200
1785170345	11824	51	46dffc34aca0	25800
1785181514	11841	51	f5126d556b39	6701400
1785181678	12048	51	3aca6f5eddce	98400
1785182565	11713	51	d12948b5f3e9	532200
1785182946	17406378	66	5ec4a1196063	228600
1785195255	11729	51	9e6df0d94e85	7385400
1785195354	12061	51	eaa02192bb2e	59400
1785195374	12097	51	aaca73de4965	12000
1785195451	12428	51	d46e0f6ef427	46200
1785195485	12476	51	965786da758d	20400
1785198165	12489	51	faf8da8aa45a	1608000
1785198222	12770	51	28ee9e809784	34200
1785198241	12841	51	9acd624e26b3	11400
1785198278	13164	51	36d1c9b56a35	22200
1785198394	13745	51	755aa14a6165	69600
1785198441	13920	51	fadaa473a8e4	28200
1785198498	14078	51	b436b8cec779	34200
1785198516	14150	51	5fa2ea5e6907	10800
1785198581	14185	51	280440409c99	39000
1785224488	14201	51	ba6b4f6587c9	15544200
1785224541	14372	51	8a3cb0812418	31800
1785224561	14489	51	1dd70a3e8fae	12000
1785224581	14589	51	95db17ebfa19	12000
1785224601	14631	51	03e97c847be2	12000
1785225058	14640	51	b1f0d3e22aae	274200
1785225078	14699	51	0b2dba4ac377	12000
1785225135	14749	51	72c89247485e	34200
1785225569	14971	51	0102fbd34bd9	260400
1785226213	14841	51	c4c5c652830a	386400
1785226418	14968	51	bd4d44513695	123000
1785227134	15131	51	96681cbbee22	429600
1785227424	14769	51	1ef1b84f83bb	174000
1785227460	15151	51	254be20f6c86	21600
1785227551	17406390	66	28d590ad8dcc	54600
1785227654	17406391	66	c3092dc5d4ce	61800
1785229429	15166	51	589bee2e9d68	1065000
1785229515	15427	51	700105d1c43c	51600
1785229560	15515	51	310a0b7cfc08	27000
1785229583	15552	51	c3d2364db1ad	13800
1785229605	15588	51	6a4c7ea1e164	13200
1785229661	15562	51	6f9493f62696	33600
1785229708	15138	51	1205672b03de	28200
1785229727	15155	51	c77228ed2abb	11400
1785230058	15160	51	6e923ac3ae34	198600
1785230110	15234	51	6fb74f84505f	31200
1785230227	15563	51	beff5eb67afd	70200
1785230240	15571	51	e12cbda1d135	7800
1785237159	15583	51	8df8c7c7ee84	4151400
1785237174	15546	51	b4204ec986a3	9000
1785237184	15483	51	4cea2404ac2a	6000
1785284707	15600	51	26e4416a28fb	28513800
1785284746	15701	51	010f189c2d90	23400
1785284800	15835	51	8274a490f92c	32400
1785286242	15897	51	e46ee7e5ce97	865200
1785286272	16049	51	cf265fb3b2fa	18000
1785286295	16122	51	4c6dca3e23d4	13800
1785286304	16130	51	e86c44abde0f	5400
1785286342	16146	51	1e16150fbab8	22800
1785286676	16287	51	46634c07855e	200400
1785288337	16382	51	bf265225a2eb	996600
1785288367	16485	51	bf87c6fa8b0c	18000
1785288397	16618	51	919f91fcfc13	18000
1785288422	16703	51	333b180e6e2e	15000
1785288438	16742	51	0361e85e3f01	9600
1785288763	16786	51	8ab6f8d514e0	195000
1785288799	16786	51	42fdd2896a40	21600
1785288860	16897	51	6d86e55b8852	36600
1785288882	16961	51	53ff86ecb9b0	13200
1785289757	17406396	66	df7528658983	525000
1785290702	17098	51	c1681aebd74b	567000
1785290721	17149	51	1678c0104ee7	11400
1785290803	17173	51	4a7c6bc340cb	49200
1785310318	16830	51	0e2cff82016b	11709000
1785310339	16845	51	867ae32387a8	12600
1785310478	16841	51	fe1b7cc88374	83400
1785310989	17406232	66	cce735b318ea	306600
1785311508	17406232	66	1c50905ba2cf	311400
1785311916	17406232	66	82fb69e92859	244800
1785325290	147	50	c7ccf2ffd3b3	8024400
1785325332	413	50	9263635bd8bb	25200
1785325341	418	50	c15a8bc8c974	5400
1785325350	439	50	cf22d7be33c1	5400
1785325363	470	50	2071c620fde7	7800
1785326505	573	50	0939e3c735f4	685200
1785326569	17406238	66	d96660dd7e2e	38400
1785326601	12971	57	451962e6c8d1	19200
1785326615	12804	57	eb927be453db	8400
1785328450	17575	51	0cb2fab8e125	1101000
1785335956	17406237	66	c0965dfdebf7	4503600
1785349720	17679	51	58759fb7b2b9	8258400
1785349741	12830	57	5196300aed30	12600
1785350260	17792	51	d134ef032c54	311400
1785351053	18073	51	2319103cab96	475800
1785351119	18201	51	b2772989f577	39600
1785351172	18430	51	6c1335ad4811	31800
1785357744	18650	51	d3d18501d95a	3943200
1785363201	18941	51	a7c20cf65a01	3274200
1785368890	69	49	db1925a6b27a	3413400
1785368960	322	49	073d76c913be	42000
1785369037	762	49	dd4447c5d899	46200
1785369099	1125	49	778bad651dc9	37200
1785369149	1306	49	c33ca0c31929	30000
1785369299	2423	49	457221ab6fa6	90000
1785369720	2896	49	06199787f97a	252600
1785369834	3402	49	a281e5ff4a80	68400
1785369953	4062	49	c29a1f0b3274	71400
1785370342	4663	49	8ccfbc6c5a87	233400
1785370471	5082	49	a230ded39559	77400
1785370529	5341	49	3eca800a6b85	34800
1785370609	5623	49	f796fc348de7	48000
1785370679	5984	49	7a4c10f1d298	42000
1785371200	6785	49	fd29113e9c16	312600
1785372915	6865	49	0faedb540f37	1029000
1785372916	7631	49	8a7e1d22ebd7	600
1785372987	6865	49	4275440e941c	42600
1785373227	6817	49	87e62c4d1040	144000
1785373350	6792	49	10ebd7b94a8e	73800
1785374870	19126	51	bf85d8f828e0	912000
1785374916	19713	51	1e290fd312f5	27600
1785374942	19990	51	abb47bd2cc7b	15600
1785374969	20125	51	6654b60616ec	16200
1785374993	20161	51	966171a475ce	14400
1785375210	20201	51	2e14b87db26c	130200
1785375966	20651	51	6aea91085b8f	453600
1785375993	20993	51	86c8142db62e	16200
1785376018	21210	51	99dbe6d599d8	15000
1785376033	21236	51	2ed2bf7de47d	9000
1785376054	21344	51	54cee449a93c	12600
1785376069	21405	51	10fe472c7d4d	9000
1785376207	21573	51	b0de8d9b9e4c	82800
1785376224	21599	51	3abf9a2a76ea	10200
1785376250	22038	51	b3f5c0ca62b1	15600
1785376326	22043	51	b0f2b8c100a2	45600
1785376354	21903	51	fd55598bd66a	16800
1785376414	22020	51	2134066634b7	36000
1785376426	22041	51	afa54a057e0a	7200
1785378618	22222	51	7bb4da22db7f	1315200
1785378642	22382	51	1ef507a93725	14400
1785378650	22382	51	02994dfd4ef6	4800
1785378679	22771	51	bb53defd4e12	17400
1785378691	22790	51	69a49ff165bb	7200
1785378704	22849	51	4f4ece621f92	7800
1785378714	22849	51	35e20cca1d4c	6000
1785378731	23124	51	0b71fbaf68cc	10200
1785378756	23162	51	cb64fedb66e6	15000
1785378772	23167	51	88de44a899d8	9600
1785378783	23288	51	6dc0b64e9b38	6600
1785378869	23314	51	74bb7ba120ca	51600
1785378900	23314	51	f28f30d2fd37	18600
1785378948	23457	51	81ce00db1b34	28800
1785378971	23472	51	074c5743f82b	13800
1785403464	23871	51	28c746c86610	14695800
1785403488	23871	51	f4b908113d2c	14400
1785403494	23895	51	724c5bbcae98	3600
1785403519	23895	51	06661edbca85	15000
1785403528	24085	51	80057fe4bdfb	5400
1785403563	24085	51	8ddc8f340e3f	21000
1785403614	24228	51	b8a6d8c86962	30600
1785403637	24235	51	be4a80233603	13800
1785405448	24380	51	bd7fb7cb6bd7	1086600
1785405473	24507	51	0c4075ac67b1	15000
1785405496	24549	51	91c81d4a4ec4	13800
1785406193	24549	51	2136014adfbc	418200
1785406221	24549	51	18639c8ed37c	16800
1785406226	24462	51	40b008f82dba	3000
1785406246	24468	51	ee540ff951b4	12000
1785406258	24468	51	6a13236a72a3	7200
1785406263	24504	51	acb66f3fae11	3000
1785406588	24609	51	dd7b79ffca5b	195000
1785406605	24676	51	45349ebe8f7e	10200
1785406621	24684	51	868379e4c7da	9600
1785406636	24727	51	ea5471fc2d82	9000
1785406649	24728	51	8cfd32f51d64	7800
1785406660	24838	51	fa1a63aedb49	6600
1785406680	24935	51	993a81d3f195	12000
1785406688	24935	51	7e24891aa785	4800
1785406704	24944	51	53f21325e0ca	9600
1785406719	24993	51	0989c5e9f4db	9000
1785406750	24993	51	3b5dc0c9cace	18600
1785409766	25144	51	649b9795e031	1809600
1785409792	25239	51	ac93e8830ec0	15600
1785409794	25239	51	f8520d83b535	1200
1785409817	25252	51	4d5aa9bf3bf2	13800
1785409828	25281	51	3906d35e6955	6600
1785409847	25281	51	31061ea37333	11400
1785409852	25417	51	6733c3a138b8	3000
1785409866	25477	51	c928f4214fdb	8400
1785409888	25477	51	e30878d99d84	13200
1785409905	25489	51	fe4ded583efe	10200
1785409919	25518	51	51d2175bc219	8400
1785409949	25518	51	76a5e42cfea0	18000
1785411550	25573	51	8a5407853257	960600
1785411598	25698	51	99b2abb5f01a	28800
1785411626	25842	51	06732ce34955	16800
1785411655	26005	51	cfa89b226b84	17400
1785411680	26005	51	7ea0f07d468d	15000
1785411685	26155	51	b2888f6905f2	3000
1785411718	26155	51	c6e4bbb27eb0	19800
1785411751	26186	51	8042af733377	19800
1785411771	26258	51	5144a25ef84d	12000
1785411781	26258	51	0d2ac903163b	6000
1785417497	26528	51	99961b5b7de4	3429600
1785417521	26608	51	10d92388a621	14400
1785417526	26608	51	c23e587dd322	3000
1785417557	26774	51	43b418ab0dac	18600
1785417588	26774	51	46a9573398ac	18600
1785417591	26954	51	edb7517e5cd7	1800
1785417617	26954	51	4e8544c53c52	15600
1785417627	26986	51	591a9847fa3d	6000
1785417655	26986	51	bc09eda503b2	16800
1785417657	27152	51	45c57f415c47	1200
1785417661	27172	51	b79f7bffd6ef	2400
1785417689	27172	51	7a4b432c3b0c	16800
1785417699	27407	51	439f3d51af47	6000
1785417705	27511	51	e4ff6d87c609	3600
1785417745	27511	51	2c8160f6ca25	24000
1785417751	27759	51	128afb4e3221	3600
1785417773	27772	51	c63dc0c592bb	13200
1785417816	27792	51	f3fd2b7974ca	25800
1785417846	27963	51	b23a386c4230	18000
1785417866	28081	51	aa624f7bedea	12000
1785417918	28325	51	811c3d65ce2b	31200
1785417948	28325	51	a23bba031dd9	18000
1785418660	28325	51	8a5f84677104	427200
1785418691	28141	51	206429eae082	18600
1785418783	28392	51	84550887be53	55200
1785419777	28410	51	d7748f4d97c8	596400
1785419794	28460	51	ae2d1a81d5b1	10200
1785419819	28460	51	1004b8ca5223	15000
1785420830	28628	51	bd811683c296	606600
1785420856	28628	51	23482eaba594	15600
1785420907	28593	51	d3cc8416dc0d	30600
1785420934	28593	51	5bc42e0cae70	16200
1785420942	28601	51	640b7391a8ef	4800
1785420956	28622	51	67fb5a2e72dd	8400
1785420967	28622	51	8952627142b9	6600
1785421450	28794	51	c62fe18a152b	289800
1785421692	28979	51	ca258c046351	145200
1785421746	29101	51	e0f3a8669cea	32400
1785422012	29189	51	7aa9f4d4b744	159600
1785422971	29272	51	14ece89b1857	575400
1785423178	29459	51	5e834cf3aa67	124200
1785423206	29520	51	f12053b4848d	16800
1785423241	29608	51	45c75d060f46	21000
1785423260	29677	51	4246046f60bc	11400
1785423271	29677	51	de2c50765a1c	6600
1785423302	29681	51	3b4d6369a50a	18600
1785423333	29681	51	db2b8f6ac1fa	18600
1785423372	29682	51	67be1d2eca3b	23400
1785423399	29621	51	66ffca9c486e	16200
1785458140	29669	51	a2cc5954e7a2	20844600
1785458159	29706	51	398c14ea1331	11400
1785459240	29837	51	ac83038a95b2	648600
1785459267	29837	51	cfa63ae3650f	16200
1785459268	29929	51	94020c1dd2aa	600
1785459292	29929	51	c42f234d97c0	14400
1785459296	29976	51	19228b423f9a	2400
1785461581	30027	51	3625d6b96e84	1371000
1785462904	30025	51	89eb171140a7	793800
1785463771	30216	51	d6cee687441d	520200
1785463803	30216	51	f8936048bf15	19200
1785465634	30301	51	dfcd98a2fc31	1098600
1785465654	30275	51	fe02c4fac55e	12000
1785465678	30317	51	b44f6c1f3446	14400
1785466654	30327	51	c0c0631d96cc	585600
1785466671	30327	51	a22bdf9c7944	10200
1785466888	30422	51	1ea9e723d736	130200
1785468710	30605	51	40f92eff0a30	1093200
1785490611	30770	51	724f6925c542	13140600
1785490958	30856	51	3a7498922110	208200
1785493680	31025	51	14514e094762	1633200
1785493738	31318	51	6008ad7f575e	34800
1785493763	31429	51	f26ffef450be	15000
1785493787	31434	51	8962598212c7	14400
1785502503	31617	51	6fe5cbaf0083	5229600
1785507981	31826	51	661ec25c6a68	3286800
1785510769	32175	51	cf1e4ce8c1d7	1672800
1785510927	32703	51	c2d457a24790	94800
1785511191	33054	51	b6bbfd0737ff	158400
1785511437	33193	51	84bca8f69564	147600
1785511627	33423	51	0183bdb26a0c	114000
1785511701	33741	51	ce5e0cad3f5b	44400
1785512444	34008	51	b8b88f56531e	445800
1785512765	34229	51	3e603c028475	192600
1785513304	34430	51	9e5e6a2f0f60	323400
1785513351	34567	51	0db3a85f312d	28200
1785513388	34695	51	af7b61b062d8	22200
1785513427	34838	51	da47e83f5c61	23400
1785513470	35004	51	ea08e4b0d316	25800
1785513513	35187	51	10327111f974	25800
1785513578	35361	51	8d4b207b41c1	39000
1785513601	34833	51	2252a701b9bc	13800
1785513616	34482	51	12f3ccf6e26c	9000
1785513631	34343	51	00ea48883065	9000
1785513649	34113	51	797b62961a93	10800
1785513662	33795	51	b48b657aa7ed	7800
1785513676	33528	51	9864a408a367	8400
1785513690	33307	51	2db72bf9130a	8400
1785518636	33315	51	b3841a6ca72b	2967600
1785518727	34278	51	8bb29f46df6a	54600
1785518988	34647	51	e23cd09c8df5	156600
1785519059	35456	51	490eb142314c	42600
1785519112	36096	51	7f2b0f5eee80	31800
1785519182	36563	51	8c35ee5aeb2f	42000
1785519211	36821	51	037626c5fbc8	17400
1785519316	37140	51	c5e16c2264ba	63000
1785519409	33301	51	b5865eaea130	55800
1785519435	33297	51	5edaea6b01f1	15600
1785519456	37217	51	4af848c618f8	12600
1785519526	37203	51	30a9bc04b988	42000
1785519528	33505	51	86621b7bf2ae	1200
1785519558	33590	51	3300b8257028	18000
1785519585	33590	51	0f433c3fb119	16200
1785519603	33731	51	f96065951345	10800
1785519619	33810	51	8df6b53579d9	9600
1785519654	37246	51	ece5355fdfdd	21000
1785519655	33810	51	6f3fc560c1bd	600
1785519706	33861	51	41cc568873e7	30600
1785519730	33864	51	053c2a34e796	14400
1785519737	37203	51	7f843550533b	4200
1785519749	33879	51	3457fc6b84dd	7200
1785519771	37234	51	e3eed395d142	13200
1785519790	33879	51	e4445607e170	11400
1785519904	37028	51	e6ad3cd47a93	68400
1785519934	37236	51	66c748bf1d9d	18000
1785519954	37377	51	9684caee6172	12000
1785520010	37389	51	50479a4c03e1	33600
1785520145	37390	51	e87e723fd727	81000
1785520155	37575	51	b188184fa06a	6000
1785520161	37441	51	227c4eceb32b	3600
1785520193	37587	51	2f9c19ec43d1	19200
1785520318	37439	51	975dc88da62f	75000
1785520321	37594	51	99b04821bfd0	1800
1785520389	37482	51	6c039165b691	40800
1785520448	37594	51	2acd4b04d5b5	35400
1785520488	37594	51	1260cc6489f7	24000
1785520590	37625	51	f4866c22175e	61200
1785520924	37626	51	95268f10ef77	200400
1785520956	37648	51	1939338cf337	19200
1785520999	37983	51	072764e37e40	25800
1785521076	37984	51	e08f9efd94e9	46200
1785521090	38037	51	3e55b76988d3	8400
1785521129	38016	51	0664049a7ee0	23400
1785521185	38049	51	342134dd9236	33600
1785521372	38049	51	4646d279b67d	112200
1785521415	38049	51	0ff52fed69e1	25800
1785522436	38118	51	f371c7a8d7c1	612600
1785522484	38250	51	d1abc02d5fea	28800
1785522534	38420	51	85438a9ff26b	30000
1785522587	38583	51	9e593c548b29	31800
1785522639	38777	51	a36406663387	31200
1785522967	38777	51	36e4e538543d	196800
1785523017	38777	51	3db95ec30f37	30000
1785523076	38794	51	ed6019de7eed	35400
1785523113	38832	51	9884d613d768	22200
1785523181	38846	51	049a9e613930	40800
1785526291	38846	51	0f95a63dd37a	1866000
1785526336	38847	51	250962c3e5ec	27000
1785528070	39074	51	1f9f1ae28892	1040400
1785528267	39309	51	ee1bcac62a73	118200
1785528290	39338	51	26d858b1b795	13800
1785528309	39338	51	f8259566cb3b	11400
1785528390	39406	51	cc3f55c30df4	48600
1785528430	39467	51	f7dfa625631a	24000
1785528467	39526	51	4375b4e2e70d	22200
1785528502	39526	51	26bb0bc9ee1e	21000
1785528519	39495	51	a5d47491a342	10200
1785528616	39487	51	17e761bd191e	58200
1785528798	39445	51	b038cf8d6149	109200
1785528813	39228	51	b9e8be00d615	9000
1785528985	39353	51	db907e6bd44f	103200
1785529003	39373	51	f1f44498e4e2	10800
1785529018	39429	51	5904f0889b30	9000
1785529054	39593	51	d7be77396589	21600
1785529079	39620	51	1dee14db5d40	15000
1785529264	43730	51	60dd479645ec	111000
1785529328	43768	51	77694bcc8738	38400
1785529347	43478	51	7f9cfafd716d	11400
1785529355	43261	51	7ebda94b2af4	4800
1785529364	43213	51	79a54d3b4f67	5400
1785529374	43072	51	c9568c440ceb	6000
1785529386	41966	51	1806ecddbf97	7200
1785529396	41599	51	99f359cd7376	6000
1785529407	40793	51	ae815c237c05	6600
1785529415	40155	51	7b9de6dec56a	4800
1785529423	39685	51	f5d8d3b3a35c	4800
1785529455	39708	51	763482383bba	19200
1785529500	39720	51	72ceb6f95de2	27000
1785529689	39747	51	76d1f9064bdb	113400
1785529712	39748	51	b3ff3df794d4	13800
1785529778	39760	51	9aa3c637aff4	39600
1785529815	39775	51	06375bbcb08a	22200
1785529875	39893	51	4f3e2395acbf	36000
1785530045	40222	51	0734f353f64d	102000
1785530098	40311	51	7fd6fd345173	31800
1785530155	40322	51	65d6d6b254ef	34200
1785530222	40361	51	cf9a47c123dc	40200
1785530289	40557	51	090a78ca6eb6	40200
1785530538	40581	51	ce2b81d06f14	149400
1785530602	40661	51	57011530a666	38400
1785530714	40687	51	e5d3effb3602	67200
1785530749	40726	51	ab132f06225b	21000
1785530787	40734	51	5971c2bf9440	22800
1785530815	40791	51	fc03b3b35955	16800
1785530915	40821	51	babeff7537c6	60000
1785530976	40823	51	1e868674eef4	36600
1785531020	40828	51	aa46464030f4	26400
1785531082	40824	51	31fa1e1a7569	37200
1785531129	40826	51	c70580477c9e	28200
1785531223	40826	51	263f0a8c9859	56400
1785531264	40832	51	71ae3b4f6007	24600
1785531327	40859	51	ec40b4df840b	37800
1785531704	40868	51	573dde29c66d	226200
1785531851	40867	51	5e16ffe0acca	88200
1785531879	40934	51	a9852ff26e65	16800
1785532001	40993	51	b316e881e454	73200
1785532091	41052	51	2639f10012a5	54000
1785532144	41055	51	97ef7cc73e42	31800
1785532166	41076	51	acc8b6345391	13200
1785532185	41129	51	a5db531642dd	11400
1785532322	41182	51	7236e410fe77	82200
1785532367	41178	51	f952a427945d	27000
1785532388	41220	51	040ef66fee2a	12600
1785532524	41270	51	cc846d42cfce	81600
1785532573	41270	51	e4ca2b144557	29400
1785532593	41317	51	b06288db680f	12000
1785532618	41320	51	dd919f08159c	15000
1785532819	41415	51	7fe163a16f6d	120600
1785533313	41519	51	892c3a660548	296400
1785533370	41640	51	da9682bd4ee9	34200
1785533391	41773	51	78b25426b44b	12600
1785533430	41776	51	dbb02695e8c4	23400
1785533583	41875	51	d8104775a36a	91800
1785533905	41880	51	4de665e5b0fb	193200
1785533938	41886	51	1fae65e826cf	19800
1785533956	41933	51	426f48212ea7	10800
1785533990	41982	51	0e2dec8d9a49	20400
1785534016	41985	51	b2f567c3074d	15600
1785534173	42116	51	f10915932d75	94200
1785535468	42157	51	b8f11a71d8b6	777000
1785535509	42240	51	e8b7be027115	24600
1785535550	42243	51	374974a6a6fa	24600
1785535583	42244	51	4d05e2dd12f4	19800
1785535606	42243	51	1deaf6aee899	13800
1785535787	42362	51	c5dd652eb63c	108600
1785537564	42459	51	336492eeaa1f	1066200
1785537597	42569	51	a149b19d345d	19800
1785537634	42715	51	fabf246811f2	22200
1785537666	42854	51	0ce1839b1623	19200
1785537783	43074	51	f3ef1cc8e7a2	70200
1785538375	43236	51	754bf94f4d93	355200
1785542945	43820	51	543dc75f0cc2	2742000
1785543611	44246	51	04aa50d0d79d	399600
1785543752	44750	51	f0b12b689dc1	84600
1785543892	44753	51	20bff93d76fd	84000
1785543920	44756	51	ff54ad76c5f5	16800
1785543944	44807	51	17e49ad49063	14400
1785543996	44877	51	a239aae2de32	31200
1785544042	44880	51	9cf1680cded4	27600
1785544210	45160	51	d7170e80ded2	100800
1785544431	45257	51	98bbed2ea99c	132600
1785544458	45474	51	c9ca1932c3b7	16200
1785544537	45791	51	025ff1cbaed9	47400
1785544589	45875	51	8df596fa344a	31200
1785544625	45856	51	ede637ce4621	21600
1785544681	45897	51	0232b277b45a	33600
1785544710	45910	51	fb942f020045	17400
1785544741	45913	51	44ceb5fa7f28	18600
1785545091	45927	51	1566c9cdba0e	210000
1785545103	45944	51	8f5a9d7046d5	7200
1785545114	45961	51	777c82be3c60	6600
1785545129	45978	51	dcd37dd13e22	9000
1785545139	45995	51	e132d8febf47	6000
1785545153	46012	51	ae021da1643d	8400
1785545197	46192	51	acdcaf45cb8f	26400
1785545225	46276	51	68a50486f996	16800
1785545262	46285	51	71b160dffda5	22200
1785545295	46288	51	e706f86ec339	19800
1785545519	46521	51	0c5c3cf35564	134400
1785545590	46730	51	ecbb2b747d46	42600
1785545696	46731	51	aa7347265e80	63600
1785545790	46731	51	0bcaf6fccbef	56400
1785545843	46732	51	3ec755d58d31	31800
1785546017	46733	51	36f1ab756d7a	104400
1785546041	46736	51	028ed70f8c49	14400
1785546219	46733	51	79e8ffa84765	106800
1785546268	46733	51	448254515114	29400
1785546299	46733	51	7e0529fee4be	18600
1785546346	46821	51	0b305388b153	28200
1785546400	46824	51	5704d6e4c74d	32400
1785546739	47459	51	7144930d9e6c	203400
1785546769	47688	51	28683230b16c	18000
1785546801	47709	51	c01cc31bada4	19200
1785546849	47732	51	678fd336be44	28800
1785546867	47804	51	5442cfa8aa4a	10800
1785546921	47915	51	958edb039337	32400
1785547087	47915	51	0e6f1938f32d	99600
1785547117	47918	51	158cddbc985c	18000
1785547146	47918	51	4297c93db4a7	17400
1785547149	47918	51	9d8dca5f2c4a	1800
1785547340	48213	51	39bf99942a16	114600
1785547359	48223	51	26d3b0eb717a	11400
1785547373	48245	51	eb7512012141	8400
1785547379	48604	51	d0c377b53e5d	3600
1785547407	48607	51	ceac1b059ace	16800
1785547534	48819	51	b578ee3d2f28	76200
1785547580	49015	51	1c23579ea2fc	27600
1785547624	49017	51	d1b42b1f3c2a	26400
1785547653	49017	51	12de98ea86c7	17400
1785547713	49019	51	2f2a4d53407c	36000
1785547754	49019	51	fd81b6a09b22	24600
1785547786	49022	51	6adb922ca177	19200
1785548017	49340	51	d5affb61283b	138600
1785548048	49493	51	dbda80948657	18600
1785548083	49505	51	c5d392bb1ed0	21000
1785548498	49769	51	431f0033c75d	249000
1785548526	49937	51	29695abc26ad	16800
1785548560	49947	51	b9bf3ed6c6de	20400
1785548573	50007	51	3ffb3a6799cb	7800
1785548604	50010	51	7ac086a23046	18600
1785548763	50007	51	2d626334dda2	95400
1785548782	50013	51	5a5e4339ab35	11400
1785548911	50015	51	79dadffc00c2	77400
1785549836	50304	51	9e75ada75d5c	555000
1785549875	50495	51	25b0e038db68	23400
1785549981	50700	51	b16d3a7aad3a	63600
1785549996	50780	51	e9f348769f91	9000
1785550014	50783	51	481a110844be	10800
1785550185	50789	51	37a3669c4946	102600
1785550220	50877	51	0bdee52dcdcf	21000
1785550243	50936	51	60d8f139abb0	13800
1785550267	50943	51	d8bd737f7d2e	14400
1785550283	50946	51	c20857c55072	9600
1785550394	50962	51	133ef204d766	66600
1785550416	50965	51	3158f6991e04	13200
1785550558	50763	51	3ef4707b6410	85200
1785550596	50889	51	f02cb7a98ac2	22800
1785550608	50942	51	b5257e4b7d52	7200
1785550628	50943	51	b2cf79ee6d11	12000
1785550715	50942	51	d5e2b7997792	52200
1785550776	51141	51	068445930438	36600
1785550800	51141	51	830eb036dc48	14400
1785550816	51142	51	eb8cf1999485	9600
1785550923	51141	51	d0c17d50857d	64200
1785550968	51314	51	aea71619175d	27000
1785550991	51298	51	fbf953a9d4ef	13800
1785551005	51385	51	636c69ff0650	8400
1785551023	51386	51	a789b601d041	10800
1785551123	51385	51	536028d2ba18	60000
1785551162	51508	51	b738707679e2	23400
1785551172	51554	51	72dbfc3fa7b7	6000
1785551188	51555	51	b4f57c9a5f34	9600
1785551351	51554	51	0e59f4ad04f7	97800
1785551388	51623	51	3fbc00cec054	22200
1785551405	51624	51	4a22ebd6a8ec	10200
1785551493	51623	51	e755a309da55	52800
1785551521	51683	51	008ead32911a	16800
1785551546	51683	51	7eb6783fbe6d	15000
1785551562	51684	51	ae69b6804646	9600
1785551688	51708	51	5f5b16b49067	75600
1785551718	51709	51	4dc642627c7e	18000
1785551866	51710	51	d3a82c42bbe1	88800
1785551876	51709	51	05c2559be031	6000
1785551891	51711	51	270762f2f503	9000
1785551921	51712	51	657fa6ef1c8c	18000
1785552093	51711	51	e597afe46a54	103200
1785552304	51762	51	ecdc614d88b5	126600
1785552326	51826	51	7449fd4f2204	13200
1785552350	51836	51	50bd93efb46f	14400
1785552377	51842	51	db8cd4ca4a39	16200
1785552385	51845	51	fcaf04af8f1b	4800
1785552420	51846	51	557287f8018e	21000
1785552522	51845	51	9c74ff692d2a	61200
1785552557	51925	51	2d2edbda2c0e	21000
1785552577	51926	51	629dfece7191	12000
1785552688	51925	51	1bdc09a70b6e	66600
1785552720	51948	51	a0f3d75d1949	19200
1785552735	51999	51	aad134ffc55f	9000
1785552765	52000	51	82742c82a72f	18000
1785552896	51999	51	f12bef45b41e	78600
1785552932	52023	51	051c2d985653	21600
1785552959	52062	51	5ede7b500db2	16200
1785552979	52063	51	263d9aa1af16	12000
1785553120	52062	51	f90c486d576a	84600
1785553146	52149	51	b5b4616e6ee6	15600
1785553171	52152	51	b721a207207f	15000
1785553187	52208	51	165387ecacab	9600
1785553237	52208	51	a1c8b9eed22a	30000
1785553256	52209	51	db75c4b329e8	11400
1785553369	52226	51	ed9b489cef6d	67800
1785553392	52283	51	2ab1d8f5ee4b	13800
1785553419	52284	51	e709c350d33b	16200
1785553563	52210	51	7f5d0bc49873	86400
1785554216	52286	51	e457a2c1caec	391800
1785554329	52287	51	7c3d642c7ec2	67800
1785554501	52285	51	00651d68cbbd	103200
1785554604	52286	51	83696b3981cd	61800
1785555666	52287	51	da9da6d82609	637200
1785574693	52288	51	876be839fda6	11416200
1785574805	52287	51	a59d41c4f1d9	67200
1785575161	52697	51	ba868569d20e	213600
1785575217	53063	51	ab3cf7276c7f	33600
1785575269	53172	51	8821a0f2b54c	31200
1785575322	53173	51	d6ec9f685e14	31800
1785575498	53172	51	83808e9b69af	105600
1785575633	53228	51	8259ce8acc4b	81000
1785575647	53265	51	ed41a7b0c046	8400
1785575680	53266	51	75903ce8ebaa	19800
1785575766	53274	51	1e41d0a97009	51600
1785575858	53274	51	94e3b4dffba8	55200
1785575925	53369	51	74f6ff5d740c	40200
1785575957	53380	51	6d407b979317	19200
1785575987	53457	51	80b80f0c5afb	18000
1785576038	53458	51	f790c82b8e13	30600
1785576302	53457	51	9720ffd1e162	158400
1785576419	53581	51	af9f56189c58	70200
1785576457	53589	51	f1fc73967927	22800
1785576509	53690	51	4e910b76d96c	31200
1785576553	53691	51	5001e949a701	26400
1785576746	53690	51	32ef0f56468f	115800
1785576793	53691	51	6b58ed12bb58	28200
1785576938	53690	51	22395315dd2b	87000
1785577097	53855	51	e1ea5c86843a	95400
1785577142	53874	51	e681f0ea4905	27000
1785577167	53992	51	a367fb82d42b	15000
1785577194	53992	51	506629d1fa42	16200
1785577312	53993	51	7d1a9da7d69f	70800
1785577972	54257	51	02fa8a230e12	396000
1785578005	54382	51	3b7b05957965	19800
1785578053	54614	51	6bcca43107fd	28800
1785578077	54699	51	761f891f1c29	14400
1785578937	54705	51	45a12cd1f75c	516000
1785578953	54706	51	4102deb2faca	9600
1785579223	54706	51	9f0dc7f25f0f	162000
1785579244	54715	51	68e4abe83354	12600
1785579264	54731	51	2cccb66998c9	12000
1785579534	54731	51	d533dc34ba36	162000
1785579598	54731	51	56cbcc8bebc1	38400
1785579669	54734	51	588d851a7ee0	42600
1785579830	54731	51	fb58fd3dd4c8	96600
1785579844	54734	51	db4341bc0320	8400
1785580082	54751	51	63ca2a570de7	142800
1785580107	54757	51	a7d18c653129	15000
1785580134	54770	51	0af0befb2a7e	16200
1785580161	54786	51	d599349124bd	16200
1785580186	54800	51	2f6cbb0364ff	15000
1785580199	54815	51	6e687f629ce1	7800
1785580231	54847	51	900a17fae8b9	19200
1785580264	54851	51	24cdd2d9d3b8	19800
1785580316	54851	51	47211cb9e660	31200
1785580346	54924	51	76bacd4dcf08	18000
1785580391	55022	51	4da115dcf123	27000
1785580606	55030	51	0318b5543f4c	129000
1785580627	55057	51	ad839ab88aaf	12600
1785580918	55057	51	9c2477dbc986	174600
1785580968	55061	51	5e9d2380f685	30000
1785580982	55065	51	25f6c7895ca7	8400
1785583873	55148	51	333c6e3ce5b8	1734600
1785586725	55291	51	675f8181f20e	1711200
1785589420	55525	51	a2c7d5119e31	1617000
1785589670	55613	51	ca281bc2ac0a	150000
1785590174	6941	49	142402109c5f	302400
1785590191	6942	49	8c3de9f2388a	10200
1785591155	55734	51	1ca9094f60cf	578400
1785592012	55834	51	79aea187d01c	514200
1785592472	7098	49	3a0d3d33fc2d	276000
1785592493	7099	49	aec2b3d0004e	12600
1785594267	55975	51	eb1e2c7db5c8	1064400
1785595538	56149	51	74639dcea44a	762600
1785595719	56409	51	5353534865f8	108600
1785595762	56458	51	1ebd46fe873b	25800
1785595834	56488	51	37b00106d007	43200
1785597232	56523	51	49ac61d7e78b	838800
1785597371	56523	51	4d9569f97f70	83400
1785598010	56525	51	70ec8057e733	383400
1785598571	56528	51	3010050315a2	336600
1785598589	56535	51	02c95fef5c3f	10800
1785598794	56535	51	e4d5cb4dd185	123000
1785598829	56543	51	ecf176abcc94	21000
1785599347	56652	51	4d7c6b7d0c8e	310800
1785599370	56678	51	455e7c4459bd	13800
1785599439	56858	51	8c11597a3d0b	41400
1785599552	56858	51	8b94aea9ba25	67800
1785599651	56936	51	4c71b0a0ffb7	59400
1785600002	56957	51	04ad9f599f81	210600
1785600070	56982	51	3b142ca06b5b	40800
1785600138	56982	51	3eaf01e6c2f6	40800
1785600178	56982	51	4ccbf301b739	24000
1785600453	57115	51	c9ad6bd009f2	165000
1785600494	57119	51	a2e0249a9e70	24600
1785601012	57095	51	63bb92990aca	310800
1785601060	57117	51	e3b121517cd8	28800
1785601139	57119	51	cb6bf215e84f	47400
1785601175	57119	51	7a878d8930b7	21600
1785602134	57117	51	49b6ab769faa	575400
1785602174	57141	51	42e54f6ad8b9	24000
1785602215	57338	51	81859e2d3ecd	24600
1785602247	57346	51	f73519b04972	19200
1785602274	57347	51	2301464f0386	16200
1785602281	57348	51	98f32b9a8085	4200
1785602288	57349	51	074e1020729c	4200
1785602299	57350	51	7c3f603f49a7	6600
1785602579	57338	51	fa0e3768f5c4	168000
1785602906	57338	51	aaacfd8e4414	196200
1785602957	57362	51	dd0c609e4e71	30600
1785602983	57471	51	d02380348bb9	15600
1785603007	57478	51	e0857b76e263	14400
1785603213	57471	51	7ab62ad2fbe8	123600
1785618209	57605	51	b0f2e4e28b60	8997600
1785618217	57612	51	ff485c075152	4800
1785619030	57032	51	b43a9da36787	487800
1785619077	57054	51	9d0a3c467fbf	28200
1785619100	57055	51	e5762d6458d0	13800
1785619162	57494	51	61868652405c	37200
1785619196	57502	51	45b9f37a91ac	20400
1785619407	57494	51	ab87f9e1d1da	126600
1785630456	57496	51	9dc6cd53a624	6629400
1785630504	57496	51	60f8884121f2	28800
1785630698	57496	51	6dcb35bf94f6	116400
1785658550	57745	51	248fdf52cf3e	16711200
1785658569	57595	51	050ba778be2f	11400
1785658586	57749	51	292f780798c7	10200
1785658596	57595	51	94aa463cda91	6000
1785658607	57598	51	460143297f38	6600
1785658843	57598	51	e8fd79af8d6f	141600
1785659025	57595	51	0abe6c1aa6bd	109200
1785671813	674	48	a9a67bb65b75	7672800
1785672539	675	48	acba3bfa909f	435600
1785676448	688	48	feb8d35fc6d1	2345400
1785676466	57666	51	fdaf9578905c	10800
1785676473	58340	51	838280ff7780	4200
1785676474	58269	51	a57e16c8bebe	600
1785676505	691	48	ec405a19865f	18600
1785676640	58306	51	3828716c096a	81000
1785676652	58269	51	deef5545996d	7200
1785676958	824	48	c898ad377154	183600
1785677171	1084	48	feb8598980a5	127800
1785677335	1395	48	f5e29379b030	98400
1785677677	58319	51	6f32324ee47c	205200
1785677688	58381	51	06e45cf94d2c	6600
1785677719	58383	51	3df03958a76a	18600
1785677907	58383	51	744d85e22fc2	112800
1785678401	58474	51	9257b9bd1e56	296400
1785679918	58495	51	19ab9d5b24e0	910200
1785680046	58614	51	b46683b8f240	76800
1785680060	58671	51	c8a3992601a3	8400
1785681078	58495	51	db66e290b80e	610800
1785681994	59286	51	d3b4c497144c	549600
1785682755	1814	48	5a646d3d18f5	456600
1785684887	1849	48	2676d030c20d	1279200
1785684906	1922	48	ff7a2f5bdbd1	11400
1785684918	1961	48	d7fe725d090b	7200
1785684932	1987	48	f2fd8ebc7821	8400
1785684949	2016	48	d26e5f3797df	10200
1785686927	2240	48	373875d53c13	1186800
1785688411	2106	48	9cc0ada6a6b4	890400
1785688428	2173	48	80769c48fdd7	10200
1785688454	2205	48	4ca746184923	15600
1785693410	3316	48	69603ac8b3ed	2973600
1785699580	3707	48	ee27ebb1baae	3702000
1785699622	3742	48	d369b427d3b6	25200
1785700167	4064	48	8797e3c84434	327000
1785701305	4238	48	b845298ed6e7	682800
1785701415	4250	48	25e6da780256	66000
1785702551	4250	48	debb30e092a1	681600
1785706044	5710	48	f62e113029c1	2095800
1785706188	5887	48	aa84283d6fb4	86400
1785708974	6152	48	325fcf275d2d	1671600
1785709129	6183	48	f268c2ecd935	93000
1785709159	6286	48	c332d87a8ade	18000
1785709181	6296	48	8bbcf35d40ce	13200
1785709193	6297	48	2e7b80cab691	7200
1785709206	6307	48	fc0401158214	7800
1785709218	6327	48	334d8ef25ae1	7200
1785709228	6333	48	fef1488f071e	6000
1785709245	6333	48	1ed8395b59e3	10200
1785709275	6514	48	18383968aba4	18000
1785709313	6511	48	0723ed9290e5	22800
1785709393	6574	48	7c0ae97b2226	48000
1785709423	6754	48	b71993880329	18000
1785709432	6804	48	566b6673c314	5400
1785709445	6880	48	a1a6a2846909	7800
1785709691	6973	48	a3a0daea0780	147600
1785710011	7066	48	45ce731e493c	192000
1785710072	7069	48	e7d2b7adf501	36600
1785710548	7170	48	9e9c4d39c70f	285600
1785710567	7234	48	da58d63cbd62	11400
1785710592	7249	48	7e1570bbca22	15000
1785710612	7351	48	777e1d96b6bc	12000
1785710637	7352	48	2d0648955d45	15000
1785710656	7354	48	21df8861daae	11400
1785715389	7474	48	4ac3418b8e9d	2839800
1785733093	7826	48	b9222550b6c2	10622400
1785733577	7832	48	f353f97dc4b0	290400
1785736686	7832	48	4c18abecb920	1865400
1785741222	7893	48	5c1c8080300d	2721600
1785743849	7909	48	238bb8a31411	1576200
1785747149	7941	48	38f899bae269	1980000
1785747252	8027	48	3e5da635f3ba	61800
1785747367	451874	54	857f29ff6309	69000
1785747923	8105	48	b5dbbf9b9238	333600
1785752100	8187	48	2ef18d6e02b5	2506200
1785755304	8396	48	b2ba76d9b49d	1922400
1785758950	8422	48	4d636e07012f	2187600
1785762635	8424	48	40cf3f7aaa8c	2211000
1785766158	8499	48	a17eb13608a9	2113800
1785769636	8517	48	dce39f948767	2086800
1785773156	8517	48	48f9693aee8d	2112000
1785776632	8566	48	bcc603cc9d1c	2085600
1785783926	8678	48	36811315cedf	4376400
1785787456	8684	48	288270459b33	2118000
1785790723	17406289	66	a96883d66032	1960200
1785790779	17406291	66	7b9b0941ab0c	33600
1785791092	17406290	66	ec03184c8310	187800
1785791337	8849	48	ae145505bf3f	147000
1785792590	9168	48	a083d4bd6e2f	751800
1785792929	9168	48	db751da384c4	203400
1785794673	9187	48	913253216d23	1046400
1785798522	9233	48	f870883dfdfc	2309400
1785801881	9251	48	dd19fcf8225f	2015400
1785805487	9267	48	060391f3e601	2163600
1785808861	9283	48	334b379c7e0a	2024400
1785812608	17406289	66	d1616318ddff	2248200
1785830640	17406296	66	5d57cf49ed71	10819200
1785833205	9543	48	3711c7f4ca2a	1539000
1785833657	9780	48	1337219a1741	271200
1785834507	9788	48	1999d8059199	510000
1785834952	9806	48	104fdc5a2718	267000
1785835083	9835	48	266d3a20bf23	78600
1785838662	9926	48	770f0281af5d	2147400
1785841616	9927	48	d97e437b05dc	1772400
1785845018	9835	48	bc7178891c68	2041200
1785849241	9855	48	e95c25d51ff7	2533800
1785852195	9835	48	6ce82252884b	1772400
1785856087	10091	48	45fa0113c7d0	2335200
1785860162	10037	48	4378548768f8	2445000
1785863626	10322	48	c5c2012f76e2	2078400
1785866445	10327	48	7c3bd0d45346	1691400
1785870394	10460	48	b0998ba733f4	2369400
1785873823	10460	48	89a4de7a0027	2057400
1785875349	10469	48	9d39db6485de	915600
1785877647	10928	48	4df0f0aba855	1378800
1785881102	10931	48	fdea8556ab43	2073000
1785884939	10950	48	bd0d77cd8925	2302200
1785888574	10961	48	03736d216ac7	2181000
1785892276	11374	48	a0249e3f42ad	2221200
1785896228	11702	48	8111a204da33	2371200
1785899267	11678	48	009b65ebd0a6	1823400
1785902643	11686	48	42a18f02edb4	2025600
1785906227	11714	48	7b116831ceca	2150400
1785910230	11738	48	5c7d5e9cce0f	2401800
1785913826	11784	48	90dec575a050	2157600
1785917266	11978	48	cf7a10ef99b9	2064000
1785920481	11978	48	a528c165b7b8	1929000
1785924247	11979	48	6a9eb36dd3a2	2259600
1785927938	11979	48	0bfbf277e94b	2214600
1785931221	12075	48	89731abb7a67	1969800
1785931984	11808	48	d2f172fea0c0	457800
1785932014	11809	48	7091d11383b2	18000
1785932087	11865	48	10e444e1236d	43800
1785934927	12308	48	e43fa00c4d4c	1704000
1785935615	12921	48	072814371892	412800
1785938798	13198	48	0bb06c7ad3a2	1909800
1785942202	13517	48	71e06346292b	2042400
1785944865	14051	48	63d7f859d3c7	1597800
1785945872	14058	48	068875f94aa0	604200
1785949483	14058	48	ed636e33e225	2166600
1785952912	14059	48	58eb802fd38f	2057400
1785956516	14087	48	06c763531b70	2162400
1785971363	14231	48	e9bddd67bf82	8908200
1786261641	2	47	f90b038c9309	174166800
1786345389	487848	54	cd58a80dff35	50248800
1786574560	12927	57	b1e193a1c5a9	137502600
1786574644	13236	57	56cee9a7336b	50400
1786948021	523856	54	436a851dcba9	224026200
1787357282	17406364	66	06c276804051	245556600
1787357311	17406365	66	d047579fd0a6	17400
1787357337	17406275	66	475883b06e2f	15600
1787357352	17406275	66	48ad60b3678e	9000
1787357950	17406236	66	dc6421117f55	358800
1787357980	17406236	66	71955181004f	18000
1787357988	17406236	66	6043fbf02c03	4800
1787358406	17406241	66	9a69e403977d	250800
1787358446	17406241	66	0fd6dd458f00	24000
1787359074	17406274	66	5068478853f9	376800
1787359105	17406275	66	c2f67100fa51	18600
1787359115	17406275	66	14dd0cb56dd9	6000
1787361218	17406367	66	25ee16fa872e	1261800
1787361228	17406405	66	d1f0ec80335d	6000
1787361238	17406459	66	9a1b1ed18f77	6000
1787361271	17406497	66	75d02fb8c8d7	19800
1787361333	17406498	66	c9f969c7c219	37200
1787361351	17406498	66	796cd3876957	10800
1787361860	17406673	66	76e50e0b7e6d	305400
1787361868	17406710	66	25e1e9c35ff4	4800
1787361876	17406764	66	1900366ab822	4800
1787361917	17406812	66	2f21848bae16	24600
1787361976	17406813	66	ccfb49301f4a	35400
1787361990	17406819	66	651d15756b83	8400
1787362003	17406819	66	0647e3add354	7800
1787362787	17406822	66	a5288e5bd0f8	470400
1787362801	17406831	66	7651367cb2f3	8400
1787362819	17406831	66	278a30874177	10800
1787364554	17406868	66	36359455d88c	1041000
1787364570	17406868	66	2881e8d00b3f	9600
1787364773	17406829	66	d11340b851f1	121800
1787364790	17406829	66	a732f9d6bd39	10200
1787366619	17413837	66	9ffedf83b6da	1097400
1787366780	17413916	66	b7cec80e3494	96600
1787366801	17413971	66	1975c00619a2	12600
1787366829	17413971	66	de69ffe91633	16800
1787366862	17413971	66	e6271d6d2ac5	19800
1787367232	17413972	66	f1328157cdf1	222000
1787367246	17413971	66	9a76fdc78015	8400
1787367345	17413956	66	5dd645bd4da9	59400
1787367363	17413956	66	cfabdbbbd215	10800
1787367452	17413957	66	50a3f8d3de2c	53400
1787370074	17413907	66	b601475250c2	1573200
1787370084	17413879	66	389d69917117	6000
1787371426	17413915	66	84a70890e281	805200
1787371438	17413962	66	2691b7dc7161	7200
1787371465	17413979	66	1df6cb6cda41	16200
1787372574	17413983	66	e65c4e7a28c3	665400
1787377658	17422056	66	f3a2cf3487b8	3050400
1787393822	17422174	66	a96616797e0b	9698400
1787393871	17422638	66	df6484ab4c21	29400
1787393904	17422766	66	16db2bdfb882	19800
1787393956	17422767	66	6741a0380760	31200
1787394007	17423061	66	9394a8f9e429	30600
1787394033	17423137	66	93241519f2fc	15600
1787394097	17423163	66	418347de70ca	38400
1787394115	17423168	66	3ac5baddd9b2	10800
1787394134	17423172	66	a508e29feceb	11400
1787394194	17423172	66	a83a0644c716	36000
1787394963	17423202	66	db12d33aba98	461400
1787394978	17423202	66	852538be9b4f	9000
1787395690	17423206	66	6f4634b7596b	427200
1787395713	17423206	66	e75f8c8a5127	13800
1787396149	17423208	66	4828bec7dff1	261600
1787396174	17423208	66	fb5cd8fbff26	15000
1787397705	17423612	66	e1190a654fb0	918600
1787397760	17423758	66	3e2f55377fda	33000
1787397789	17423981	66	06f29a4618fc	17400
1787397915	17424005	66	f7ed16292c60	75600
1787398041	17424005	66	4b6581455b72	75600
1787398389	17424126	66	f27c993d4239	208800
1787398471	17424250	66	f5815fc4e376	49200
1787398523	17424439	66	ad6f190b43b3	31200
1787398596	17424563	66	8983d2b9e833	43800
1787398650	17424785	66	d35e34568417	32400
1787398705	17425114	66	71e73a577af0	33000
1787398731	17425124	66	dbc73d011282	15600
1787398777	17425139	66	f11a920d77cd	27600
1787398788	17425140	66	7da71b7da661	6600
1787398800	17425150	66	de4f359bd096	7200
1787398839	17425186	66	f4d0d29d2ae7	23400
1787398866	17425188	66	e4575f93dfe2	16200
1787398878	17425211	66	9f7f680018ab	7200
1787398886	17425212	66	0e8376124f87	4800
1787398896	17425211	66	c7d5f6f09883	6000
1787398909	17425234	66	f6f880c77db5	7800
1787398916	17425235	66	1c68f1c21e3f	4200
1787398944	17425235	66	06669d3ee05d	16800
1787400894	17425288	66	619f9c8154ae	1170000
1787401056	17425289	66	0e6b1425f34d	97200
1787401180	17425288	66	0e0fbbf16fce	74400
1787410680	17425647	66	595371415c12	5700000
1787410826	18024693	66	8b7293a3e635	87600
1787411050	18024699	66	1cfe12ce8ceb	134400
1787411172	18024519	66	89a0a2401cbb	73200
1787429837	18025201	66	c7ddd13b784f	11199000
1787429926	18026733	66	49355301d366	53400
1787430086	18026733	66	cdc7f6d0f4c5	96000
1787430167	18026359	66	a9e0c12d0928	48600
1787430276	18026361	66	88f0002b9c03	65400
1787430362	18026362	66	6b973929b658	51600
1787431036	18026389	66	a1c3bb97ee8d	404400
1787431137	18026497	66	2d2e6f71bc4d	60600
1787431213	18026499	66	7ee4ba5eba50	45600
1787431296	18026681	66	ce690b69b01e	49800
1787431430	18026683	66	9d3568717825	80400
1787431527	18026786	66	34c995fbb63b	58200
1787435517	18026954	66	dbd066122611	2394000
1787435764	18027022	66	d9c0a9addc4f	148200
1787435773	18027023	66	68af38033a4a	5400
1787435987	18027029	66	d88c293634e9	128400
1787436745	18027137	66	26a6c65d4d96	454800
1787437154	18027315	66	f3a38d7517ae	245400
1787438515	18030463	66	9967b6a9a2fd	816600
1787438881	18030473	66	52164f6e39d4	219600
1787442249	18030605	66	458ec52e17de	2020800
1787442476	18030605	66	3e9c023addbd	136200
1787444667	18630765	66	829ceafe2ce4	1314600
1787446963	18631280	66	5dee33902b56	1377600
1787464216	18631280	66	d3ba2a1a0fb5	10351800
1787464334	18631283	66	d8aa08f75a3e	70800
1787473191	18631322	66	3bcb12520fb8	5314200
1787473901	18631512	66	096f902e517d	426000
1787474023	18631513	66	0f42ea1b5299	73200
1787474097	18631513	66	d028e26faa06	44400
1787476088	18632161	66	a355a6eccd4e	1194600
1787477267	18632816	66	c41cc6963db1	707400
1787480174	18633013	66	ff317f5cd3ae	1744200
1787480877	18633365	66	19a22f3095ae	421800
1787482145	18634222	66	b6d0b39ec510	760800
1787486875	19241972	66	fbfd2c0b7f0c	2838000
1787486963	19241978	66	76bacf217ef5	52800
1787490523	19242576	66	0750c9854f23	2136000
1787492120	19851171	66	50a6df6c4bd5	958200
1787495321	19852077	66	7135d8cc6b14	1920600
1787495535	19852077	66	59f74e319fba	128400
1787498371	19853262	66	95e547ac5053	1701600
1787498549	19853262	66	77085a5dc8a8	106800
1787501986	19854390	66	bb8243b89ab3	2062200
1787502450	19854391	66	9f40c5f8b412	278400
1787506209	19854463	66	31bd68ca1e33	2255400
1787506552	19854463	66	55ee59df89d1	205800
1787509964	19854547	66	5a9a7cd89908	2047200
1787510225	19854547	66	a04c64105e7c	156600
1787510489	19854589	66	bafc44c74f0d	158400
1787510578	19854589	66	3a50637a6626	53400
1787510750	19854598	66	d6e93c866844	103200
1787510884	19854708	66	2e4662226d4a	80400
1787511730	19854728	66	eee4cf7d854b	507600
1787514736	19854882	66	b99e1a155c53	1803600
1787514882	19854882	66	9e0c51281fc8	87600
1787516682	20467994	66	f92b97d5d4ac	1080000
1787516828	20467994	66	da97704ca6a6	87600
1787517210	20468000	66	d598d9b6b89b	229200
1787520258	21082414	66	1e22f7ec638c	1828800
1787520460	21082414	66	ce5fc57051cb	121200
1787520817	21082422	66	3acd56386d0b	214200
1787523791	21707717	66	91e948338115	1784400
1787524187	21707737	66	0e4d43b0c788	237600
1787524500	21707745	66	8b2432be75f2	187800
1787526326	22324788	66	f9f4e47207a0	1095600
1787526667	22324796	66	2c9bfa3e9a2e	204600
1787527367	22324430	66	e38794a5e371	420000
1787527765	22324430	66	bf070738671e	238800
1787528452	22323136	66	21563136875b	412200
1787528650	22323644	66	89766264ea6b	118800
1787528806	22323644	66	9e4248d0b13c	93600
1787553062	569323	54	a03179f8a152	14553600
1787562484	22939563	66	e9dc56caea20	5653200
1787565701	22939565	66	c981bea5ef4d	1930200
1787566020	22939567	66	55c822ba8fa0	191400
1787567244	23555967	66	600923d29a3a	734400
1787567750	23555967	66	bcf966f21ba7	303600
1787567970	45	46	e3ec7bf061a5	132000
1787567989	127	46	9e402c8a8d6d	11400
1787568024	1829409	46	691175e257f4	21000
1787586390	24175525	66	7dbec7086794	11019600
1787591175	24175672	66	39e5b5a269a5	2871000
1787591196	24175676	66	42631c64a6d5	12600
1787591335	24175676	66	824a23cd0cf9	83400
1787598710	1830218	46	4bae1f1ff9b3	4425000
1787613215	1830425	46	c2a50838f680	8703000
1787616107	1845321	46	d1f573fb6421	1735200
1787616122	24175677	66	cfb32796e4a3	9000
1787616190	1845323	46	29277b5d3bd8	40800
1787616646	1845326	46	fbfdb5252c26	273600
1787617576	1847947	46	ab093820a819	558000
1787617830	1848079	46	e5c3efa62d30	152400
1787618241	1848361	46	4ea24a9a2aaa	246600
1787618966	1848386	46	383ee7653e50	435000
1787621237	1851265	46	c001b7018f61	1362600
1787621299	1851266	46	02f25672a49e	37200
1787624254	1852188	46	f467febc6ba5	1773000
1787624332	1852190	46	95eb10c58641	46800
1787627017	1854801	46	9ffdb64fca4d	1611000
1787627100	1854803	46	4909d4b1f8d2	49800
1787630998	1855167	46	a2259bf3c8a9	2338800
1787631049	1855169	46	cdac06b96af1	30600
1787634411	1855516	46	b0484e37761c	2017200
1787634454	1855519	46	a67ff156d562	25800
1787637858	1855705	46	7f799df7f85c	2042400
1787637877	1855980	46	684d556671e7	11400
1787637920	1855981	46	ddf5b92ac407	25800
1787638013	1855981	46	5fc4accc72e7	55800
1787641590	1856312	46	060c5b69448a	2146200
1787641673	1856312	46	1722ac99aee0	49800
1787641688	1856521	46	8960a1635d49	9000
1787641775	1856523	46	7d22c82e21d7	52200
1787645881	1856545	46	252fa34132ea	2463600
1787646224	1856607	46	cf7737ed4095	205800
1787646269	1856612	46	3e377a34bb39	27000
1787648266	1856591	46	761128c7fec4	1198200
1787649681	1873404	46	a559e2fa3b98	849000
1787649749	24175678	66	16bd8af5dde6	40800
1787649779	1873404	46	4be3dfbe93ac	18000
1787650885	24175677	66	bcc84ccddc39	663600
1787651427	1873408	46	5a733a36a12c	325200
1787668594	1874089	46	60e0612d2311	10300200
1787669022	1874385	46	5ab716b52813	256800
1787671663	1875059	46	f4bc02a06fd5	1584600
1787671719	1875072	46	fa58df4e1190	33600
1787672950	1876028	46	2786ff76e0da	738600
1787673010	1876041	46	83ae84ef8774	36000
1787673032	1877041	46	180e6302c7a7	13200
1787673353	1877598	46	a18ef689d706	192600
1787673410	1878526	46	074e23a3d5b8	34200
1787673430	1886736	46	73319cc9138a	12000
1787673827	1887123	46	b21305c5d5df	238200
1787673841	1887123	46	d71ae014a777	8400
1787673902	1888055	46	051a57175794	36600
1787674289	1888248	46	5b810c2520f1	232200
1787674381	1888493	46	548c30210a63	55200
1787674443	1888679	46	b756735d9593	37200
1787674533	1889002	46	6b2fe424ce26	54000
1787674617	1889282	46	a2c92267a2c3	50400
1787674684	1889622	46	48d60afa3517	40200
1787675053	1890969	46	152f7b79a48c	221400
1787675071	1890969	46	6ec3dbcf8704	10800
1787675166	1890989	46	c3d18599382b	57000
1787675209	1890989	46	250cce12c53d	25800
1787675277	1891835	46	1133183db122	40800
1787677005	24175678	66	ce1e67f32cc7	1036800
1787678749	1902847	46	e7b5a75d2f64	1046400
1787678900	1902853	46	680bf457b126	90600
1787678931	1902853	46	88f071bed649	18600
1787678991	1904821	46	92985c76eaa4	36000
1787679052	24175679	66	3d6efc84babb	36600
1787690388	1909787	46	d19afda7e2f1	6801600
1787690410	1909787	46	ba8320126417	13200
1787690656	1909807	46	5c2cbe3d410b	147600
1787690720	1911011	46	59a75eb4c3db	38400
1787690736	1911011	46	538d313d80d4	9600
1787690920	1916721	46	1bd8d3b55c35	110400
1787691024	1916723	46	4ede23117490	62400
1787691081	1917041	46	dffd226da360	34200
1787691170	1917085	46	c83d9e574b0d	53400
1787691464	1917130	46	67155fdb39f5	176400
1787691758	24175678	66	204aae6462a9	176400
1787692344	1917203	46	f1ba4cf04442	351600
1787692361	1917203	46	e26194cefff1	10200
1787692659	1917220	46	a19d37d20bd6	178800
1787692717	1917523	46	bca2493c8bd4	34800
1787692993	1917720	46	6a5689ce708a	165600
1787693051	1918701	46	e80e9576dcc2	34800
1787700895	1918741	46	6f1b808fdb72	4706400
1787700897	1918763	46	c7bd94e5569b	1200
1787702763	1918863	46	4e2906b76732	1119600
1787710323	1926208	46	e9955fc3e596	4536000
1787710399	1927078	46	2acf848e916e	45600
1787716872	24175678	66	c36e41a689a6	3883800
1787720815	1927263	46	e2c7f01cd7f3	2365800
1787753484	1927407	46	2695e4b1836b	19601400
1787755889	1927407	46	458b8bf040e9	1443000
1787756544	1927421	46	70c2af593abe	393000
1787757358	1927450	46	36316df6bb8a	488400
1787758272	1927478	46	c91e00c22d57	548400
1787758355	1927501	46	9ebee283d5fc	49800
1787758893	1927573	46	84b8a5317738	322800
1787761388	1927630	46	259ed4866ea1	1497000
1787761470	1927687	46	3d4184ff500c	49200
1787761557	1927755	46	e12af1a451c2	52200
1787762378	1927839	46	3e1171c9490c	492600
1787762420	1927840	46	05106b3cc280	25200
1787762628	1927927	46	41d9ef693f8b	124800
1787763156	1928002	46	77b7438b6846	316800
1787763177	1928035	46	884464980ef6	12600
1787763208	1928198	46	a118dcaf5709	18600
1787763742	1928275	46	4511958e6e18	320400
1787763779	1928600	46	398067838604	22200
1787763822	1928628	46	de9615515b36	25800
1787764419	1928763	46	8cfa6c66ccea	358200
1787764994	1928764	46	db06dee21060	345000
1787765486	1929119	46	3b865588ce17	295200
1787769086	1939500	46	2dc0acca34d4	2160000
1787769101	1939518	46	704a3c247ae5	9000
1787769138	1939532	46	6b3154936321	22200
1787769593	1939858	46	31bf232b5eec	273000
1787769640	1942043	46	05797d51238e	28200
1787772381	1942919	46	c44425225fde	1644600
1787774412	1942919	46	c15a19f0b7a3	1218600
1787774560	1942938	46	0d96ad57098d	88800
1787775728	1943184	46	2d3defc5a111	700800
1787775737	1943254	46	f4a5a1a9293a	5400
1787776996	1943557	46	49344ff07d82	755400
1787777057	1943689	46	aea05bbab1a7	36600
1787777827	1943938	46	46f0d310ed52	462000
1787778223	1943967	46	c0851db567a6	237600
1787778229	1943986	46	59c2acabaa92	3600
1787778931	1944004	46	41dc7a1be20b	421200
1787778933	1944015	46	d1b111ff6c6f	1200
1787778934	1944081	46	eef95fb555d7	600
1787778984	1944608	46	c909d37911c8	30000
1787779529	16	45	042a7215bc7f	327000
1787779537	106	45	74ec68823bd2	4800
1787779539	191	45	a8e3f0276a13	1200
1787779542	207	45	13032af329fe	1800
1787779544	287	45	676aee313800	1200
1787779561	289	45	4f4cbae783da	10200
1787779576	296	45	438f192d8445	9000
1787779604	442	45	d3c21a9d5b85	16800
1787779684	476	45	75642b7f9798	48000
1787779710	478	45	54e0e0f56abe	15600
1787779719	478	45	665ffb59deaf	5400
1787779752	481	45	0f5bedea7a07	19800
1787779761	496	45	1dde6b39ff80	5400
1787779783	1944628	46	5744bd2be00a	13200
1787779785	1944654	46	38fb12d60d31	1200
1787779806	1944697	46	9f2e3192cfeb	12600
1787779807	1944768	46	aee2d4405920	600
1787779840	1944822	46	3092b71152ea	19800
1787779856	1944887	46	c50a7b20408e	9600
1787779862	1944887	46	b895fa31b606	3600
1787779921	497	45	145da3dc6ff7	35400
1787779931	1944896	46	bb504b0f1bf4	6000
1787780549	1945449	46	706cda5c2517	370800
1787793709	1948476	46	6c403c2f4719	7896000
1787793768	1950581	46	05ad62ead902	35400
1787795473	1951640	46	f721899b5d9f	1023000
1787795521	1951707	46	77bda8c3809d	28800
1787799701	499	45	b51c425ea9a8	2508000
1787799702	586	45	dc6f84d7d674	600
1787799703	601	45	d28b9d26adcc	600
1787799704	603	45	15b72bfa695f	600
1787799706	627	45	88cbb52b477e	1200
1787803055	627	45	51a4c7862609	2009400
1787803059	629	45	36acf8a8842e	2400
1787803060	662	45	eba618c37d8e	600
1787803062	674	45	6a45847c0afd	1200
1787805991	808	45	c75c69204883	1757400
1787805993	809	45	d00acf7cf2e4	1200
1787805995	811	45	8da34317985f	1200
1787805996	820	45	cc115f26b171	600
1787809928	838	45	665e0ca74741	2359200
1787809929	840	45	e900cc4abfe5	600
1787809932	858	45	f34b36980c9d	1800
1787809934	972	45	ce59fe5733fe	1200
1787809936	1036	45	61a5700fe2e5	1200
1787813522	1039	45	49df89eb5baf	2151600
1787813524	1041	45	c53cfef6deda	1200
1787813526	1060	45	adfa80597385	1200
1787813528	1088	45	8227091f9df1	1200
1787813529	1116	45	189989a875c9	600
1787813531	1292	45	6c141bee773b	1200
1787816719	1298	45	574b46e2222d	1912800
1787816720	1322	45	25367a666a93	600
1787816722	1368	45	93947f652cd3	1200
1787816724	1393	45	ff20889d2c68	1200
1787824141	1956858	46	e6205f02ff34	4450200
1787824704	1956948	46	6abcca457f19	337800
1787824769	1958811	46	270f069182d2	39000
1787834907	1960360	46	799bb304d387	6082800
1787835265	1960405	46	63158a90d9ce	214800
1787835333	1962398	46	e269aa0d67f8	40800
1787836107	1962676	46	150292d55f56	464400
1787837101	1962767	46	a56a7e55768c	596400
1787837139	1962819	46	35f35ada1612	22800
1787840636	1966065	46	b6a2b4417993	2098200
1787841488	1967788	46	7b07b139f8e9	511200
1787841543	1969757	46	cc4fa0fedc8d	33000
1787841627	2942	45	625101ef325f	50400
1787842950	1969715	46	87183e0cf6e7	793800
1787842992	1969767	46	3c47a2e2af21	25200
1787843233	4208	45	4012964c3ab1	144600
1787843892	1973343	46	12ae54cae39c	395400
1787844530	1976987	46	4a5a5c05d89a	382800
1787844933	1980673	46	ed308a324c62	241800
1787845632	5208	45	cc61a74edea5	419400
1787845773	1984545	46	da559edfc6e9	84600
1787846928	1988816	46	6be8d21567e9	693000
1787849462	2237	50	7e98a64801b9	1520400
1787849592	1994882	46	bce84eb32b74	78000
1787851620	2865	50	432864748d3a	1216800
1787854560	1994994	46	92c556771e96	1764000
1787854562	1995283	46	79ebacae9efa	1200
1787854564	1995355	46	a6d79906d00e	1200
1787855845	1995676	46	8d965b435894	768600
1787855847	1995743	46	83bbb22bd524	1200
1787857156	1996072	46	5a751fc6682e	785400
1787857158	1996140	46	4a3cda8ea3eb	1200
1787857454	2406	50	995c1829a33c	177600
1787857584	1996461	46	f8ffbd80af5b	78000
1787857586	1996530	46	cb3ac848c4d4	1200
1787858455	5232	45	8ca9f3734564	521400
1787858457	5256	45	2e761b2cae85	1200
1787858458	5320	45	39b304e27082	600
1787858460	5770	45	9cafdd195491	1200
1787858462	6028	45	b878c39e46e1	1200
1787858464	6226	45	3aa3d877661d	1200
1787858466	6529	45	1f91f8efced9	1200
1787859962	1999421	46	8c3d9443f175	897600
1787860823	2002352	46	b2545f7b6872	516600
1787861464	8598	45	cd870ff53d26	384600
1787862787	9944	45	edc8d5d08ca6	793800
1787865254	2005285	46	8648067694b8	1480200
1787867405	2009643	46	314164ba7a1c	1290600
1787867495	2015191	46	58ca361c9212	54000
1787867700	20461	45	407ff7f0a4d3	123000
1787870076	12617	45	72c4e033f536	1425600
1787884389	12962	45	b3904e2bfec5	8587800
1787895715	13666	45	76f51e7697a3	6795600
1787899515	14070	45	49fa8deaac27	2280000
1787910780	12435	50	b2be24b3673a	6759000
1787911466	3512	50	0f4e8ac8bdb9	411600
1787914298	16674	45	9d8e4598bde0	1699200
1787914724	16674	45	29fba0f2bc90	255600
1787925265	19519	45	cb2a834adfb5	6324600
1787931822	4519	50	fc0967632ec9	3934200
1787933246	5049	50	76cd675d8472	854400
1787936637	5050	50	6ca69145d886	2034600
1787939313	19705	45	148335a6eb1f	1605600
1787942743	5214	50	c5dfdee3ba5d	2058000
1787946191	2015387	46	a1516f23a2f8	2068800
1787947038	2016510	46	a913869efd36	508200
1787950518	2016737	46	678a99033106	2088000
1787951128	2017888	46	1cbe1a9b205a	366000
1787957450	2018415	46	00737ad782ba	3793200
1787959573	2018988	46	541f41d970d0	1273800
1787965303	2019978	46	79fc7576c76e	3438000
1787965743	2020985	46	693ccda8e628	264000
1787982995	24175679	66	f2f343a92ee9	10351200
1787983833	1	44	aa8ebe48453d	502800
1787984550	716	44	a35daa18625f	430200
1787984619	726	44	23cea547ee8c	41400
1787984685	727	44	e231948a06bc	39600
1787984877	728	44	67f843261901	115200
1787984929	1116	44	0777dc75c075	31200
1787988839	1273	44	d5510827e171	2346000
1787988919	1273	44	e73f1076fe75	48000
1787989620	1782	44	0d92ae20573a	420600
1787989726	1917	44	514fce2f3605	63600
1787990496	2	43	bd382d0f6079	462000
1787991390	2748	43	f6d3e7a30a63	536400
1787992732	2	42	c07260091c47	805200
1787995204	2749	43	7ce3cf1f80e8	1483200
1787998341	8731	43	ba366e1d95e3	1882200
1788003974	8814	43	61096ee84570	3379800
1788005175	19909	43	32459230b958	720600
1788005175	10082	43	9f1e9a574d51	0
1788006277	4679	44	9579636922a7	661200
1788006538	4698	44	f941d118f810	156600
1788006696	4698	44	efeb473c1908	94800
1788006803	4697	44	390f8b48b54e	64200
1788006803	5738	44	ce88cd8fdba9	0
1788007701	9605	44	1898184ccbf5	538800
1788007701	9715	44	936a31f703d3	0
1788007701	8560	44	ac00b9f32618	0
1788008820	20385	43	fd1c49eece37	671400
1788011441	2024067	46	db9f7583b203	1572600
1788013468	21235	43	0d3af65d6959	1216200
1788013468	21288	43	b8668b4d5f34	0
1788013568	24176620	66	a9f50776d5a6	60000
1788013610	24176855	66	fc2c057f343f	25200
1788013855	22752	43	d9b36afa81d9	147000
1788014014	24176855	66	c1ff1ab91e05	95400
1788014328	2026988	46	fabd90597741	188400
1788015279	13383	44	2524e3d81cc0	570600
1788015279	12030	44	5c97f34eef0d	0
1788015279	13397	44	f882d4276628	0
1788016246	2030120	46	fa4d73cbc9e7	580200
1788016454	2037756	46	190985426da7	124800
1788016929	2037900	46	187ed63c1e35	285000
1788022388	13690	44	40ab760c453f	3275400
1788022414	13928	44	2f8074ff0570	15600
1788022443	13928	44	c99da3d86ced	17400
1788022469	13913	44	cdbca781e5d6	15600
1788022923	14077	44	e335d7309689	272400
1788022948	14237	44	537914fd5086	15000
1788023001	14464	44	d0ed1df493f1	31800
1788023050	14464	44	2a294f5e7846	29400
1788023111	16506	44	e677354da675	36600
1788024092	16785	44	79f6c3895c47	588600
1788024121	17100	44	18f28365cd15	17400
1788024151	17304	44	3fac783cb685	18000
1788024172	17430	44	8fbfbc7302e6	12600
1788024235	17690	44	07c6e5a66354	37800
1788024265	17688	44	493d2632ba05	18000
1788024298	17688	44	b193de0ceb8e	19800
1788024428	17626	44	8026c285a329	78000
1788024448	17626	44	2673f679ef0d	12000
1788024578	17640	44	b1b0012abd95	78000
1788024607	17640	44	39652f6b46d6	17400
1788024724	17605	44	eb40346454fa	70200
1788024750	17605	44	97c705473664	15600
1788024919	17609	44	7ad8d94795d4	101400
1788024950	17609	44	9d9ba2041663	18600
1788025098	17614	44	4960c8c2aa14	88800
1788025132	17632	44	c85d99d3eca6	20400
1788025174	17642	44	6b7d68172118	25200
1788025201	17642	44	b43dc85af3e0	16200
1788025312	20027	44	31fec5ef3057	66600
1788034623	20027	44	ba76f7f98ad1	5586600
1788036463	20131	44	079a60692089	1104000
1788036526	20132	44	971b233d1e5c	37800
1788036577	20133	44	f4c7a01762e9	30600
1788036628	20134	44	c7004b7161fe	30600
1788036723	20135	44	0107ab12731e	57000
1788036756	20136	44	13739984a167	19800
1788036783	20137	44	a28f14635a09	16200
1788036827	20137	44	03d78031a63d	26400
1788037167	20145	44	845e199d974e	204000
1788037221	20145	44	ccf1dac004de	32400
1788037690	20131	44	2271c32e5c9e	281400
1788037699	21986	44	ce82aeec6b44	5400
1788037900	21716	44	e5236147e701	120600
1788037908	21501	44	cf81f31767fc	4800
1788037915	21503	44	66be8b62062d	4200
1788037991	20713	44	450d954e9765	45600
1788038564	21294	44	e6084f422f1f	343800
1788038909	20572	44	df779d987174	207000
1788039106	20612	44	600525dbfbb5	118200
1788039221	20612	44	a86bd25479df	69000
1788039407	20641	44	d6e533bd7e4f	111600
1788039549	20595	44	d9c135a98e00	85200
1788039684	20619	44	dcaad9683fff	81000
1788040001	20711	44	65bf947b70f6	190200
1788040073	23497	44	e03337510861	43200
1788040150	27370	44	edd56fac489a	46200
1788053607	27423	44	990eb126f857	8074200
1788053615	27511	44	d55005a6e9a1	4800
1788053634	27734	44	e61bfcbd0a6d	11400
1788053655	27918	44	3b3f0c8adfb6	12600
1788053686	28189	44	1f68aefbe86d	18600
1788053731	28568	44	0b376ebdc1b4	27000
1788055075	28644	44	673d0abd5e16	806400
1788055374	28425	44	77164dd4f298	179400
1788055410	28561	44	183094ee70e1	21600
1788055465	24177038	66	86f8eea7c2c7	33000
1788055654	28593	44	f9864e85ffbc	113400
1788055834	2038395	46	649f517078d7	108000
1788055956	19940	45	f40ddbb67e5d	73200
1788056090	28665	44	d11fa8b3e622	80400
1788056114	2038698	46	52095f8dae8e	14400
1788056146	28724	44	74601d820f6b	19200
1788056156	2038802	46	3e74fb186063	6000
1788056199	28726	44	0454c456a459	25800
1788056330	28726	44	748e9fd58d5f	78600
1788056465	28602	44	7099fc1479d7	81000
1788056493	28617	44	150c4ad7b046	16800
1788056558	2039025	46	71ea25034166	39000
1788056654	2038876	46	2e1c172c6a03	57600
1788056725	31634	44	0597f4654a67	42600
1788056835	35457	44	eecfeacdb5d7	66000
1788056894	24177038	66	ab0aa761a4e6	35400
1788057036	35607	44	9e3e8156801a	85200
1788057045	35629	44	ddce5a83fb49	5400
1788057130	24177056	66	86bfe2c96e2b	51000
1788057167	35783	44	1677575af058	22200
1788057202	2039002	46	118d97224875	21000
1788057224	19953	45	64084393ca89	13200
1788057226	20064	45	9c80a2c38902	1200
1788057560	2039017	46	cd86016a8849	200400
1788057688	20073	45	03a23420756a	76800
1788057696	20135	45	9548d4aeb3a8	4800
1788057749	35848	44	8e305ccb1834	31800
1788058057	2039167	46	acafb54c6b44	184800
1788058131	2039180	46	55031ab8e283	44400
1788059110	2039667	46	173b26f9225f	587400
1788059572	24177189	66	d126258aaff5	277200
1788059704	35946	44	083a0ab9b6a0	79200
1788059712	35980	44	5819ffca9bab	4800
1788059779	24177386	66	d29cbdbafb86	40200
1788059821	24177580	66	b6985e6dd190	25200
1788059894	2039884	46	c6f6ca02d842	43800
1788059943	2040028	46	e78190022033	29400
1788060026	20510	45	a1fde0928a82	49800
1788060054	24177582	66	683a5bb791cc	16800
1788060063	2040030	46	65de351d1c21	5400
1788060071	20512	45	98c552eab821	4800
1788060110	20704	45	2f1e1ceb871f	23400
1788060221	36167	44	b76b0beb5cd9	66600
1788060253	36303	44	50c1181dc9c7	19200
1788060285	36435	44	d62fbfb8e662	19200
1788060328	24177664	66	809972d4dd4c	25800
1788060359	24177583	66	d48f243ede69	18600
1788060584	36559	44	690777cb4880	135000
1788060656	2040199	46	a14520b71347	43200
1788060747	20958	45	357f679610b1	54600
1788060866	36555	44	5898161810e4	71400
1788060894	2040248	46	1baad84af2bb	16800
1788060918	20781	45	2106c6722d0a	14400
1788060924	20540	45	adae6e5bc7ac	3600
1788060950	20696	45	235b15d8ac65	15600
1788061104	36776	44	1fc70cd224cd	92400
1788061141	36570	44	8b8581a54fe9	22200
1788061149	36463	44	55584188157a	4800
1788061195	2040265	46	a51f8128c5aa	27600
1788061235	2040291	46	74a6fb73d6a7	24000
1788061316	36529	44	526bad25f111	48600
1788061321	2040295	46	badc8bece80c	3000
1788061375	2040295	46	d3eb38ece39d	32400
1788061421	2040297	46	c16246a0383a	27600
1788061437	2040376	46	da99c41278b7	9600
1788061465	36539	44	3ee6a34aa2c6	16800
1788061646	36473	44	f420518363b2	108600
1788061699	20704	45	c95517f3340e	31800
1788061771	2040398	46	db87043b6418	43200
1788062187	36716	44	93bbb54d6c58	249600
1788062213	36854	44	d0b698b49a60	15600
1788062365	37521	44	6f442e40b04d	91200
1788062585	37536	44	c33c4e969f64	132000
1788062610	37544	44	4f3e8fc5c7ea	15000
1788062744	40657	44	bf16a713b9e5	80400
1788062867	44723	44	fa14ed727ce4	73800
1788062868	44737	44	537a91df5461	600
1788063018	2040412	46	9813e5df6cc8	90000
1788063069	2040412	46	d520af36b51e	30600
1788063078	2040413	46	0fff06fb3c13	5400
1788063127	2040491	46	ed03159286b0	29400
1788063181	2040492	46	b38a2d04185b	32400
1788063242	2040505	46	1fb5ac952294	36600
1788063247	2040514	46	609b841e9592	3000
1788063299	2047653	46	6566ded83e05	31200
1788063321	20709	45	5b6e5f88d59f	13200
1788063330	20713	45	9cdae384db0c	5400
1788063348	20796	45	200e9b3a5c2f	10800
1788063598	2047757	46	f64c627f9fce	150000
1788063666	2048123	46	e67a54602b2f	40800
1788080066	44737	44	9ba16ba96046	9840000
1788082016	44740	44	17d96edb3b4b	1170000
1788084513	24177721	66	579af27ab673	1498200
1788084629	24177853	66	f99967bfaf19	69600
1788084662	24177921	66	b6e1e6be92f7	19800
1788084700	24177952	66	264d1f9e1be2	22800
1788084736	24181081	66	db6a650ef0b0	21600
1788084827	23006	43	c7dfc7301c7e	54600
1788084986	23132	43	d334f144b155	95400
1788085084	23261	43	e359e803e933	58800
1788085094	22941	43	3fb23a1c454b	6000
1788085118	23293	43	5e050668070c	14400
1788085169	24181081	66	1886b822f25f	30600
1788085253	24181113	66	33e929f027c4	50400
1788085393	24181081	66	3cec2fbfa582	84000
1788085776	24181089	66	6cc0416a0513	229800
1788085792	24181154	66	20715485e010	9600
1788085883	24181172	66	e4f9e399756c	54600
1788086318	2048279	46	3df06f5f70ad	261000
1788086367	2048387	46	3b4b042c20fb	29400
1788086381	2048451	46	a4d40759b2ab	8400
1788086432	2048453	46	76ed105d5da6	30600
1788086452	2048454	46	f4a3acbf02b3	12000
1788087213	2048815	46	f5056035f6c6	456600
1788087240	2048825	46	9b6f05cff946	16200
1788087348	2048908	46	8cb0d4a496c8	64800
1788087408	2048905	46	5f8c8bdb53fe	36000
1788087419	2048904	46	75a0cc9b1744	6600
1788087473	2048935	46	9cd7e99f94d7	32400
1788087561	2049001	46	b6fc3ca759a1	52800
1788087570	2049001	46	0622ce504ed7	5400
1788087576	24181254	66	42132fd6d2ee	3600
1788087608	2049001	46	a2376bec1ed9	19200
1788087646	24181254	66	1ed871c58804	22800
1788087679	24181255	66	dfb20d414c47	19800
1788087706	2049071	46	1412be5c4e9e	16200
1788087716	2049074	46	458458734bf5	6000
1788087746	2049074	46	eeb447d0af9c	18000
1788087767	2049404	46	aeb98274927f	12600
1788087862	2049453	46	26efe88f1fed	57000
1788088349	2049861	46	e9749cf9c764	292200
1788088365	2049017	46	a30b9e457fe4	9600
1788088409	2049058	46	9d2f9df0e5da	26400
1788089242	24181437	66	373186e0947a	499800
1788089300	23221	43	d42f02a5a024	34800
1788089426	24181616	66	784286275ba2	75600
1788089462	23470	43	587b7fb1b1f7	21600
1788090250	2049029	46	2b5f0a05300a	472800
1788090312	2049029	46	83d9c430b283	37200
1788091699	24181377	66	a2e93ff0a30c	832200
1788091710	24181381	66	6d3fb078edab	6600
1788091720	24181383	66	8c794272aef9	6000
1788091737	24181195	66	59df41884d9a	10200
1788091744	24180893	66	9ca694400c72	4200
1788091751	24180723	66	f83c8250cab1	4200
1788091758	24180597	66	bc292f9a3399	4200
1788091767	24180477	66	54c4d5516e5c	5400
1788091775	24180458	66	57ae10ea01a2	4800
1788091781	24180291	66	b21f5d0475a1	3600
1788091788	24180220	66	19056fdcb473	4200
1788091797	24180150	66	3e31346eb455	5400
1788091810	24180150	66	06ec7434c8bf	7800
1788091873	24177307	66	af747fa6c8c7	37800
1788091956	24177307	66	ebe024e04f40	49800
1788095259	2	41	9ab3a5dda78b	1981800
1788095516	445	41	367f956f9987	154200
1788096745	891	41	32b47f224497	737400
1788099360	44740	44	e9cbc574c3a8	1569000
1788099486	44975	44	e587e8b05205	75600
1788099512	46471	44	fc7a0b510dd5	15600
1788099531	46535	44	e5ad420a363a	11400
1788099533	1151	41	557e73667cbe	1200
1788099582	1152	41	97b765500201	29400
1788099613	43404	44	e17e4fc23328	18600
1788099614	1152	41	10ebaeb635a7	600
1788099645	1198	41	2758ee5fbfe6	18600
1788099687	1199	41	b69b4d3a9862	25200
1788099692	43473	44	c201cc7f2a7b	3000
1788099729	1626	41	017f36af3270	22200
1788099769	44052	44	9a0e62fedd0a	24000
1788099847	44166	44	48a2b9e0aa0d	46800
1788099926	44208	44	01466ce9c08e	47400
1788100157	1625	41	07453863aefc	138600
1788100180	44219	44	bb8c28a56241	13800
1788100249	44818	44	22ecad9d8647	41400
1788100807	1647	41	4bd3a038fe5d	334800
1788100921	1682	41	daada0fe917e	68400
1788104762	45840	44	df146c64f5d6	2304600
1788104898	45844	44	e257a7dba84b	81600
1788104951	46517	44	bb88b8b5d387	31800
1788105013	48995	44	19a20b010ac6	37200
1788105926	24177307	66	6afd5dea7216	547800
1788106074	1683	41	e381e4ca3996	88800
1788106108	1802	41	68915370f9d3	20400
1788106201	1802	41	04c3ce236baf	55800
1788106329	3561	41	c6290cb2b609	76800
1788106822	2796	41	bfebd6e9ccf8	295800
1788107467	2799	41	ea518fa0b11f	387000
1788108577	2944	41	39ff64a26882	666000
1788108663	2945	41	cd5c81d7b240	51600
1788108724	2947	41	d10ff379d7b7	36600
1788108769	2935	41	bc212ecfb295	27000
1788108790	2951	41	66a62706e193	12600
1788110638	2979	41	67e6fcf47328	1108800
1788110676	3280	41	16e39b94e28c	22800
1788110810	3188	41	d2ebc01f6eab	80400
1788112605	24039	43	cd14104231c3	1077000
1788112886	24043	43	cfb0dbc3212b	168600
1788112947	24046	43	b335aca6c9c6	36600
1788113496	49460	44	da8947e253ca	329400
1788113773	49568	44	6b920cf587c1	166200
1788113803	49573	44	aa651426cca2	18000
1788113876	49578	44	1f75aabbfb3b	43800
1788114231	49604	44	44a32d173ca4	213000
1788114291	49607	44	f5588117d278	36000
1788114333	50032	44	51e8e11f48d8	25200
1788114731	50275	44	bc1da527ae9e	238800
1788114760	50395	44	f6b33edd9b5f	17400
1788114773	50426	44	44d035362e35	7800
1788116285	50431	44	4522c9266dd5	907200
1788132728	50460	44	30386cc0f447	9865800
1788132755	4	40	c5f0c21f2b00	16200
1788132761	50552	44	5b7b570d7f2a	3600
1788132782	50707	44	c98d1479f8f9	12600
1788132825	51008	44	19731ddf7832	25800
1788132957	51128	44	446f662bb616	79200
1788132980	51248	44	7e1d01875b20	13800
1788132996	51368	44	3ca2e7d5ade6	9600
1788133022	51488	44	23e021344596	15600
1788133044	51608	44	b45f92eef34e	13200
1788133063	51728	44	4d4e54a5402a	11400
1788133086	51848	44	997a161a6b14	13800
1788133094	489285	40	6e243ced18c1	4800
1788133101	51910	44	e2ef95204882	4200
1788133115	51942	44	829f5f783957	8400
1788133141	52141	44	5c8e1fa65237	15600
1788133228	52141	44	fa9cf4770d43	52200
1788133237	53248	44	cfadedfd417d	5400
1788133245	489286	40	0c2d5696504a	4800
1788133388	53318	44	f5c6ec14cb7d	85800
1788133399	489323	40	ad71afe15f9c	6600
1788133405	53318	44	1586d0394a14	3600
1788133413	54444	44	1d802d102a0b	4800
1788134350	56084	44	cd4ef33430a3	562200
1788134552	489398	40	81827d0fd697	121200
1788134576	489661	40	8a2fdbd2872a	14400
1788134748	491313	40	be055b4e1060	103200
1788134778	491584	40	cba24852aa6f	18000
1788134792	491652	40	ceb851afb4e9	8400
1788134805	491709	40	2d4fa26227b8	7800
1788134876	491992	40	f14c11f74959	42600
1788134954	492009	40	961a097d4a8e	46800
1788134989	499028	40	ad7378c73bce	21000
1788135431	499058	40	afe472e613e2	265200
1788135752	492050	40	e1dbd23341ad	192600
1788135781	492211	40	bb62138d0095	17400
1788136676	492212	40	b40f56bc6bc7	537000
1788136711	492213	40	1a9c06dc29fa	21000
1788136745	492214	40	3f4e45d913b3	20400
1788136774	492215	40	8e61865c92f2	17400
1788136807	492216	40	4f95fed6bb1a	19800
1788136836	492217	40	06ba75e0d8d9	17400
1788136869	492218	40	6c6141120369	19800
1788136897	492219	40	82af29d70127	16800
1788136936	492294	40	34145433766e	23400
1788136946	492328	40	cb8bcb084fd7	6000
1788136958	492372	40	213d9970f01d	7200
1788137016	492686	40	7b8ed24cacb6	34800
1788137085	634653	40	3a2fc48c34cc	41400
1788137200	493035	40	c0351254dfed	69000
1788137212	493089	40	214c5d852233	7200
1788137252	493321	40	6bae7f00d06b	24000
1788137268	493733	40	995f0f38e257	9600
1788137274	493752	40	1ca5272d8e24	3600
1788137303	494013	40	45c254a6a7a6	17400
1788137309	494029	40	4d08e8400a87	3600
1788137324	494170	40	8c5d61ba1d96	9000
1788137339	494290	40	d9db207f2f97	9000
1788137386	497507	40	426ef95834fc	28200
1788137768	494399	40	b277c3e3a163	229200
1788137785	503429	40	b1d1cc40aadf	10200
1788138586	494678	40	e261179ce7ea	480600
1788138609	501418	40	bd5c918e46d8	13800
1788138942	494460	40	e8a8069ab180	199800
1788138954	494509	40	6f510ddc35f6	7200
1788138963	494553	40	c71f09647c91	5400
1788138974	494595	40	338a297a7d76	6600
1788138982	494631	40	16186eae091f	4800
1788138992	494681	40	4bc5c1364b4c	6000
1788139002	494714	40	62239104ff29	6000
1788139074	495488	40	4b58bec102b7	43200
1788139109	495671	40	1b73e595d144	21000
1788139135	497132	40	413dce7fbb6e	15600
1788140231	57753	44	71365bb857e2	657600
1788142192	511858	40	7f078031d258	1176600
1788143030	495672	40	acc1e85f0192	502800
1788143100	496109	40	389d6fdac981	42000
1788143141	496392	40	dac1b6adf3f4	24600
1788143163	496548	40	17075c31cf36	13200
1788143178	496599	40	482b613a16a1	9000
1788143231	496871	40	368c5c69874c	31800
1788143259	496979	40	85d2de7bfe26	16800
1788143291	496979	40	a1e1de667da2	19200
1788143332	496990	40	0a1a83e1e91a	24600
1788143335	496894	40	30c6060687d9	1800
1788143361	496992	40	58460e682a61	15600
1788143385	496992	40	24f580ee3865	14400
1788143407	497003	40	60cd90b24830	13200
1788143563	497049	40	3ecfb2fa905f	93600
1788143591	497147	40	791770bf204c	16800
1788143608	497149	40	d1d121e336a8	10200
1788143622	497247	40	0fbc05a5fc22	8400
1788143623	497167	40	dec8f46a0ee4	600
1788143628	497326	40	accdebba9514	3000
1788143639	497241	40	65367737e078	6600
1788143641	497176	40	5a709efc3bbd	1200
1788143644	497326	40	80ba809e4ff3	1800
1788143647	497335	40	62c702270f83	1800
1788143656	497335	40	12adcdf0eba3	5400
1788143666	497335	40	0c36530c9623	6000
1788143675	497335	40	a117acf6e2cd	5400
1788143684	497335	40	22cf8e2fb66f	5400
1788143692	497335	40	77d2118d7096	4800
1788143712	497335	40	f702841783c3	12000
1788143751	497354	40	89fe4904e719	23400
1788143873	497453	40	6c3d5ae57706	73200
1788143894	497543	40	d00719a4ee44	12600
1788143920	497776	40	551caf551ae1	15600
1788143928	497303	40	a6b124e24e22	4800
1788143988	497608	40	ce4ac96c4ed5	36000
1788144011	499361	40	261fcee8d66e	13800
1788144227	497859	40	8d069e5149f3	129600
1788144251	501114	40	6c961e83d196	14400
1788144292	497868	40	654b0344e2be	24600
1788144310	502921	40	f14cbcb8a730	10800
1788144367	497869	40	086f6dd02358	34200
1788144395	504731	40	14fd473e8503	16800
1788144462	497867	40	5b388344a80e	40200
1788144487	506529	40	c8815325641e	15000
1788144696	497867	40	67d91f64f748	125400
1788144723	508327	40	fcfe509be7e4	16200
1788144830	497867	40	010e16f2e9cf	64200
1788144853	510125	40	d0acf521bf72	13800
1788144954	497867	40	4f368383e453	60600
1788144976	511923	40	4496c558ae28	13200
1788145075	497889	40	d42fff927475	59400
1788145135	498194	40	6d5c74e30c5e	36000
1788145212	498195	40	090dcf9cdb34	46200
1788145228	513667	40	c94036a2a212	9600
1788145793	515720	40	0fd8a88f3d9b	339000
1788147988	59428	44	a9f1a8a371e8	1317000
1788149393	516863	40	60bce1a5b43c	843000
1788152993	517535	40	e9455fe76b3d	2160000
1788156593	517739	40	b6984cea452a	2160000
1788162097	507725	40	df0b11517c65	3302400
1788177414	619137	54	76c9612bafb5	9190200
1788182742	2064733	46	9937d1efee29	3196800
1788183054	2072579	46	73d261f9cfd6	187200
1788183392	2064733	46	7dbf55dc578f	202800
1788183392	2049029	46	93afd306bb7e	0
1788184641	24185170	66	997d25913a20	749400
1788184897	2051256	46	bb5105215114	153600
1788184949	24185171	66	533f3c85391b	31200
1788185626	496301	40	661e171193b3	406200
1788186897	498580	40	5d64b5dd3fb2	762600
1788186901	496686	40	554bce70c787	2400
1788187780	24185180	66	9633f70cfb30	527400
1788188136	24185180	66	cfb9bc407a3b	213600
1788188355	3254	41	9065d7273d7e	131400
1788189927	2	39	ed53284e9fbc	943200
1788190336	2068485	46	3ce1b8bba2f2	245400
1788190650	758	39	c8a664843f91	188400
1788190707	24193564	66	516284286e9b	34200
1788191945	2077801	46	61260cc570a3	742800
1788191982	24202246	66	96c67d661799	22200
1788192661	2086603	46	92a69adc9087	407400
1788192666	24210932	66	febf6b08802f	3000
1788194912	2096205	46	db24cd6d590f	1347600
1788194929	24220011	66	5fe50782adc5	10200
1788195543	497104	40	35ef8daf3fa9	368400
1788197694	2105309	46	1a39e3440495	1290600
1788197714	24229151	66	0f1b96fac707	12000
1788198876	1444	39	bea1f2537f4f	697200
1788199425	2115483	46	f3a2ea8c1c45	329400
1788199504	24238450	66	58d91d44db63	47400
1788200223	2125577	46	a10b28714825	431400
1788200264	24248002	66	ffc356b8f3d2	24600
1788201919	1856	39	df4da1091a29	993000
1788202860	2135969	46	b510db55cd54	564600
1788202906	24257679	66	34c0b6895031	27600
1788204322	60722	44	040132c0727b	849600
1788205640	62918	44	c12d7d4d0343	790800
1788205801	62925	44	f013aa43824f	96600
1788205976	62927	44	262864b6343a	105000
1788206774	63114	44	c72faf1f81ec	478800
1788207017	63163	44	2db62dcf084f	145800
1788207230	63361	44	733a16284570	127800
1788207441	63402	44	79f64a0920aa	126600
1788207610	63551	44	0740986bf50c	101400
1788207800	63633	44	6769f9038a1c	114000
1788207999	63683	44	e805522ef7d5	119400
1788208141	63709	44	4998710b29cb	85200
1788208299	63735	44	08be4d3dd3db	94800
1788208366	2146140	46	2642cc18261b	40200
1788208650	2173225	46	f5225e455920	170400
1788208691	24267635	66	0f2627497077	24600
1788208965	24267635	66	bdbd88dcefed	164400
1788209185	3340	41	b077c297ce0c	132000
1788209843	2183261	46	aac03e61cf4a	394800
1788209877	24277639	66	a9777cc19c69	20400
1788210609	2193748	46	6528be3637fa	439200
1788210639	24287975	66	483e5d9edd85	18000
1788210898	2204020	46	222b8217e8ae	155400
1788210902	24298311	66	74d3b275a628	2400
1788210963	2204134	46	77237423c97b	36600
1788211775	63958	44	0bcd96846442	487200
1788212138	64148	44	6fe92d80e6ff	217800
1788212166	2204700	46	9819e1a86751	16800
1788212507	64212	44	daf6b8dfb7fa	204600
1788212797	24308653	66	af9bc43e461f	174000
1788212816	2215123	46	db5526e03e39	11400
1788213344	64354	44	05a63d8f52d7	316800
1788213564	64516	44	4486c6bee2d0	132000
1788213786	24318801	66	96b2fa9ab054	133200
1788213789	2225450	46	3e9b7841df3e	1800
1788213878	2225607	46	b5b27dc2b5e2	53400
1788214012	64654	44	32ba6b058d1d	80400
1788214227	64738	44	407df152d3e7	129000
1788214311	64804	44	764b970d57ee	50400
1788214418	64889	44	b5a5ee353e13	64200
1788214700	64915	44	cd456f97343a	169200
1788214811	64937	44	404a25fd9bdd	66600
1788215041	65023	44	01f57953b6fc	138000
1788215103	2236119	46	05929aa93363	37200
1788215137	24328951	66	d7a81bc8e3e3	20400
1788215371	24329397	66	48de96ec9e97	140400
1788215549	65380	44	6158558788e8	106800
1788215841	2945	60	740dac6863ec	175200
1788215972	65388	44	37a97cee34bb	78600
1788215990	24329610	66	9633bdc54353	10800
1788216203	2236242	46	276f4a864938	127800
1788216486	2246653	46	bb76e46268b1	169800
1788216544	65559	44	8bf707cabb37	34800
1788216767	24329696	66	e1a4520fb62c	133800
1788216780	2236314	46	e894eeb54dc8	7800
1788216782	3412	41	d2893fab63fb	1200
1788216785	3017	60	bb187886b79a	1800
1788216786	925	58	5b4533914bb2	600
1788216788	4652	56	de53761486d2	1200
1788216790	20868	45	ac70a37408d4	1200
1788217118	65672	44	b6c4316cc08a	196800
1788217365	65812	44	e76264c19d17	148200
1788217947	66158	44	56e41c67c925	349200
1788218085	66299	44	cd3dd12ef7ac	82800
1788218213	66356	44	e42fde314cd1	76800
1788218268	2236378	46	07f0f03c8eac	33000
1788218325	66467	44	d70e63031667	34200
1788218348	2236394	46	dad8e3762217	13800
1788218361	2236469	46	5872eb421ab1	7800
1788218414	2236474	46	822686ed7559	31800
1788218517	66465	44	db371ec7e60f	61800
1788218539	2236499	46	f4ba058e71a6	13200
1788218611	2236658	46	2dd56525a3a2	43200
1788218712	66535	44	54b622b7d230	60600
1788218742	5286	50	f9f47286fae6	18000
1788218744	13308	57	b759a7d2b5ec	1200
1788218746	24118	43	5484218a99a1	1200
1788218748	1401	59	1e00d0e4d7bf	1200
1788218750	1926	39	30d2f817a4b0	1200
1788218855	2236722	46	c7dac701553f	63000
1788219122	2236757	46	c313b144b488	160200
1788219658	2268229	46	0acdff8dba73	321600
1788219748	2236791	46	90bd969b71dd	54000
1788221364	2236841	46	bef64ef27a5b	969600
1788221816	2237139	46	0a161cdf6f2c	271200
1788221838	2236873	46	17987c66fd20	13200
1788221948	66786	44	da5c5fb7304b	66000
1788222135	2236935	46	1c925506a200	112200
1788222881	67039	44	e4ddf43249d2	447600
1788222927	2236969	46	bb79688fa48d	27600
1788223067	2236998	46	bd00c9d3d247	84000
1788223104	67984	44	02c0b4267535	22200
1788223880	68482	44	f462fa98a55d	465600
1788223973	2237044	46	fbe870398530	55800
1788224190	68590	44	b38eb115cc36	130200
1788224234	2237066	46	72efb55082d8	26400
1788224651	68759	44	f0059af1025b	250200
1788224697	2237088	46	91ee2a1600f2	27600
1788225147	68908	44	a7fd7d2d9a4d	270000
1788225200	2237118	46	54e8f65965f6	31800
1788225540	2269228	46	798749183d71	204000
1788225612	24340201	66	1f8ecfe975d6	43200
1788225846	2269260	46	d08f13d12aba	140400
1788225904	4020	60	fdd4790ed728	34800
1788225929	2269558	46	73fd67c692ad	15000
1788226634	2274171	46	f16d6b54283e	423000
1788226702	2274206	46	fa63752baa9b	40800
1788226848	2278819	46	825e4b21085f	87600
1788227018	2283432	46	a539bb99b771	102000
1788227170	2288045	46	80e49bd57413	91200
1788227490	2288085	46	9ba6e89b8b81	192000
1788227675	2288161	46	66b39726b3d0	111000
1788227889	2288183	46	141a0e829051	128400
1788228016	2292796	46	e741ceb2fd82	76200
1788228096	2297174	46	1cb48368b671	48000
1788228155	2297181	46	cd73d84e8079	35400
1788228365	69072	44	9750dc915f95	126000
1788247091	2297190	46	acc130952917	11235600
1788247176	2301810	46	2f5e476f4614	51000
1788247259	2306188	46	729c2601bb24	49800
1788247307	2306200	46	4a693dbe859d	28800
1788247495	69160	44	fce6a2b304f7	112800
1788247537	4272	60	49691bcf2762	25200
1788247646	69176	44	90ae0597c788	65400
1788247741	2306223	46	42cdd7bda265	57000
1788251938	2308738	46	959fa5156f15	2518200
1788252189	2308759	46	3f25f0c4ac20	150600
1788252243	2308796	46	b7906769e7c3	32400
1788253370	69360	44	a21bfb9d4f4e	676200
1788253596	2308816	46	4629b3f8eab2	135600
1788262978	69480	44	cbba326b8c76	5629200
1788263102	2308838	46	67a490951e98	74400
1788264333	69595	44	5d073992b252	738600
1788264954	69664	44	77789ea33bed	372600
1788265061	2308858	46	b5a90b43c826	64200
1788266564	69749	44	8e10c3fad897	901800
1788266615	69749	44	73744dba75f3	30600
1788266700	69749	44	6ea60f61874b	51000
1788267088	69771	44	7b385ebb7bd9	232800
1788267235	2308949	46	e3f535d45eb3	88200
1788270236	70027	44	f3ba7a31b5bb	1800600
1788270401	2308976	46	3dc5e71d64f2	99000
1788270533	2309069	46	dbac1eae88e3	79200
1788270767	70397	44	270c99940d53	140400
1788270904	70446	44	b9b44509514b	82200
1788270929	2309107	46	04d81c159e2a	15000
1788271134	2309126	46	b9e234473666	123000
1788271421	70642	44	5e98212533bf	172200
1788271627	70728	44	d28d3c455b00	123600
1788271706	70746	44	8f80636566e0	47400
1788271762	2309186	46	c651d7e50c8d	33600
1788277821	70932	44	615bf80008c9	3635400
1788278663	70984	44	d094b1629b23	505200
1788278841	71000	44	cf521ca53f5e	106800
1788279182	71058	44	dfa3d3875a39	204600
1788279353	71152	44	34d1a4388d09	102600
1788279384	2309214	46	ca94afd242b9	18600
1788279973	71269	44	79e81d30a518	353400
1788280104	71327	44	747fadca00da	78600
1788280127	2309249	46	cdb1d6db0d29	13800
1788280224	2309291	46	e42a34f2c36e	58200
1788280420	2309317	46	efb660335401	117600
1788280514	2	38	7efd44aa2225	56400
1788280607	2309344	46	369adf513df1	55800
1788280692	2309369	46	7249340333f2	51000
1788281209	432	38	1d79e4884c35	310200
1788281230	434	38	f267d0d347e4	12600
1788281244	116893	38	cf6869025458	8400
1788281266	2309401	46	52cf15491910	13200
1788281268	116893	38	a4127901498f	1200
1788281323	2309440	46	e690319bcce3	33000
1788281548	72010	44	2051b8e3e4c2	135000
1788281775	71328	44	8e017d5e239e	136200
1788281806	2309482	46	c1c6b8c13d78	18600
1788281870	116892	38	96a54fcd1bab	38400
1788281870	320456	38	dbfeecb5f745	0
1788281928	2309511	46	8abae5bd925f	34800
1788282186	73209	44	633aa32dba0c	154800
1788282217	2309562	46	7e3193a76aec	18600
1788282219	2309598	46	23ee4b935884	1200
1788282499	73316	44	b78ad809226b	168000
1788282614	2309656	46	46fd65f76c8b	69000
1788282999	2309712	46	2f315c08ec3f	231000
1788283051	73476	44	0327b2195881	31200
1788283408	320541	38	7656dbf2e622	214200
1788283431	320541	38	1c9909d11387	13800
1788283445	2309767	46	bcfb605af3a9	8400
1788283553	73563	44	db329951285f	64800
1788283572	2309820	46	792df70f01fa	11400
1788283578	2309862	46	1f66eeb561e4	3600
1788283716	2309862	46	f1da51f1e9ed	82800
1788284101	74306	44	8a8161ee7e11	231000
1788284157	2309941	46	710a7db2ba80	33600
1788284493	2309999	46	1ee5f95ffe76	201600
1788284558	2310020	46	30c8e3a83456	39000
1788284682	2310163	46	d615d3225923	74400
1788284693	80071	44	3e7982feca05	6600
1788284792	2310248	46	88fee60cca8b	59400
1788285132	80611	44	5634beb939b6	204000
1788285162	2310322	46	66ac579c33f1	18000
1788285168	2310372	46	862a5c6bd0b3	3600
1788285645	80651	44	32bc3bbe60e1	286200
1788286035	86855	44	e25d8f951db7	234000
1788286067	2310433	46	a05ac7184ab5	19200
1788286121	2310851	46	72c043886c8f	32400
1788286292	92674	44	c2896f5586ff	102600
1788286427	2310474	46	759f77b78e98	81000
1788286964	99377	44	b810febea442	322200
1788287276	99747	44	eb5c57f6a9ac	187200
1788287312	2310544	46	8d850b1484e5	21600
1788287405	99764	44	4c7ad9898fb1	55800
1788287736	320772	38	04e0d62a4f1a	198600
1788287834	99903	44	e23aa02fd647	58800
1788287861	2310588	46	ca62f4717188	16200
1788288267	123590	44	c37d6579a3eb	243600
1788288711	119661	44	a342de44033e	266400
1788289270	119753	44	9118a2db1775	335400
1788289288	2310745	46	d11a5c92a28f	10800
1788289336	2310823	46	d1c902efbbe6	28800
1788299325	120838	44	1b1740d5e051	5993400
1788299339	127636	44	bfc0475ddacc	8400
1788300245	2310949	46	4fe02d021e8c	543600
1788300385	2310989	46	0081e3973519	84000
1788300543	128077	44	8f2271938499	94800
1788300600	128081	44	fe3440e908c4	34200
1788300600	128123	44	ff48c4968d95	0
1788300670	128184	44	9a70f04c0d54	42000
1788300699	135232	44	a219ad7a9db2	17400
1788300792	135371	44	270d6cf400a5	55800
1788300792	159058	44	eea89402088f	0
1788300852	159063	44	b649a888680e	36000
1788301048	2310867	46	b0e317e06467	117600
1788301146	159071	44	e25137134b6d	58800
1788301864	159172	44	71aa6a220c9f	430800
1788301903	160072	44	532a9ce93974	23400
1788301955	160100	44	9ba8baa77eef	31200
1788301961	160116	44	21e06f69d388	3600
1788301973	160110	44	6e7eb501c50e	7200
1788301974	160121	44	f8cf6f616e75	600
1788301996	160157	44	15aaad02c74c	13200
1788302043	160230	44	dc268d2b3607	28200
1788302075	167095	44	3e2d49d5037f	19200
1788302108	167191	44	f39a76a535fe	19800
1788302194	2311158	46	36938c572a5e	51600
1788302199	167214	44	d99cbbbd96ab	3000
1788302223	2311046	46	4077471ad686	14400
1788302238	159282	44	d5da5c89ff8a	9000
1788302266	2311216	46	3724c9d1f93d	16800
1788302356	2311177	46	fa670440f665	54000
1788302564	167381	44	d77acf6e84d0	124800
1788302570	3460	41	dfb81299c5e7	3600
1788302586	167386	44	2f78001e50d4	9600
1788302587	167397	44	806213b34bf7	600
1788302618	175770	44	dfc672265789	18600
1788302683	159393	44	5d0000add7d5	39000
1788302722	175888	44	9f5a0ba06593	23400
1788302953	176040	44	c576b1f81ec1	138600
1788302963	3547	41	b725155f3a28	6000
1788302971	176045	44	7c2f3933ecc5	4800
1788302972	176090	44	baf9ee7052a7	600
1788302981	2311558	46	3861fb9b46bb	5400
1788303004	184193	44	d22bc51dd168	13800
1788303107	184310	44	648493fef129	61800
1788303495	184621	44	2af303fb11e3	232800
1788303963	185588	44	118923a05584	280800
1788304045	185588	44	8a871ebeec4c	49200
1788304046	185610	44	a65dfa03febe	600
1788304098	185662	44	dde24f7a12d4	31200
1788304130	193849	44	93c13cf3d7d5	19200
1788304233	193959	44	e893ccd010a9	61800
1788304541	159564	44	4db1e955f08f	184800
1788304541	194278	44	8c914cc7cca5	0
1788304601	194364	44	790da648c576	36000
1788304639	194404	44	023ec2f8539b	22800
1788304662	2321976	46	721c4ae3296a	13800
1788304672	202866	44	1b29994a832a	6000
1788304733	203086	44	8384ebe9a5bd	36600
1788304806	2311424	46	fe92384187f7	43800
1788305081	2312081	46	1bc0679df016	165000
1788305155	2312178	46	ff2a9d4f9933	44400
1788305190	2312214	46	8e20fd144e69	21000
1788305192	2322835	46	15233b0521b5	1200
1788305197	24350718	66	38ef34745d15	3000
1788305332	2322928	46	5b2e9686d558	81000
1788305402	2333688	46	c000456750e9	42000
1788305911	2333717	46	bcd1e1a868b4	305400
1788306065	2333735	46	2161c908d0c0	92400
1788306214	203185	44	98932b4bbf50	89400
1788306284	204072	44	1af10cd91a9d	42000
1788306307	204790	44	69539e4c4474	13800
1788306325	204836	44	f3a0e3c004d8	10800
1788306363	213531	44	06e0a1444caf	22800
1788306427	213641	44	da54f312b87b	38400
1788306505	213811	44	d317109183e5	46800
1788306894	214057	44	25e147123160	233400
1788306941	214168	44	9d16fa00ddc8	28200
1788306995	214252	44	8798e430b535	32400
1788307025	214277	44	b92332159521	18000
1788307106	214365	44	3646d7300749	48600
1788307210	214473	44	c8f9afca68f6	62400
1788307232	214472	44	8f8e8069f3b0	13200
1788307293	214517	44	fc315f091998	36600
1788307322	214583	44	b791b74e5551	17400
1788307364	214657	44	77fc76154862	25200
1788307429	214730	44	3306686492a9	39000
1788307474	214853	44	07464d7bbb9e	27000
1788307528	214959	44	13f782dd29b1	32400
1788307591	215073	44	2f19c2e8145e	37800
1788307622	226280	44	9028585cccee	18600
1788307686	226395	44	24d7622cf7b5	38400
1788307891	2334396	46	6e64319d6ee5	123000
1788307892	2334451	46	30c625efe839	600
1788308172	226567	44	e5bb345374ee	168000
1788308209	226647	44	83bc59cdb37f	22200
1788308231	226695	44	045df1a60d4d	13200
1788308303	226715	44	9ba78cf86ef4	43200
1788308304	226775	44	df5a47d21098	600
1788308334	238738	44	60d193827d33	18000
1788308398	238855	44	93319c7d35c8	38400
1788308427	2334510	46	9b724fde775c	17400
1788308521	24350728	66	875a8813e722	56400
1788308586	2334524	46	1d8869869014	39000
1788308741	2334617	46	aacaa0a76a90	93000
1788308743	2345252	46	09ad5a68efac	1200
1788308748	24361259	66	34ba41db9dd0	3000
1788309780	24371931	66	c993b8e7277f	619200
1788309798	239128	44	26a42c16ee97	10800
1788309839	239140	44	6237b20985f6	24600
1788309977	2345477	46	22dbf1b98659	82800
1788310109	2345487	46	a101a2a47e90	79200
1788310314	2345645	46	e36a121ddc41	123000
1788310349	2345677	46	6b4179084469	21000
1788328196	2345703	46	13c71917fc2f	10708200
1788328310	2345765	46	3f28be976960	68400
1788328330	2356414	46	b06b4e627a76	12000
1788328335	24382476	66	1b2b4b328c6e	3000
1788329064	24382714	66	8b82b3921c42	437400
1788329339	2356559	46	00a7585afde5	165000
1788329480	2356617	46	ba8dfcbd3955	84600
1788329512	2367281	46	7c40695e3470	19200
1788329514	24393274	66	1bbb0b21336c	1200
1788329623	24393511	66	77e4eeaff7e2	65400
1788330455	2367494	46	29389e1bb1e0	499200
1788330842	2367533	46	6e4022690538	232200
1788348643	5183	60	2c8ff3041ed0	10680600
1788348664	5183	60	d310e3cec8cd	12600
1788375482	2368121	46	4f70c27e0960	16090800
1788375493	2378994	46	c3546f05bbb7	6600
1788375749	24394043	66	9f1a7b968f2c	153600
1788377047	24394278	66	4ab570630256	778800
1788377131	24394803	66	9c36d53c45ed	50400
1788377858	24395280	66	685ce8450a1c	436200
1788378795	24395780	66	1f03e4d70b0f	562200
1788380010	24406653	66	8183d31eb125	729000
1788390621	2389894	46	049bdf0421dc	6366600
1788390621	2379006	46	a7706f00d993	0
1788390637	24417541	66	3462a0794aa6	9600
1788394243	2400775	46	47a99b093167	2163600
1788394243	2389867	46	bab117e4bff0	0
1788394259	24428449	66	864b92ea490f	9600
1788394399	4	37	74086090c814	84000
1788394650	4	36	a74da9075267	150600
1788394821	4	35	3b6edb098a8c	102600
1788395073	22247	36	a0f4d31f34ad	151200
1788395889	36763	36	20618c3cd919	489600
1788395903	872	37	16122ae08d45	8400
1788395958	416	35	e4583247bf43	33000
1788397321	247001	44	d20437ee7c9b	817800
1788397854	24428695	66	87e6da86edcc	319800
1788397866	258745	44	ac810d61f3cc	7200
1788398104	37221	36	c7ceded6dcb8	142800
1788398208	266271	44	e9491b6e4ed4	62400
1788398400	273817	44	f1f430db7d0d	115200
1788398461	322020	38	b91e45b23146	36600
1788398484	37335	36	6afda172ab63	13800
1788398584	2400791	46	2de4f2ea802e	60000
1788398585	38579	36	3e9aaa0d02f6	600
1788398777	2400816	46	78fbd42b9e8a	115200
1788398906	281336	44	52ebabc231bd	77400
1788398919	38910	36	208c8f0379f5	7800
1788399044	45418	36	f23d76c55afa	75000
1788399080	2400832	46	733cc5fe5e3f	21600
1788399101	2400925	46	bc9de57e4de7	12600
1788399203	2401145	46	b4c446aa6f0b	61200
1788399243	2401224	46	1a9868e76f97	24000
1788399411	45600	36	a99e12f35f32	100800
1788399450	45621	36	d57f95a6cec6	23400
1788399493	293382	44	4a17fa3a48b2	25800
1788399498	45940	36	8c92f63d0999	3000
1788399533	7649	35	1ce995f85ac0	21000
1788399619	7654	35	d4639bfc7a3a	51600
1788399649	46040	36	11d255df3d8d	18000
1788399654	293421	44	4b1641e0b044	3000
1788399688	2401245	46	cdb8fe99f2b0	20400
1788399727	7669	35	9bc0a5feaa81	23400
1788399753	46338	36	348ccaf719cd	15600
1788399760	46652	36	1707a98d4993	4200
1788400044	46721	36	32a714bba7d3	170400
1788400308	110489	36	0317c8f75a8f	158400
1788400322	305355	44	5a59e711bfdf	8400
1788400449	110661	36	9d43fdd0a077	76200
1788400516	110753	36	2328b59b4235	40200
1788400537	110772	36	9afd188c3142	12600
1788400615	317282	44	f0c29ab0ce31	46800
1788400656	110743	36	37c734913921	24600
1788400687	110793	36	3f954d810471	18600
1788400727	3414	41	57c19ea1e7ba	24000
1788400729	110840	36	20e5f79cc364	1200
1788400852	329406	44	97d3ffca580b	73800
1788400902	3414	41	67c5e340adb5	30000
1788400941	110934	36	adf4bc7556eb	23400
1788400982	3414	41	791e24b242c0	24600
1788401025	111008	36	25acb7ed70ef	25800
1788401038	111069	36	62f877eea98b	7800
1788401071	111163	36	82a94a7cc46c	19800
1788402479	111213	36	b88ae39e5dba	844800
1788402570	24428945	66	687d03f64919	54600
1788402602	111366	36	f6c7884fd47b	19200
1788402708	111394	36	275a80a3f567	63600
1788402752	111427	36	5b87ef6ca252	26400
1788402784	111479	36	963420d9dce7	19200
1788402812	341762	44	1fb6262e2ab5	16800
1788402827	111512	36	3e6840c5b3ea	9000
1788402907	24428961	66	fafa4d2d6a15	48000
1788402908	354306	44	8fb95a213801	600
1788402922	112286	36	c714a46cf4de	8400
1788402971	112302	36	13597ab837c2	29400
1788403031	112538	36	3bde44f5516c	36000
1788403068	112589	36	5c8475b57178	22200
1788403265	112737	36	944c94d5eed1	118200
1788403276	24119	43	4dd5c2db7f12	6600
1788403387	24140	43	8bf88da9e210	66600
1788403396	112772	36	60d8db5640ec	5400
1788403515	113068	36	8b7d7496851d	71400
1788403538	113158	36	d15921dc1e0c	13800
1788403573	113220	36	3e18e84c23f1	21000
1788404403	354842	44	b67d0a02e069	498000
1788404509	113274	36	15ee70401775	63600
1788404551	113605	36	bfd661a67c19	25200
1788404565	113673	36	8a3bf906432e	8400
1788404598	113700	36	d7b10392f024	19800
1788404731	113747	36	c729a7cd750c	79800
1788404752	113777	36	0267be2360eb	12600
1788404860	113867	36	30fd8c8ea0ab	64800
1788405016	355035	44	8d03f3afac27	93600
1788405229	355081	44	44cad7711bf0	127800
1788405235	113931	36	f01f648aa895	3600
1788405363	355086	44	63c2aadd1912	76800
1788405396	354737	44	1762170b3274	19800
1788405443	355091	44	9fe1c4af3f9f	28200
1788405454	24429213	66	a0f93e875717	6600
1788405470	368770	44	2890e343a7b6	9600
1788405545	113983	36	dafe5956748a	45000
1788405578	354767	44	cc449d584eb3	19800
1788405681	114050	36	9fc79f08cd13	61800
1788405747	114083	36	74daaff06241	39600
1788405747	368901	44	88416c6c9557	0
1788405750	114468	36	a15160b528c2	1800
1788405753	3432	41	9b70c21f8f2a	1800
1788405801	368901	44	df19830c5594	28800
1788405814	114494	36	a666f7a7335c	7800
1788405818	369224	44	3cd74bdfd35b	2400
1788405844	354797	44	5556000c46e1	15600
1788405914	354809	44	a9247f14c1e6	42000
1788405990	114578	36	c6a1edd09e9e	45600
1788405995	114613	36	c97c90d45f70	3000
1788406072	354822	44	a9f2f76f4595	46200
1788406086	114664	36	e00bd2aa71c3	8400
1788406110	3435	41	77dcb2813057	14400
1788406141	114825	36	9f9a8bf96dcb	18600
1788406225	114865	36	271e57a24d08	50400
1788406539	354832	44	efa0102b04ef	188400
1788406614	354822	44	ed2135fffd8a	45000
1788406644	3449	41	639652116ce3	18000
1788406677	114917	36	1cd8c7b7cbe4	19800
1788406686	115073	36	b07104bd5891	5400
1788406739	115104	36	d9164e627f65	31800
1788406765	118775	36	f68ed7b658eb	15600
1788406978	3460	41	fbc1db45486f	127800
1788407056	118853	36	03a4a612109d	46800
1788407146	118939	36	d352b277095e	54000
1788407316	3476	41	a2912323a8db	102000
1788407413	3476	41	4666369489bd	58200
1788407665	118979	36	d8851f6075ee	151200
1788408177	322020	38	5181de3423e4	307200
1788408340	119022	36	3ab4f429d3f4	97800
1788408472	119089	36	0e2a0d175f80	79200
1788408575	119178	36	1ef807814a14	61800
1788408851	3519	41	7c8ed0992c46	165600
1788409422	119351	36	25cb9c4ca804	342600
1788409621	3540	41	93e568ea7b1d	119400
1788409727	119381	36	a5d4564fa5ae	63600
1788409828	119448	36	ddadff954635	60600
1788410021	119513	36	4c7e4c507762	115800
1788410119	119624	36	7e93d0561037	58800
1788410206	119675	36	5a2470590f29	52200
1788410229	119771	36	f045630610dc	13800
1788410327	119841	36	3985f716add7	58800
1788410354	119899	36	154c5e65fe42	16200
1788410393	120010	36	167179f781ad	23400
1788410451	120077	36	81b7d4889924	34800
1788410468	120098	36	75ef88b67f7a	10200
1788410537	120136	36	32521d288815	41400
1788410587	120203	36	81129749fdcd	30000
1788410637	120253	36	4398f628eacd	30000
1788410755	120298	36	67858a5c306f	70800
1788410789	120350	36	e12ae5469151	20400
1788410857	120403	36	04f8fdc3c57c	40800
1788411106	120506	36	b382b0ccf7f3	149400
1788411240	120608	36	106caa94a41f	80400
1788411268	120663	36	2c3668aabde9	16800
1788411367	120690	36	5147f36b83fb	59400
1788411388	120720	36	ac0aacc67a63	12600
1788412469	120858	36	87815840ae71	648600
1788412500	120865	36	8e3d87031a05	18600
1788412595	120874	36	1251ec17f34c	57000
1788412676	120917	36	a933952dd5ee	48600
1788412724	120949	36	6afa17f671a6	28800
1788412778	120973	36	84d67bf9e966	32400
1788413252	121983	36	28849c01f54f	284400
1788413329	122006	36	00213fa0f7d3	46200
1788413427	122033	36	761bb1b61c80	58800
1788413574	122083	36	05b7b621096f	88200
1788413625	122103	36	3557302e5251	30600
1788413692	122172	36	d8dad1162a51	40200
1788413843	122218	36	7290baa52108	90600
1788413889	122235	36	bcdd96561374	27600
1788413934	122255	36	56aa063fcd45	27000
1788427105	122294	36	a851509a3f4f	7902600
1788427173	122324	36	6752fff9bd52	40800
1788427485	3575	41	fb769b1cbcde	187200
1788427703	122360	36	ef2cc6828987	130800
1788427742	122371	36	c712047aac65	23400
1788427801	122814	36	7fddc234dcb8	35400
1788427810	122819	36	cf1cc14f4c26	5400
1788427956	122862	36	a231f6adc89d	87600
1788428098	122905	36	a021aec70dca	85200
1788428162	122907	36	c21728e9b59b	38400
1788428466	238079	36	cd8ffdfbee66	182400
1788429100	239002	36	7f5479594815	380400
1788431046	3670	41	150ca228153c	1167600
1788431134	239345	36	6be34e515c3b	52800
1788431548	3699	41	e696dd5289cf	248400
1788431742	239700	36	510200dc94bb	116400
1788431923	241288	36	a19a10862d3a	108600
1788431979	241502	36	eaef424b5c20	33600
1788432006	241511	36	d8e1be6e5b46	16200
1788432170	241525	36	c98759690025	98400
1788432237	241588	36	565a3cc635b2	40200
1788432269	241875	36	8327afefdc60	19200
1788441222	2412535	46	e0d3a715980d	5371800
1788441440	24440625	66	9c4a0df3c03a	130800
1788441445	368073	44	9593f0aaefbf	3000
1788441549	368073	44	3717edadcaab	62400
1788441671	368087	44	fe4e272f28ec	73200
1788450092	242018	36	bd24b168b391	5052600
1788450596	242598	36	fcbf3873c945	302400
1788451922	243075	36	02926c00c3c0	795600
1788451987	245423	36	2fe3e373f993	39000
1788455425	245871	36	e922de8edaa4	2062800
1788457911	246030	36	c04c36063d78	1491600
1788458035	246179	36	df32360820e5	74400
1788458198	381083	44	6591db5ec81f	97800
1788458272	381083	44	d5f2d1df6609	44400
1788458540	246764	36	faddebd52711	160800
1788459836	393958	44	65786ae27beb	777600
1788460740	246866	36	878ed1a47073	542400
1788461220	245317	36	754148c75fd7	288000
1788465800	399812	44	611e688cdae5	2748000
1788465981	405287	44	5a509b874715	108600
1788466416	418380	44	9ba23a4a80f5	261000
1788466653	418706	44	e001227eb2be	142200
1788466796	245567	36	2e87f1976d68	85800
1788467230	418706	44	f4c2baf7c903	260400
1788468144	431895	44	adbfac5038c6	548400
1788472412	372520	36	22b11946af65	2560800
1788472754	372627	36	9055eba8098c	205200
1788473123	2424074	46	b1e09fb9f2af	221400
1788473789	445074	44	85497f8d7fe1	399600
1788473884	373410	36	68e8fcdf218e	57000
1788474252	458467	44	a87aabde98d9	220800
1788474424	373729	36	5b3def3060bf	103200
1788474441	24452275	66	d5aafefb72ad	10200
1788474784	374002	36	8c7cff75614c	205800
1788474869	374169	36	ff8b62407bc0	51000
1788475358	375075	36	c9d7df28e767	293400
1788475669	471750	44	7e3bdcbdab58	186600
1788476034	2435769	46	9ffb4f3df8a1	219000
1788476103	2435835	46	6db266180427	41400
1788476227	24463924	66	d62d51258a32	74400
1788476320	375504	36	cc0903b24c6c	55800
1788476338	2435849	46	937b8c019074	10800
1788476353	375908	36	9b54679e8cbf	9000
1788476444	375919	36	e16832bb16e2	54600
1788476712	376000	36	1c35da69d4ba	160800
1788476872	2435977	46	002d18127521	96000
1788476891	2435980	46	bdc6619fb098	11400
1788476941	2435988	46	423658401361	30000
1788476990	2435997	46	3e0d1ed37861	29400
1788477020	2436006	46	34ddbd27b3dd	18000
1788477035	376462	36	4b7d30cd4abb	9000
1788477054	2436028	46	3271ba256795	11400
1788477089	2436044	46	83c0ea63ffc8	21000
1788477106	2436060	46	1f145fe9676e	10200
1788477124	2436076	46	2fe9b43f9499	10800
1788477135	376585	36	bf5a557c94e4	6600
1788477156	2436104	46	cefe9ddc4956	12600
1788477188	376678	36	cf6e83fa972c	19200
1788477189	2436117	46	ec3e77d405e2	600
1788477203	2436136	46	84089920e6d0	8400
1788477226	376845	36	8d46a3f2856d	13800
1788477236	2436164	46	42404857681b	6000
1788477251	2436192	46	9d44e36e9283	9000
1788477266	2436201	46	aa9d01f9fd42	9000
1788477298	2436226	46	d2401f7d9c97	19200
1788477349	2436276	46	24eda035c56f	30600
1788477368	2436292	46	70f3b9d790fc	11400
1788477380	485019	44	cef7b8fd8b6e	7200
1788477399	378028	36	ae1a34000f71	11400
1788477403	2436325	46	df628c2ec078	2400
1788477431	2436347	46	9204e70668a3	16800
1788477459	2436384	46	01a59344127b	16800
1788477475	471835	44	ef3361840fd3	9600
1788477475	2436402	46	6752ca5e3cfd	0
1788477491	2436404	46	3a0479f0a5d5	9600
1788477508	2436427	46	96b2589d79e9	10200
1788477512	2436037	46	68c5fb694187	2400
1788477518	471893	44	de19d2c617c2	3600
1788477526	2436430	46	dde98ba674bd	4800
1788477552	471948	44	e38928b63275	15600
1788477562	2436484	46	9b7326200503	6000
1788477581	471967	44	652e1107852f	11400
1788477621	2436530	46	6ae34fb99595	24000
1788477628	472021	44	dcee800987c6	4200
1788477648	2436570	46	4b0b2b99bf0e	12000
1788477700	472094	44	5cd17bfb75c9	31200
1788477706	2436595	46	a65aab5c38ef	3600
1788477720	378153	36	916ebc78adcf	8400
1788477733	472123	44	fcb7e241963e	7800
1788477768	2436689	46	f3c396ad1545	21000
1788477785	472176	44	7f9dd3deeb8e	10200
1788477821	472214	44	a999d3299807	21600
1788477884	472382	44	db25053bce63	37800
1788477933	472418	44	58018b2f26fc	29400
1788477953	378238	36	7677a2913d4d	12000
1788477967	472454	44	5a8ab329303a	8400
1788478000	472484	44	adce6eb36122	19800
1788478037	472511	44	515b5189e37d	22200
1788478058	2436703	46	2212d539c013	12600
1788478059	2436091	46	b0a94be0da15	600
1788478071	472547	44	bca2ddf42fa8	7200
1788478099	2436722	46	4146a4b08b43	16800
1788478127	2436152	46	0bc5efd53ae4	16800
1788478145	472578	44	60a393f093b4	10800
1788478160	2436791	46	a855ffe41d99	9000
1788478187	472582	44	2bb9d49b373a	16200
1788478221	472611	44	655be6c81fde	20400
1788478229	24464359	66	5efdc5ef493b	4800
1788478253	472633	44	39c50aafe8cb	14400
1788478258	2437718	46	6d5ef4ba3aab	3000
1788478260	24464649	66	5c700a4abdad	1200
1788478273	2436212	46	5f9b4c41f9fa	7800
1788478295	378348	36	078cd0c374ca	13200
1788478298	472679	44	e5350a0a1ff2	1800
1788478327	379051	36	426f0840645d	17400
1788478332	472688	44	d02c76bbc523	3000
1788478332	2447641	46	face8634f5e7	0
1788478405	472743	44	cbfac7b55866	43800
1788478493	472838	44	529790fcad9c	52800
1788478518	24476325	66	ea97bf09a16e	15000
1788478522	2447698	46	ade103ae2a2e	2400
1788478529	472865	44	418f207abc50	4200
1788478558	378412	36	1a6d054a95f0	17400
1788478574	472903	44	957b2ed73167	9600
1788478613	24476374	66	7d00781b6993	23400
1788478616	378518	36	700dc6776eb1	1800
1788478626	472929	44	3220f71339e6	6000
1788478653	378471	36	d09233bf1b53	16200
1788478672	472981	44	01e64d347977	11400
1788478701	385501	36	c5c25a2295d6	17400
1788478701	473005	44	28c1f6515121	0
1788478713	385508	36	4d0b09a5cf88	7200
1788478725	387608	36	633530454703	7200
1788478737	473048	44	bb2a160980bd	7200
1788478772	387789	36	d571709be7ad	21000
1788478805	3888	41	a3c7f7acb093	19800
1788478811	473169	44	64320b54216b	3600
1788478904	473239	44	69b866a70051	55800
1788478998	473363	44	4dfc0ac5c389	56400
1788479057	6647	56	e17daeba8604	35400
1788479065	473488	44	f1daff8378df	4800
1788479114	2437730	46	2ae7a6920aa5	29400
1788479184	2437758	46	2aea6a0ef9df	42000
1788479201	473581	44	5e7ea9fa7deb	10200
1788479242	2449607	46	25f03422d12e	24600
1788479264	473720	44	101a626a2df2	13200
1788479307	3888	41	6d7e62085993	25800
1788479315	473808	44	e13c7544e599	4800
1788479360	473876	44	fcc46125e360	27000
1788479445	3888	41	a1678df0eaad	51000
1788479460	473925	44	029fd0c01a74	9000
1788479491	6864	56	4aba08b4b5b8	18600
1788479611	474097	44	04727c68f41b	72000
1788479655	474160	44	eb50a0f878cb	26400
1788479660	6931	56	098a81f635ac	3000
1788479741	474186	44	b73247803377	48600
1788479923	378693	36	c9ac4236d207	109200
1788480089	6931	56	88892d365041	99600
1788480109	6935	56	6b6af3c24898	12000
1788480475	24476707	66	af40047bc8ed	219600
1788480610	24476784	66	fd33c797374d	81000
1788480896	7940	56	5522f9e6ae06	171600
1788481097	7944	56	01532692cac6	120600
1788481329	24476788	66	c9c9f61f6daf	139200
1788481381	499173	44	3506bfb2b4d2	31200
1788481456	499179	44	7d1416023be8	45000
1788482740	2463014	46	20514b74172e	770400
1788483004	528518	44	6d2bad3c7bd0	158400
1788483105	24477603	66	37ea8bab11c0	60600
1788483936	24477603	66	0051b3dc25f8	498600
1788484032	542472	44	03ac1fd5b094	57600
1788484703	24478120	66	7b91a994a689	402600
1788485510	2464541	46	0e8f114c223c	484200
1788485776	556349	44	ab80d45be05e	159600
1788486280	2476839	46	802d991bffa2	302400
1788486298	2476927	46	2592a366c1fe	10800
1788486793	2476957	46	3720eeea7be2	297000
1788487249	2476979	46	3493be1c4ebf	273600
1788487849	24490971	66	e46a2c9b622c	360000
1788488579	24490971	66	d377a47a180d	438000
1788488820	576750	44	5cb95611bae0	144600
1788489460	24491408	66	9e42af8a1ade	384000
1788489868	24491940	66	50ab95911aa0	244800
1788490923	24491993	66	6e462c5ca0ff	633000
1788493570	605316	44	2d8cc7bacf80	1588200
1788493924	24492432	66	ab8545145e0e	212400
1788495712	630236	44	73ad1bde4261	1072800
1788495761	2477376	46	7ecb40558391	29400
1788506666	387790	36	f188de3a2e1e	6543000
1788508578	387917	36	9388f6f55fa5	1147200
1788512341	387981	36	13ed90e0ceac	2257800
1788512466	634025	44	4b3fd52d0b48	75000
1788512523	2477420	46	3335fe6f47ae	34200
1788524534	641197	44	f70a4a6a3fd8	7206600
1788525743	380636	36	4df4205f5e4e	725400
1788526991	2	34	06c05e4d35b6	748800
1788528740	677466	44	64268fd06a0d	1049400
1788530403	6390	34	3589facf9901	997800
1788551956	723107	44	b7a40d1f881a	12931800
1788556118	7182	34	e7520b468152	2497200
1788556873	10839	34	9ff94b37304b	453000
1788556886	10839	34	e03d09da44ba	7800
1788557142	737824	44	703337bb927e	153600
1788557477	9587	56	69dcdbe6ede1	201000
1788557707	126664	56	31d1d524bfb1	138000
1788557735	10848	34	742b98818d16	16800
1788557814	10857	34	3b7cc6f161d7	47400
1788557821	129743	56	22eefb58d086	4200
1788557996	130416	56	7dd87f3a57ad	105000
1788558103	130494	56	578f15c9f08d	64200
1788558161	130508	56	82780de9b744	34800
1788558167	10864	34	5fb5e13de6d0	3600
1788558392	496589	40	008952fef1ee	135000
1788558492	130545	56	fa3cc49e91ac	60000
1788558517	130545	56	6d9055d95bd8	15000
1788558979	737857	44	bb7eb7ed2f34	277200
1788559588	130304	56	fdb5037c00aa	365400
1788559627	130327	56	9ea1fd50309d	23400
1788559738	7202	41	4b17c410f2ad	66600
1788559810	130628	56	486b8c19e684	43200
1788559832	737949	44	c44ba11d2426	13200
1788559912	130789	56	a0f22314dbcc	48000
1788560439	4	61	4bd7dfc31267	316200
1788561176	2110	61	816a728b6f82	442200
1788561217	2060	62	e0c3de9b4768	24600
1788561256	738092	44	6f70d9696d3c	23400
1788561268	738132	44	bfb38b485174	7200
1788561289	738585	44	51fca0b29392	12600
1788561303	738903	44	c8c01d5a112a	8400
1788561318	739133	44	3061dfcc8901	9000
1788561427	24492814	66	5260db101e64	65400
1788562961	7582	49	61468d1cbed6	920400
1788563038	7678	49	7667cd1dda1e	46200
1788563282	7918	49	feb7965b788f	146400
1788563537	8021	49	016f2a101ca5	153000
1788563764	2	33	6caf90f27d04	136200
1788564157	11014	34	1f0850186c3f	235800
1788568276	138	32	f64dbf2f1d1f	2471400
1788571735	388175	36	31bc1a2cce91	2075400
1788571810	388175	36	6e85062cca2e	45000
1788572336	24494137	66	a4faffc1cc18	315600
1788572561	739184	44	cd1833320f61	135000
1788572625	24494184	66	6ecc0dc04da8	38400
1788572723	388305	36	bcb8e9101508	58800
1788572918	24494178	66	1a6445cc52f3	117000
1788573919	2489873	46	4fc83af4a617	600600
1788573965	24506574	66	e4f32ae4dab5	27600
1788574202	388314	36	794a031b99a7	142200
1788574342	11114	34	30efa2bab228	84000
1788574350	388552	36	68c9cb5a0fb4	4800
1788574672	388553	36	22a7d16f1640	193200
1788574794	2502333	46	e9aef6fbf84d	73200
1788574819	24518997	66	1b51cf261069	15000
1788575066	388619	36	aa65ae70d05a	148200
1788575725	2514916	46	6b7890df55d3	395400
1788575743	24531530	66	347d93fa1047	10800
1788575801	24531802	66	799dd36dc1ca	34800
1788575985	388710	36	a02240f1e9ba	110400
1788576144	753030	44	54438ef9e07f	95400
1788576482	767928	44	9c1ed59f3d61	202800
1788576563	388820	36	f2b280dfc4b2	48600
1788576750	782747	44	100d206147d6	112200
1788576833	24531894	66	9a1cd023b089	49800
1788576893	388929	36	60d2a5e28076	36000
1788577195	389128	36	3e58f9023af1	181200
1788577437	797626	44	5c013cdbf323	145200
1788577458	24531920	66	e6f39c98d1b5	12600
1788577860	2527713	46	6e30dc00765c	241200
1788577880	24544672	66	362b679a0f78	12000
1788577967	2	31	70c5d7d12781	52200
1788578025	11566	34	3d3a56182f0c	34800
1788578039	11566	34	37f9d1562b6b	8400
1788578103	389719	36	84ee6fa6f7c0	38400
1788578425	389780	36	c16450db4ef9	193200
1788578629	581	31	73f916c7559f	122400
1788578661	24544697	66	24171fd1d342	19200
1788579277	797860	44	17896640f127	369600
1788579281	2527947	46	f4218907f758	2400
1788579284	131023	56	5616e8ec817b	1800
1788579286	815	31	9ea25b4a392c	1200
1788579289	2160	39	30aa4e0456f9	1800
1788579291	2344	61	13055b1906e4	1200
1788579368	11800	34	fe4eba61bb91	46200
1788579518	1048	31	04f7135db3d4	90000
1788579956	1230	31	5bcd74676625	262800
1788580386	24544983	66	5fa6ebf73426	258000
1788580409	2527963	46	74328052ff63	13800
1788580629	389840	36	c38c466f0caf	132000
1788580650	813191	44	18cffd516db0	12600
1788580752	1252	31	882e86c95ef3	61200
1788591999	389834	36	8cf12f520289	6748200
1788593862	389834	36	51de6351c0be	1117800
1788593956	134209	56	fa3b44cc9080	56400
1788597019	389834	36	e0e33a8360c1	1837800
1788601009	24545033	66	c1b24e6d601d	2394000
1788601043	389889	36	0e95028e4e6e	20400
1788606091	392330	36	4ec33f09f5b6	3028800
1788608500	394121	36	1a2f74322fa6	1445400
1788608606	394170	36	d5e2ab8765da	63600
1788608721	394266	36	aa5ec4149218	69000
1788609036	24546184	66	313f56238b91	189000
1788609160	2528038	46	a38ea967a937	74400
1788609461	25166177	66	87fe12502e77	180600
1788609559	36362	31	988ab93bf20a	58800
1788609571	25201248	66	7c21f27158f4	7200
1788609954	45426	31	ac88387150ce	229800
1788610626	822029	44	e887eeeeb316	403200
1788610765	73792	31	eb896da0e1f4	83400
1788610769	25229840	66	9bd0d11e453f	2400
1788611022	75243	31	2e56d2ce36cc	151800
1788613138	25230143	66	7df9dd2fb4df	1269600
1788613421	103024	31	e24c0b29b902	169800
1788613425	25258078	66	0f045db597b4	2400
1788613818	104219	31	f08e85b066a9	235800
1788613840	104219	31	11e0e13367aa	13200
1788613906	837869	44	dccd741f1d24	39600
1788613938	25258079	66	18c3e2e1bd62	19200
1788615066	846096	44	2a3a7e8d8377	676800
1788615423	12111	34	f9531a7a36ff	214200
1788615435	12111	34	5fc984a05155	7200
1788615478	104249	31	e76597ea3675	25800
1788615614	846275	44	f03e60928d79	81600
1788615652	854242	44	c2f6faded146	22800
1788615810	25258383	66	2b91603f73de	94800
1788616143	175132	31	2e7d9f429a3b	199800
1788616202	25307221	66	7ddc71e79820	35400
1788616359	2528138	46	5d8b2ae49cdb	94200
1788616513	176260	31	642d3637778c	92400
1788617306	662	30	2575d89fb6b3	475800
1788617419	394342	36	35ddc65347ce	67800
1788617470	751	30	dcbacd874cb5	30600
1788617651	2228	30	30575f44a879	108600
1788617692	2270	30	c99f77286e1e	24600
1788617747	2446	30	0bd215531904	33000
1788617764	2543	30	9a8b644a747e	10200
1788617897	3468	30	812c2762a5eb	79800
1788617925	3470	30	a3298d3c8f68	16800
1788617980	225414	31	4342f90b1d37	33000
1788618017	225414	31	19ce8fd718f6	22200
1788618299	3803	30	6f2026458665	169200
1788618318	225594	31	39bcc72aecbc	11400
1788618383	254683	31	bb72c6b68abd	39000
1788618387	25385778	66	2cd57d15b733	2400
1788618409	4162	30	a627bcf1071c	13200
1788618518	4212	30	73c8a25c600f	65400
1788618555	254733	31	f812b9830a44	22200
1788619294	4771	30	5ecba456c209	443400
1788619522	333289	31	9ec66f482245	136800
1788619556	334304	31	dedfdbd38563	20400
1788619675	334303	31	86b0bd447d1d	71400
1788619709	5554	30	23aa6554b958	20400
1788619719	334299	31	94425df0dcc3	6000
1788619994	334302	31	7bc4fd8125a1	165000
1788620193	862516	44	64db4629925a	119400
1788620230	5912	30	fcbd93778143	22200
1788620235	334303	31	a433678b2be3	3000
1788620242	412985	31	0bed878926fb	4200
1788620264	414388	31	f655ff58020a	13200
1788620283	25466182	66	619c6d31d3a4	11400
1788620437	5948	30	ab2601fdddbe	92400
1788620546	676	29	e2f1829c2863	65400
1788621076	882673	44	05b8eee76584	318000
1788621097	7034	30	07e9f980007a	12600
1788621382	8534	29	a7c7bf5e66cf	171000
1788621394	16107	30	7be35b3c7506	7200
1788621438	414393	31	901db0950e29	26400
1788621447	493196	31	1579fda7731b	5400
1788621528	494962	31	6626c8f1b77a	48600
1788621661	16838	30	5b23ffe6efba	79800
1788621672	16843	30	513639e887a1	6600
1788621801	25547071	66	1febc56cb0ce	77400
1788621892	16843	30	2fc58ff4cb39	54600
1788621931	494966	31	f6ef27a8d306	23400
1788622030	921028	44	fb8dc54c7f4c	59400
1788622168	16995	30	76b7328c79b8	82800
1788622183	9294	29	22a18b3eb272	9000
1788622209	18253	30	97ef8043a3f2	15600
1788622216	575579	31	6c2cc1453129	4200
1788622220	9298	29	b984303b3d9e	2400
1788622237	575709	31	0c0d8773f997	10200
1788622253	931333	44	dd0d89c4ef7d	9600
1788622257	25628135	66	9346073112e0	2400
1788622461	20016	30	fd2465bd56f1	122400
1788622553	931333	44	8fe77a54d35f	55200
1788622618	20836	30	2caf0cbe7485	39000
1788622695	20884	30	a90f89e7e0d4	46200
1788622847	953869	44	96d70a52b070	91200
1788622998	20944	30	6cc0411630cf	90600
1788623133	23209	30	712401c803eb	81000
1788623157	25628456	66	e3bcd5232247	14400
1788623182	25628777	66	92bcf29180ae	15000
1788623226	23219	30	2e4616e36224	26400
1788623513	23461	30	52bc5aa08fea	172200
1788623676	2	28	a6c92ebbe745	97800
1788623999	964327	44	067a5f082aa8	193800
1788624017	23639	30	0f666854e19d	10800
1788624246	1026	28	912f04c204e2	137400
1788624355	1032	28	9f98a8bd5412	65400
1788624474	575825	31	cc01c2785939	71400
1788624524	656569	31	9261119c1bfa	30000
1788624546	656570	31	fe63b0dcd022	13200
1788624574	25709844	66	dfcbc3f26ec1	16800
1788625114	25166	30	acd13d1109a7	324000
1788625129	25710165	66	1674b9ccb5c6	9000
1788625139	974854	44	405d637ee9d9	6000
1788625141	25199	30	1e9c61f4b587	1200
1788625252	974959	44	78e49b0f35f3	66600
1788625414	25230	30	509c14410e5e	97200
1788625427	737324	31	faf1b3e7c95e	7800
1788625452	737349	31	9ae09582ba1f	15000
1788625466	25790944	66	0f73abf1054c	8400
1788625476	25249	30	11aa2a054713	6000
1788625493	985452	44	0ea9ba168828	10200
1788625984	2369	28	26ac7e7de99d	294600
1788626055	27877	30	9a7d29cd61c7	42600
1788626066	25791267	66	ee7371e8c8a7	6600
1788626239	2369	28	676715abad48	103800
1788627085	25791626	66	95bf285fb8ea	507600
1788631456	737968	31	3a4070b39c7b	2622600
1788631484	985452	44	805b4b114766	16800
1788631572	2374	28	bc50c57637aa	52800
1788632190	35748	30	257914dc7172	370800
1788632199	737349	31	51bab520ae8f	5400
1788632207	825964	31	d4b014d55b38	4800
1788632229	849566	31	ab01517895a3	13200
1788632237	850185	31	f4f2f2c7738c	4800
1788632248	25903843	66	169f71601534	6600
1788632449	35751	30	15e85b6d1444	120600
1788632468	962406	31	faa66443a775	11400
1788632490	962416	31	ccae7f4d71f1	13200
1788632507	26016074	66	30df31f37174	10200
1788632976	962558	31	ab632e5841de	281400
1788632993	7290	41	a1fae46a1cb3	10200
1788633856	35783	30	0ef49c23a02c	517800
1788633877	962558	31	388d1d5298ea	12600
1788633885	1074805	31	e85c49492419	4800
1788633907	1074884	31	9b8811184593	13200
1788633910	26128400	66	8a20401537a7	1800
1788633956	35804	30	caf89b0e7056	27600
1788633958	1074884	31	4f67c3ceab56	1200
1788633959	135347	56	41d3fa05a6a7	600
1788633965	1187235	31	57d6104ff1d2	3600
1788633988	1187341	31	0ddfc7a88f86	13800
1788633992	26240857	66	322ba18938b7	2400
1788634006	4	27	3da7d34a4b12	8400
1788634031	35861	30	e2ec03afd983	15000
1788634043	1187341	31	72a242c443cf	7200
1788634051	1299844	31	109aea625dd2	4800
1788634068	135424	56	bc84e627e067	10200
1788634074	1300009	31	d6a2d9c74207	3600
1788634077	26353525	66	d1443c2fcd10	1800
1788634091	35893	30	3481ce75956e	8400
1788634114	35893	30	a01ccb3f2f0a	13800
1788634117	1300009	31	159650226f06	1800
1788634124	1412702	31	2bf27b124344	4200
1788634149	1412804	31	8a3c4c364dad	15000
1788634152	26466320	66	fc947ad0f9c9	1800
1788634193	35936	30	821830690d3e	24600
1788634219	1412804	31	89d4de48cfb1	15600
1788634227	1525643	31	0dac75127040	4800
1788634251	1525835	31	db7ee700e8af	14400
1788634255	26579351	66	4185020ade7d	2400
1788634339	35994	30	d01843d4e8bb	50400
1788634423	135458	56	e37bc22aa321	50400
1788634440	4	26	762051b29c89	10200
1788634649	6026	26	9fe7b2d920aa	125400
1788634756	6600	27	e201075e052b	64200
1788634848	6126	26	5db59c656530	55200
1788634881	1525908	31	092f449146bb	19800
1788634893	1525908	31	94d5ad65c94e	7200
1788634903	1644573	31	33317ea9f686	6000
1788634927	1644675	31	df9f873b1336	14400
1788634931	26698118	66	9fe82394d18d	2400
1788635116	1644683	31	7bcd3c33f069	111000
1788635125	1769555	31	f77b8a3d5db0	5400
1788635150	1769585	31	6db4d17749d2	15000
1788635154	26823020	66	169673198260	2400
1788635206	1769672	31	2f6d0c57b874	31200
1788635215	1894580	31	174a88bb55cb	5400
1788635240	1894586	31	b668730a3ede	15000
1788635244	26947934	66	c4c704e293a0	2400
1788635274	36032	30	deee6db1585e	18000
1788635345	135560	56	88deef113a75	42600
1788635599	136506	56	6c98cd51fe13	152400
1788635627	36033	30	eb493b3bfe11	16800
1788635644	136506	56	3ac08eda5df3	10200
1788635730	136525	56	6a6c0ba24740	51600
1788635994	4	25	4360aa9fb83f	158400
1788636048	36054	30	d075621da9af	32400
1788636115	2986	25	76396fd3639d	40200
1788636165	136562	56	ea972712adc7	30000
1788636214	136569	56	cd2ef4b3af3c	29400
1788636263	136577	56	2d6b38156874	29400
1788636430	26948291	66	a9474d74d0a4	100200
1788636471	1894618	31	c1cdac314966	24600
1788636480	2019564	31	83bed5df2eb1	5400
1788636505	2019596	31	c8439985f87f	15000
1788636509	27073269	66	1f8be09f86fa	2400
1788636544	37422	30	fc093d725e02	21000
1788636572	2019610	31	bf6d287dd884	16800
1788636623	2019651	31	22c4bdc0caf9	30600
1788636641	137620	56	fe28843996ed	10800
1788636680	37427	30	fc27df849f38	23400
1788636696	2019718	31	f353f84bac19	9600
1788636745	137637	56	c2c839e43fbc	29400
1788636775	2144718	31	9bef6d20ff02	18000
1788636800	2144753	31	ae74f7873d8b	15000
1788636804	27198304	66	b48e406e9e61	2400
1788636872	2144795	31	ed4a642390b1	40800
1788636891	37439	30	7fceddd9280e	11400
1788636900	137653	56	c4b5777f986c	5400
1788636925	2144795	31	79c64250e4d7	15000
1788636953	37447	30	9a6b52f89312	16800
1788636983	2144814	31	28c45a4e7786	18000
1788636992	2269874	31	cf4d34269ab1	5400
1788637017	2269912	31	c1c4079bdfda	15000
1788637021	27323402	66	64085673f8a2	2400
1788637238	37453	30	cc985e2aebea	130200
1788637252	2269986	31	bcbc1bfaa864	8400
1788637261	2395133	31	2ac33167952f	5400
1788637264	137715	56	a8193e05604e	1800
1788637278	137716	56	433aa4faa433	8400
1788637432	2395195	31	f65d0cf872e1	92400
1788637436	27448611	66	41907936437e	2400
1788637501	37460	30	29dd49acc78d	39000
1788637501	2395213	31	0f077dde9cfe	0
1788637511	2520442	31	fb6f5f36fe93	6000
1788637537	2520475	31	ebb05b7f0394	15600
1788637541	27573873	66	ea4ed427b71e	2400
1788637563	137727	56	d0d59a9bfd1d	13200
1788637666	137679	56	8ba39df402f7	61800
1788637673	137770	56	c71b40c62560	4200
1788637728	37477	30	41063ac8cc82	33000
1788637728	2520513	31	df22cb1aec06	0
1788637738	2645801	31	510d3fa6668c	6000
1788637765	2645840	31	d7e08559cbbd	16200
1788637769	27699200	66	a7fb24c22dec	2400
1788637843	2645901	31	6d68797b78e2	44400
1788637955	137778	56	18ab182ac33e	67200
1788638018	37491	30	cc6564dd42b1	37800
1788638018	2645958	31	80efb1350d08	0
1788638029	2771311	31	2da0f119a7a5	6600
1788638030	137792	56	cc01bb42c3fa	600
1788638056	2771350	31	c80d294b1d87	15600
1788638060	27824592	66	c6cdf4fce91e	2400
1788638209	6864	27	0dcd093300b9	89400
1788638254	137806	56	c8e223e3974c	27000
1788638289	8904	27	d8165d2b43b4	21000
1788638300	8904	27	5c450e27e430	6600
1788638302	37522	30	701132ab790c	1200
1788638325	2896792	31	a640aa31fe7f	13800
1788638341	12646	34	ba91af4cb902	9600
1788638351	2896809	31	229c2506ef9a	6000
1788638355	12646	34	6603906a52d5	2400
1788638355	27950051	66	53745c3facca	0
1788638442	12651	34	2f4df33052d5	52200
1788638544	12662	34	0f34464fdb4e	61200
1788638559	12662	34	d17680b492c1	9000
1788638637	137824	56	acc8a9153ffd	46800
1788638733	3250	25	d8272d4886f4	57600
1788638778	137845	56	c2af9781b63d	27000
1788638806	37549	30	9aaa12620d0f	16800
1788638862	6022	25	e6132475d1d3	33600
1788638864	6090	25	85929edd9815	1200
1788638895	3022315	31	18a727386103	18600
1788638921	3022329	31	53e916443c14	15600
1788638925	28075571	66	cbaaa66a25ea	2400
1788638974	6411	26	bdfb061bfa68	29400
1788638993	137858	56	be247fd4208a	11400
1788639054	6468	26	0a8ae6215cb2	36600
1788639073	12276	26	1a43820af469	11400
1788639073	37583	30	0c378f3bc035	0
1788639088	137876	56	86df3f32a6e4	9000
1788639091	3147889	31	004ab31de8fa	1800
1788639117	3147906	31	bb7f4d94bedb	15600
1788639121	28201148	66	30e55559fc29	2400
1788639260	137894	56	7411c796df84	83400
1788639266	3148003	31	3c6116c31cf6	3600
1788639338	3148041	31	827871a28ddf	43200
1788639340	37608	30	a6a9af8449d4	1200
1788639352	3148109	31	0b3370972c45	7200
1788639365	3273765	31	7cc598e15d1e	7800
1788639391	3273857	31	232a8df6f3cf	15600
1788639396	28326896	66	616c2df25aa7	3000
1788639439	2528194	46	b4d97c26ac33	25800
1788639480	2528243	46	adf3f42da90e	24600
1788639536	3273947	31	b324519602f4	33600
1788639548	3274002	31	b57ab9ea841f	7200
1788639571	137910	56	6f4b18dec88e	13800
1788639632	3400141	31	4f3cec0099ba	36600
1788639659	3400142	31	7991821ffb2b	16200
1788639663	28453036	66	ff6690045e2f	2400
1788639735	37630	30	058fb06ca891	43200
1788639735	3400161	31	9f8306c27d2f	0
1788639756	3400216	31	31f45ec563fa	12600
1788639785	137918	56	e0f579d564c7	17400
1788639805	3400216	31	a25eb14756ce	12000
1788639823	37630	30	833dc4f7655a	10800
1788639835	3526428	31	53561ee30711	7200
1788639865	3526433	31	2275d80036a0	18000
1788639869	28579253	66	398733031805	2400
1788640051	12330	26	edf7d9f3e2e6	109200
1788640099	12364	26	b1e397c20606	28800
1788640099	137918	56	914554af2f44	0
1788640125	18173	26	3cb16e1fc624	15600
1788640136	37641	30	97c7b375e82f	6600
1788640148	3652706	31	2d2a4dd7b34d	7200
1788640175	3652723	31	a2586e344ac5	16200
1788640182	39007	30	142163d591ab	4200
1788641046	159277	56	d6f645bf29f3	518400
1788641066	159277	56	bbeacf9e7970	12000
1788641213	159307	56	8157d6f60a56	88200
1788641213	163530	56	c3a9453bde3b	0
1788641330	175035	56	af79782bbaf5	70200
1788641422	183802	56	eadace4e26ff	55200
1788641526	183960	56	e37b8daefc1b	62400
1788641592	183980	56	17cd235ddb06	39600
1788641862	184031	56	7bf8bc2b4c79	162000
1788642042	28579649	66	fab09433b906	108000
1788642363	184238	56	3f000e511704	192600
1788642389	184248	56	a2164b8ca687	15600
1788642438	184267	56	b336045f6b2b	29400
1788642822	2677	28	b692cc93746d	230400
1788642984	2768	28	d7f31f85a766	97200
1788643331	2813	28	4931160924a0	208200
1788643494	2930	28	ae7f53f3707d	97800
1788643669	28580028	66	4ec5b85b6f46	105000
1788643707	28580410	66	b7e8d25d6d08	22800
1788643839	184314	56	520870148154	79200
1788644086	184359	56	b5d219bcae3a	148200
1788644443	28580863	66	89a6bb3b817a	214200
1788644691	28581359	66	acbbfdf3d5c6	148800
1788644694	2999	28	75f56f6fba40	1800
1788644729	3004	28	664938bfe3a2	21000
1788644800	184373	56	0ad09a315e29	42600
1788644999	28581785	66	5c5985a57eac	119400
1788645172	3181	28	e8939b0cdb3e	103800
1788645447	28581871	66	0dc0c5037803	165000
1788645447	28581836	66	2832aa90b4fd	0
1788645447	28581824	66	3d39203f7865	0
1788645447	28581830	66	ba2c67edcd83	0
1788645447	28581816	66	ff71f389e168	0
1788645448	28581872	66	8ea10cb88671	600
1788645448	28582289	66	bc2880a869c0	0
1788645474	3186	28	4217eb582f6c	15600
1788645847	28582729	66	5a34edda04fe	223800
1788652472	985524	44	9289b8f6dd88	3975000
1788652493	985539	44	ab46203dcdfe	12600
1788652547	3188	28	31e1bcf86285	32400
1788652593	184396	56	dc76a933bb3a	27600
1788655417	394597	36	6ee6cf81a8d7	1694400
1788655691	28582932	66	df21616eb21f	164400
1788655749	12743	34	8db9df3c8a9e	34800
1788655774	394694	36	d58a71039809	15000
1788655802	394773	36	ffc7d2baed34	16800
1788656095	28582932	66	dfbcd6c93b29	175800
1788656102	394775	36	6207125633bd	4200
1788657809	28583710	66	30b97a7a2a8b	1024200
1788658180	394943	36	835e3498c84a	222600
1788658987	3645	28	e76b1c553a44	484200
1788659435	13190	34	0fdf425844a0	268800
1788659448	13190	34	5e56abbe47a8	7800
1788659574	28584130	66	6a2af6197d30	75600
1788659647	394986	36	a749f2a75c92	43800
1788659814	395021	36	9f08afbb1644	100200
1788659936	2528392	46	c09393e72d84	73200
1788659953	28586483	66	9d22069317e3	10200
1788659972	13549	34	294dcc062cb0	11400
1788659986	13549	34	540c45f6f053	8400
1788660094	2528640	46	7df51f3412b7	64800
1788660105	28587096	66	0f667ea9bd31	6600
1788660128	395055	36	9f2452ce6635	13800
1788660170	2528849	46	a1ca8f9155f0	25200
1788660228	2528883	46	93553676ef58	34800
1788660254	2528885	46	9d6e1b561827	15600
1788660314	28589739	66	31f02e82388c	36000
1788660373	2528956	46	37cbca110d0b	35400
1788660387	28590042	66	ecbd0a5a3614	8400
1788660401	14301	34	c1ac4e0bed7f	8400
1788660401	2528957	46	81ef5364b86d	0
1788660510	2529082	46	603947ec164e	65400
1788660530	28590455	66	d9a5c89f0f68	12000
1788660603	14744	34	9a922119dd89	43800
1788660800	2529225	46	327df89255f1	118200
1788660801	28591559	66	ced186e3fe5e	600
1788660831	2529278	46	2390a5411c49	18000
1788660852	2542311	46	ea6d52c70190	12600
1788660907	28604462	66	1c551a2928bd	33000
1788660911	985482	44	bd6af85a422d	2400
1788660989	6545	25	958449237b6f	46800
1788661140	28605196	66	37e4c6929060	90600
1788661396	3652793	31	ff30aa3913f6	153600
1788661481	3652794	31	ab6f521db288	51000
1788661510	395085	36	b77583fbaaa4	17400
1788661559	3652801	31	1ecf8e610686	29400
1788661635	3652802	31	cb956238ca40	45600
1788661693	3652806	31	e671460298dc	34800
1788661716	3661696	31	714d87343b74	13800
1788661720	28613926	66	63acce00fbf4	2400
1788661756	395114	36	60f113b2d1c4	21600
1788661825	184430	56	3ee95c5a2fa1	41400
1788661829	186888	56	5c0ee679187a	2400
1788661829	184505	56	c28a23b83862	0
1788661829	184502	56	dec1049c1676	0
1788661829	184481	56	f127bd7ed8d7	0
1788661921	395137	36	a4feffdfc6d1	55200
1788661953	14768	34	7d403652af5f	19200
1788661966	14768	34	c587193f171b	7800
1788661968	2542533	46	60573a82e1e9	1200
1788661985	2556690	46	51442d6cdda0	10200
1788662121	28627942	66	2357cd238763	81600
1788662408	3661784	31	21b3e2a1bef6	172200
1788662610	28629089	66	895cadcfa0d8	121200
1788662776	15171	34	a3a5e23bf9b1	99600
1788662790	15171	34	c65fe3b7d38f	8400
1788663059	395167	36	a5dbb923e9e4	161400
1788663088	188153	56	e489f9532f3a	17400
1788663135	28629524	66	24a3d8880904	28200
1788663581	991383	44	db38dfe0811c	267600
1788663626	997004	44	f417f17e4849	27000
1788663688	996368	44	66b445b90800	37200
1788663796	395195	36	cd46752519f5	64800
1788663818	3678540	31	c06cb36a3483	13200
1788663928	998014	44	6b9657eb003b	66000
1788663979	395219	36	d192175edcde	30600
1788664056	28629980	66	c2f70c627bc3	46200
1788664102	999595	44	8448ec008cb7	27600
1788664102	28646926	66	1d0441b7db06	0
1788664143	1001189	44	2d616e417dd0	24600
1788664162	3692497	31	93b9c4c9e292	11400
1788664166	15516	34	d1b459cd6436	2400
1788664181	15516	34	c19212b09466	9000
1788664236	3706350	31	52e0709fa2c6	33000
1788664275	28647320	66	2dedd4f298e5	23400
1788664402	15905	34	2b0db38f46b2	76200
1788664417	15905	34	fa8a25e79013	9000
1788664471	395246	36	ea329ba8d062	32400
1788664492	2556950	46	b4b829148d26	12600
1788664511	28647732	66	74edc722aa2c	11400
1788664604	28675727	66	1b9a9867545e	55800
1788664664	2590629	46	b09e2f3f1d75	36000
1788664667	188164	56	9bba56e9c71b	1800
1788664705	28676192	66	4e0b72bf30c6	22800
1788664776	395271	36	fade3ca11ae0	42600
1788664791	2606811	46	f9537f30b407	9000
1788664836	28676661	66	878273f3c370	27000
1788664840	1002914	44	dacc0abfdaac	2400
1788664888	395298	36	bfdbdc8ee7c5	28800
1788664891	3720175	31	28ea8684ae79	1800
1788664935	1004666	44	60e0945fcca1	26400
1788664982	28724174	66	17d93008e51f	28200
1788664992	28724653	66	1f1ad310a40c	6000
1788665013	1006450	44	d594c1e42157	12600
1788665015	3734025	31	9528a827b360	1200
1788665036	188166	56	35acfd846601	12600
1788665109	1008267	44	14d563615bc7	43800
1788665112	3747915	31	267cff2117e2	1800
1788665148	395324	36	0a4aa360d85a	21600
1788665195	3761836	31	d3e761fe73c3	28200
1788665207	1009952	44	7a51609ae5f5	7200
1788665271	3775774	31	273bf364e711	38400
1788665281	28766680	66	62728009e87c	6000
1788665289	15905	34	c94470107ca6	4800
1788665302	395354	36	9798f135a23a	7800
1788665306	15905	34	abaa718bc4cb	2400
1788665516	28795009	66	1a339a020474	126000
1788665528	1008208	44	ffd15b01b13c	7200
1788665530	28796099	66	f772dc96c326	1200
1788665697	395386	36	497d80b9a2a6	100200
1788665754	2639424	46	eb2da9b8678d	34200
1788665776	188173	56	09cbef5c13b8	13200
1788665821	395416	36	0102c72efc58	27000
1788665970	2672132	46	2feaa4a1d4f0	89400
1788665970	28829034	66	42f2b3a801c1	0
1788666089	395442	36	462a58ad2748	71400
1788666119	188177	56	471b473eb180	18000
1788666179	2704906	46	71890499de46	36000
1788666358	395449	36	fce20e673bbd	107400
1788666422	28894757	66	17d2733d5f1a	38400
1788666504	188182	56	f2449de966a9	49200
1788666639	2754092	46	1d36639c31e2	81000
1788666656	1011643	44	fc649768961c	10200
1788666700	1013349	44	5adbbf72692c	26400
1788666707	3789706	31	be37c2e89f22	4200
1788666717	395456	36	8736cb05e429	6000
1788666731	1015085	44	809dc91e4c3a	8400
1788666778	3803653	31	b5dada0aad84	28200
1788666778	28944349	66	22f337b9471a	0
1788666798	188186	56	caa69633fc30	12000
1788666864	1017008	44	4ef118886cbe	39600
1788666874	3817634	31	a42b910ba882	6000
1788666912	3831693	31	dc758822746c	22800
1788666964	395464	36	fa17ff0808b0	31200
1788666979	395471	36	f26eb381c729	9000
1788667190	1020483	44	baacdb506152	126600
1788667194	395480	36	7880329a7552	2400
1788667255	3845677	31	02192d8c127e	36600
1788667262	188189	56	e2fa9ebadcb7	4200
1788667302	3859687	31	c0af3cdec1a1	24000
1788667342	395489	36	6fd55ec68f0f	24000
1788667491	29000762	66	95dfa2ce68c6	89400
1788667630	1034975	44	cc809cbbc107	83400
1788667670	395499	36	d08bc1f4baac	24000
1788667827	395517	36	4cbdee9e5749	94200
1788667870	188200	56	4dac06e48176	25800
1788667887	395528	36	090e611d5efa	10200
1788667912	3859775	31	a9c68f129ac5	15000
1788668232	1020709	44	b19a395b9489	192000
1788668257	395537	36	8d172e83528f	15000
1788668328	1020902	44	6d77a92688c0	42600
1788668358	29001277	66	9d364a218b91	18000
1788668418	3874277	31	4161b71991f0	36000
1788668478	395546	36	b6da797c13c3	36000
1788668639	188205	56	0a8d06466830	96600
1788668731	395555	36	f9b092ced7b4	55200
1788668744	3874306	31	877f7cb09548	7800
1788668864	3874447	31	160f406ca1a3	72000
1788669001	29015986	66	1ae532c5ff5b	82200
1788669019	395564	36	80c4e730abea	10800
1788669195	9105	25	86661790840c	105600
1788669244	3876886	31	cb87b9f3f8e4	29400
1788669332	1022802	44	685d0e88bb5f	52800
1788669355	395572	36	09df3200cb5a	13800
1788669373	188213	56	d159aaec3305	10800
1788669407	3891077	31	782acf6841ad	20400
1788669416	29018927	66	02e7aac373f4	5400
1788669461	395581	36	51f326cada43	27000
1788669558	1035029	44	17b3d414364e	58200
1788669582	188213	56	c46c127fdf35	14400
1788669684	1022988	44	479d3a162116	61200
1788669750	3905267	31	7dc02d1b5ec3	39600
1788669759	29033644	66	a1fdc757efc3	5400
1788669814	188221	56	4c7a11422f32	33000
1788669860	395589	36	04d2b4dc0276	27600
1788670175	29048371	66	8486a34b24c6	189000
1788670208	188229	56	7c195d511674	19800
1788670372	3914437	31	54ab70a4aebb	98400
1788670497	395597	36	fbb16b6deaea	75000
1788670570	29057887	66	7f7be6e54e2b	43800
1788670596	188237	56	0339794d5a17	15600
1788670610	3330	28	d8d15892bdae	8400
1788670752	1024737	44	bb8f07ae8afb	85200
1788670830	395614	36	aaa73dc63a96	46800
1788670861	3928879	31	d2a317c1127c	18600
1788670904	188243	56	298909030d40	25800
1788670941	395623	36	957b3b08caf9	22200
1788670993	188245	56	f7ed359fbedf	31200
1788671005	395633	36	a3af69503781	7200
1788671045	3937846	31	c591b2725666	24000
1788671085	395643	36	664791be7fd4	24000
1788671087	3952175	31	e142b2bc6133	1200
1788671191	1024912	44	52743f04c1b0	62400
1788671208	29067977	66	d66f36c81483	10200
1788671295	188248	56	7358c79f6e08	52200
1788671311	1025089	44	354f0616f168	9600
1788671385	1025266	44	443b2683e5b5	44400
1788671434	3966648	31	b7720356c33a	29400
1788671505	188253	56	57132d237c88	42600
1788671515	395652	36	23834563a7b8	6000
1788671557	29082892	66	189c25b876e2	25200
1788671633	3314	28	34a84b51d731	45600
1788671706	3966733	31	f257b3e0743f	43800
1788671710	395676	36	5c05f15169d9	2400
1788671870	3966835	31	7bb554b22995	96000
1788671918	3975828	31	7824dd7eb36f	28800
1788671947	188260	56	64c64f967f7f	17400
1788671954	395684	36	2a712c91ccd6	4200
1788671982	29097833	66	424e5a0b60d4	16800
1788672077	1027016	44	ad666b939845	57000
1788672116	3990309	31	c7c18e984a39	23400
1788672268	188265	56	45180c0a977c	91200
1788672275	395692	36	0ee24abcb945	4200
1788672304	29107356	66	00c94eb26860	17400
1788672352	188267	56	0a8afb8d2c79	28800
1788672369	188270	56	e1de2905bbfe	10200
1788672525	1028768	44	a7c176851eff	93600
1788672589	4004837	31	946a14e566ff	38400
1788672714	188275	56	2b7a1eb6c832	75000
1788672722	395700	36	20778ac3ce44	4800
1788672746	29122331	66	282368be79f4	14400
1788672913	4004899	31	24d1d4cda2cb	100200
1788673048	1028951	44	b608de2665f6	81000
1788673048	188282	56	aeb778af85e3	0
1788673057	395708	36	21fc18b9e9f3	5400
1788673084	29137318	66	93961b0d3388	16200
1788673110	4019410	31	d66ac93905c4	15600
1788673113	188285	56	af0326a8160d	1800
1788673324	4019446	31	3026f925c374	126600
1788673473	188290	56	a66231413487	89400
1788673481	395716	36	947f075a42c9	4800
1788673507	29152321	66	ddffebebe613	15600
1788673536	188293	56	1cf0426c6cd1	17400
1788673879	188548	56	a13dbb31720d	205800
1788673907	395739	36	dbab7c782876	16800
1788673966	188570	56	71efe8ae288d	35400
1788673991	395754	36	0f253bed2725	15000
1788674101	4020208	31	8de2d395a466	66000
1788674170	188609	56	8ab8b2b6b3b0	41400
1788674177	395786	36	8a7a803174c5	4200
1788674429	4020208	31	702bfa7c80fd	151200
1788678478	2556690	46	66bb873a9f78	2429400
1788679111	395788	36	127d5cf681a0	379800
1788681121	395789	36	6d85d18e8fd9	1206000
1788681195	192276	56	41b198d7fca5	44400
1788684464	395789	36	af8ac173c2d1	1961400
1788689288	29773365	66	ccb376241113	2894400
1788689548	29773968	66	850afb16df31	156000
1788690220	29775178	66	3e5c6b52905d	403200
1788690420	29775747	66	7c0bdc2cccce	120000
1788690912	29776318	66	cc1faaadc962	295200
1788691119	29776507	66	4a70ba169e8a	124200
1788691783	29778129	66	6177ccd0f41a	398400
1788692047	29778719	66	846283ef4c38	158400
1788692256	29778736	66	8b71c824479b	125400
1788692617	29778893	66	2c767276e546	216600
1788694200	29778965	66	1203b6e1b853	949800
1788694672	29778976	66	f6417f1c8734	283200
1788694781	29778976	66	b9a3995fe907	65400
1788695162	29778976	66	80bceba41a4e	228600
1788695608	30400158	66	6f4a8e7c08ac	267600
1788695883	30400164	66	e25a93e4159b	165000
1788695984	30400187	66	b19d3231b4ed	60600
1788696539	2556690	46	94f9d86415e3	333000
1788697504	30400240	66	c9fd7dad8fdf	579000
1788697524	30399846	66	5b208423ef98	12000
1788697735	30399853	66	d64e73f37439	126600
1788697777	753878	44	e891ea6c21ee	25200
1788701097	30400178	66	37b9276ee97d	1992000
1788701581	31022401	66	dee1b8bb4a46	290400
1788701734	31022409	66	df4719823d0f	91800
1788701801	31022419	66	fbb2d0f2ab1b	40200
1788702046	31022446	66	096b5527a2b7	147000
1788702278	31022460	66	07a57eacab5c	139200
1788702449	31022471	66	bd442baab49e	102600
1788703993	31030429	66	f5a9028cd77f	926400
1788704140	31030432	66	0ca3e893da2d	88200
1788708497	2556705	46	d7cb90b783fb	2614200
1788713744	427	24	bc1aa5968e4d	3148200
1788713993	445	24	7de3a8183689	149400
1788714278	448	24	95c3a90cb9bd	171000
1788715028	461	24	9e44eb007fed	450000
1788715329	642	24	7ad64b2e8acd	180600
1788718686	2556705	46	ba85639f2408	2014200
1788732459	2556705	46	33253d289393	8263800
1788735561	1005622	44	2c944489a9d6	1861200
1788735711	1005724	44	b09ee3b640c0	90000
1788738263	1015085	44	397498365492	1531200
1788738864	2556705	46	996a8f679107	360600
1788739129	1025125	44	c4a39f87b1e8	159000
1788751212	1025347	44	2e5879fc56e5	7249800
1788751406	1025362	44	db5338bf9613	116400
1788752244	1025974	44	98dd908954c4	502800
1788752345	1026162	44	b075b0f1acab	60600
1788752640	1026831	44	0eab5c2f3832	177000
1788752788	1027018	44	c5b474e360a7	88800
1788756106	2556705	46	bf5e87b73705	1990800
1788766296	395800	36	0162f738201c	6114000
1788768830	395800	36	8ca75c80d747	1520400
1788768948	193174	56	9cd0ba033afd	70800
1788771493	1035887	44	eee5d66e91a8	1527000
1788772435	1045119	44	9e558fa21390	565200
1788773691	395800	36	44cc93bda794	753600
1788775550	1054192	44	92a79161659f	1115400
1788776058	497392	40	580965ed2bc9	304800
1788776133	497545	40	2ffb435d105d	45000
1788778244	768543	54	4088117acd2c	1266600
1788783390	1056591	44	7910d92d0f44	3087600
1788784233	31654693	66	bfad32311722	505800
1788784381	2556705	46	e6860e4f667f	88800
1788784821	1065859	44	5a4960bb67ee	264000
1788785022	31654729	66	28e41f129d80	120600
1788785051	1065870	44	380c7ea8ceab	17400
1788787246	2	23	394fd96124f9	1317000
1788787322	947	23	5510c3c9da91	45600
1788787355	2	22	488149b7502d	19800
1788787588	1078	23	7810ff82b66c	139800
1788788278	121298	22	94f4de79702b	414000
1788788834	121480	22	5cb489886a54	333600
1788789942	121644	22	477dd6fc135e	664800
1788790492	121645	22	0b035563d618	330000
1788790837	4070782	31	b0a6fe5040e2	207000
1788790921	4073161	31	e2f43df68d96	50400
1788791013	4073255	31	e196a86a1378	55200
1788791073	1155	23	d4e255013391	36000
1788791350	4073261	31	8c88aae1ff81	166200
1788791468	4073755	31	0f386ec1d573	70800
1788791471	1277	23	07d1e5070efd	1800
1788791471	4019655	31	e59deb104d8d	0
1788791551	4073755	31	4c8769b0ef03	48000
1788791643	4073796	31	97e3e461890e	55200
1788791646	1313	23	a7c5015b53e9	1800
1788791768	4019655	31	e8f6222226a7	73200
1788792043	2250	23	82550619f31d	165000
1788792353	2383	23	7c8042776e0c	186000
1788792395	2396	23	3d64482d887b	25200
1788792497	4073811	31	b4f8dce65f02	61200
1788792499	2414	23	014ffdae8877	1200
1788792939	4074678	31	674a75f01ff3	264000
1788792965	4074666	31	6f5e6b4157bc	15600
1788792968	2393	23	e0fab10bb7ee	1800
1788793000	2451	23	83c7f02bf3ef	19200
1788793940	4074707	31	28cc2b783e6d	564000
1788793943	2492	23	ec44ae5d3768	1800
1788794471	4074706	31	487e469a2a09	316800
1788794575	2618	23	23a9718dd529	62400
1788794577	121739	22	ed23b621606e	1200
1788795098	4074716	31	888d3b2b4143	312600
1788795102	2628	23	1e3830a0014c	2400
1788795862	4074752	31	db5c210798ad	456000
1788795864	2664	23	f17db6849d67	1200
1788796620	4074752	31	d46365967032	453600
1788796622	2664	23	2e273cd7facf	1200
1788796859	4074672	31	7941f85dec6c	142200
1788796861	2609	23	da2cd9a36bb8	1200
1788797605	4074727	31	4beec86b3011	446400
1788797607	2664	23	f05b9f5db3ea	1200
1788797701	4074729	31	e1d6dc7321b5	56400
1788797703	2668	23	195ca0e16805	1200
1788797732	4074729	31	38dd2987d9fb	17400
1788797734	2670	23	0ba1f23596e7	1200
1788798587	4074729	31	f58166a278e5	511800
1788798590	2681	23	38edbb432c88	1800
1788799354	4074752	31	cd00a9cb8ff4	458400
1788799357	2704	23	d7db13da5754	1800
1788800099	4074752	31	01fc5f3b1f87	445200
1788800102	2704	23	b5a43ece8b34	1800
1788800397	4074752	31	ad1982520e74	177000
1788800400	2706	23	0fda5004bc79	1800
1788801150	4074752	31	6f33bd87c891	450000
1788801152	2706	23	0605607f7250	1200
1788801319	4074752	31	d98dec63365e	100200
1788801323	2708	23	cec623b2c8a5	2400
1788802077	4074752	31	4568fa2e473f	452400
1788802079	2708	23	c2b8d1db3b1a	1200
1788802190	4074752	31	6b32c4ff614f	66600
1788802193	2710	23	7fe62a765399	1800
1788802224	4074752	31	c55590399a73	18600
1788802226	2712	23	5e6d89a399ae	1200
1788802250	4074752	31	2a508794e29c	14400
1788802252	2714	23	449f4a728052	1200
1788802276	4074752	31	fa58fb6c1b6a	14400
1788802278	2716	23	b9746ff73b72	1200
1788803037	4074752	31	23be2eda5da4	455400
1788803039	2716	23	e39f48ff5cb2	1200
1788803114	4074752	31	340c219e5bf4	45000
1788803117	2718	23	939f3b5cf4f8	1800
1788803877	4074752	31	f1b02651bb7b	456000
1788803881	2718	23	786c1f454c96	2400
1788803997	4074752	31	d52113446be5	69600
1788803999	2720	23	1a923efae34d	1200
1788804742	4074752	31	8768922fea2a	445800
1788804745	2720	23	993c89bc258e	1800
1788804906	4074752	31	41a8541d2c28	96600
1788804909	2722	23	67d1467e18bb	1800
1788805649	4074752	31	4bb265e9dbbd	444000
1788805651	2722	23	7184ed69fd8b	1200
1788805818	4074752	31	0ca871adb3dd	100200
1788805822	2724	23	435758d57ea4	2400
1788806558	4074752	31	4daa61261a4d	441600
1788806560	2724	23	9fd56fe2ed07	1200
1788806653	2556705	46	a33bfa8f1419	55800
1788806709	4074752	31	de5ccd82a121	33600
1788806712	2726	23	0219b89120a7	1800
1788807434	2853	23	6fdc44253313	433200
1788807445	4074752	31	bb91bae4dd66	6600
1788807448	2853	23	bc853c84c5c1	1800
1788807583	4074752	31	6fccef251686	81000
1788807586	2854	23	54a5ed8137c1	1800
1788807615	4074752	31	484f31b41c59	17400
1788807617	2855	23	2f5313da071a	1200
1788807640	4074752	31	1b2f3050a9b5	13800
1788807643	2856	23	89fe4dedfaf1	1800
1788807665	4074752	31	4ba80f6156a6	13200
1788807667	2857	23	22435a32fbee	1200
1788807841	4129447	31	5137a25eae32	104400
1788807893	2905	23	71146edea4ca	31200
1788808075	3052	23	01617ced7a06	109200
1788808430	4129447	31	20a2f85edef0	213000
1788808432	3052	23	c919a5f52e82	1200
1788808460	4129447	31	88d96feffa0e	16800
1788809163	4129550	31	f3f45a0d6c5d	421800
1788809166	3195	23	1910d4eab1cf	1800
1788814457	3238	23	736af2da1084	3174600
1788814688	3293	23	6b6fae7bd8b6	138600
1788814895	3303	23	25834b70a049	124200
1788815128	3314	23	317a4831d971	139800
1788815574	3316	23	0e4b3ac4c36e	267600
1788815630	3316	23	cf130740a1e4	33600
1788815992	3319	23	a7ab23efc4b6	217200
1788816522	3321	23	32602f60cf95	318000
1788816651	3323	23	e6634b038506	77400
1788816763	3370	23	7f9291c1b680	67200
1788816826	3369	23	f4caffa65555	37800
1788816961	3480	23	cd77362802c5	81000
1788817028	3517	23	d0e11ed0aeea	40200
1788817233	3519	23	a60cba458c1c	123000
1788817384	3623	23	cb3848547823	90600
1788817516	3661	23	bcdab92900c8	79200
1788817670	3730	23	f2f071a30302	92400
1788817719	15924	34	fb1d37adfb24	29400
1788817737	2556724	46	41e3f3e05684	10800
1788817740	193193	56	17515304e75e	1800
1788817758	1065889	44	cf429bc438f8	10800
1788817761	7309	41	133ce200fadc	1800
1788817958	3811	23	1003cf676f6c	118200
1788817960	121789	22	09975db08cc9	1200
1788818148	3832	23	15ea34b9c691	112800
1788818200	3834	23	0f41c9206805	31200
1788818202	121791	22	0a6aa3a369e5	1200
1788818702	3856	23	45ec78971471	300000
1788818996	3886	23	bcb60a1f73b2	176400
1788819153	3902	23	60573166c0fb	94200
1788819586	3940	23	118f00da734d	259800
1788819890	3967	23	dc3547ee97ca	182400
1788819892	121797	22	043d3e4928ab	1200
1788820110	3998	23	76b69c69ae12	130800
1788820121	121801	22	243091b58763	6600
1788820539	4064	23	feadaa301f95	250800
1788821066	4084	23	cd64aecf4f26	316200
1788821469	2556724	46	cc3dea806def	241800
1788822090	16035	34	be057061311f	372600
1788822114	7443	41	4db0b6764ec9	14400
1788822116	4270	23	c31e2e315946	1200
1788822305	4357	23	3c84b117adc0	113400
1788823300	4371	23	c6cbf9686eea	597000
1788823754	1074442	44	0e25e3b6b590	272400
1788823793	4138060	31	5b858a57dc2b	23400
1788824184	1074458	44	3235a34d1a2f	234600
1788824281	1083078	44	b821c7ecf2d8	58200
1788824334	4147307	31	8b390a041f86	31800
1788824616	1083097	44	db74f7a55d8d	169200
1788825022	1083117	44	3b2184f19ff8	243600
1788826494	1093099	44	fdb3503ef666	883200
1788827433	1102829	44	f1b31a9784cb	563400
1788828455	1172122	44	5c41ec49db66	613200
1788828604	1172209	44	bb9d84f014ab	89400
1788831844	2556751	46	8d6566821d3f	1944000
1788831884	1172211	44	c9f7a8218fa3	24000
1788832315	32276329	66	cf2b27af4152	258600
1788841019	1172391	44	ccf675d40741	5222400
1788841027	1172393	44	2787c8adf122	4800
1788841337	1182292	44	d475608c51c4	186000
1788841694	31654939	66	c5e227cd72b9	214200
1788841706	32276539	66	19856436ca26	7200
1788842176	32276657	66	0217d0647ef0	282000
1788842200	2556751	46	7d4474e35180	14400
1788852300	395800	36	ce28e04d3302	6060000
1788854499	395805	36	96d1a24e4793	1319400
1788854592	189915	56	bd292a9b92a2	55800
1788857039	1192264	44	b84e8b2ff9c3	1468200
1788857321	1202273	44	b4b1d22f7da1	169200
1788857578	1212313	44	b4227c5010db	154200
1788857855	32276804	66	ad2626f008d6	166200
1788857885	32276657	66	f3b3e52d5aa1	18000
1788857900	32276804	66	94e5f107aadd	9000
1788857973	32276804	66	1f1fe10bf668	43800
1788857974	395805	36	9dd2dd25c5cd	600
1788862779	32901879	66	99fe5b3087db	2883000
1788862850	32901897	66	b45566bd7fec	42600
1788866356	2556751	46	350f1b51beb3	2103600
1788872342	32901861	66	998d127174f8	3591600
1788872352	32896794	66	5dffc698265d	6000
1788885525	2556751	46	c88ab916df79	7903800
1788901778	2556766	46	9c707fe794a0	9751800
1788902305	32902119	66	f7a7e2e6602b	316200
1788902306	32897016	66	09a5fe9065d5	600
1788902732	32902137	66	dfb405c0d2cc	255600
1788906612	33526853	66	bbdedab1eb8a	2328000
1788912909	2556766	46	61aaceaf96d8	3778200
1788929273	2556766	46	d16b0ae0d7d5	9818400
1788939210	395805	36	5fe3e73e3872	5962200
1788941136	395805	36	3a63e71ed084	1155600
1788941242	191014	56	0f734cb322f8	63600
1788944741	395805	36	65640740677c	2099400
1788953020	2556781	46	bfe031193fba	4967400
1788971938	2556781	46	fc4e02bdae5f	11350800
1788987381	2556781	46	35cecead15a1	9265800
1788999301	2556781	46	55ed868edfab	7152000
1789015695	2556781	46	3926a8a850ae	9836400
1789025390	395805	36	2c8223e761ff	5817000
1789027491	395805	36	8073002f958f	1260600
1789027606	191092	56	b35f9b538528	69000
1789031107	395805	36	d2f6979fdf65	2100600
1789034213	33527053	66	6bd4a3335893	1863600
1789034232	33527073	66	94218a9b8597	11400
1789034292	33527077	66	d9dd58ddcb71	36000
1789034761	33527074	66	6928cffdc342	281400
1789039216	2556781	46	9275f544ce1c	2673000
1789057487	2556781	46	05f946eec9fe	10962600
1789073552	2556781	46	a78820770b6b	9639000
1789085438	2556781	46	81ca994c0828	7131600
1789092706	1212459	44	7e2295f28fef	4360800
1789094682	1212551	44	f5a49410c6af	1185600
1789095283	1212750	44	ae4ca33caa19	360600
1789095332	1212820	44	159346d2669c	29400
1789095588	1212953	44	8bdedfc488d3	153600
1789095618	1212894	44	d025e2168b8e	18000
1789095993	1212907	44	1cbc3a2962db	225000
1789096476	1212908	44	deb51f868308	289800
1789096866	1212911	44	19588c2dbae4	234000
1789096899	1212927	44	908efc6b64ac	19800
1789101647	2556781	46	6ab1ad7f32c4	2848800
1789111680	395805	36	392328956d0e	6019800
1789113654	395805	36	17ee8adc1982	1184400
1789113710	191206	56	9463020a14a8	33600
1789117036	1213282	44	9649123718a3	1995600
1789117112	1213283	44	be5f4fb22d43	45600
1789117180	1213661	44	5b1f0af5ff26	40800
1789117344	395805	36	0b1804c49012	98400
1789117397	1213601	44	2ffc777d8441	31800
1789117465	1213682	44	e3123cb4b9d7	40800
1789120194	18329	26	68eaff5e3db1	1637400
1789120214	18361	26	0b94cd33a795	12000
1789120425	18377	26	87ad198115e3	126600
1789120831	1213718	44	b47c48ecd04d	243600
1789120991	1213789	44	c203d9509f2f	96000
1789121398	1213776	44	e7f9425a547e	244200
1789121504	1213833	44	ef5fe97cc186	63600
1789121573	1213855	44	52e75641961c	41400
1789121658	1213979	44	5d45c45f59a4	51000
1789121686	1214039	44	e6aa1d625056	16800
1789121744	1214039	44	8fe97862ff58	34800
1789121815	1214062	44	1c06975d274a	42600
1789121957	1214062	44	59363f22c166	85200
1789122005	1214459	44	de935df55ab6	28800
1789122063	1214460	44	0abae4ecce1b	34800
1789122262	1214400	44	ece848117a6d	119400
1789122416	1214486	44	5ec21c89ee41	92400
1789125690	2556781	46	62ff1471f553	1964400
1789134847	1214558	44	f4b926a86e45	5494200
1789134857	1214587	44	99f14dfd173e	6000
1789135055	1214589	44	f1418572a98b	118800
1789144140	2556781	46	a6d3e6e09904	5451000
1789160315	2556781	46	7c1e18837694	9705000
1789172319	2556781	46	3fa44322a3e9	7202400
1789197000	2556781	46	d12c3988fe90	14808600
1789197605	395805	36	091160a467eb	363000
1789199583	395805	36	f9793b50ad39	1186800
1789199675	191436	56	279f6a505e6c	55200
1789202769	395805	36	64176ce80357	1856400
1789215038	2556781	46	d59b836bbc06	7361400
1789227122	2556781	46	b5cddf0ffc26	7250400
1789237419	2556781	46	2c9e4d0b4210	6178200
1789251489	2556781	46	d1107e7847f4	8442000
1789274882	2556781	46	17b86db1549e	14035800
1789285126	395805	36	6580a19c8c8b	6146400
1789287301	395805	36	2067b5732ece	1305000
1789287418	191530	56	731daf10075a	70200
1789292446	395805	36	df9da02425fd	3016800
1789300363	2556781	46	7084c21e6b2b	4750200
1789316236	2556781	46	4980096b57cb	9523800
1789316804	1214502	44	4e3fbe5c9e1c	340800
1789316819	1214539	44	466a6a8b711e	9000
1789317269	1214592	44	30cf63e7c33a	270000
1789317281	1214622	44	70fe85f1aff5	7200
1789317609	1214693	44	3554c1e5bc2b	196800
1789326165	33527301	66	89560f4bbbe3	5133600
1789326165	33527300	66	fb45209f4554	0
1789331456	33527528	66	02776ec5c266	3174600
1789331456	33527528	66	52a9d483355c	0
1789332113	33527756	66	3ee475fc93f8	394200
1789332113	33527757	66	f87c8c89c1a7	0
1789332317	1	21	b2bb67c4a023	122400
1789332474	72	21	768b9561ef37	94200
1789332490	109	21	8058166b27e8	9600
1789332674	33527986	66	539917623e64	110400
1789332674	33527978	66	a387cac3aa3f	0
1789336472	53	20	2c4c0a7f1718	2278800
1789336911	6453	20	0dc89eb70ac3	263400
1789337338	17338	20	8fa18b8c6bf7	256200
1789337355	17457	20	90658e723813	10200
1789337448	25285	20	b20220c65882	55800
1789337467	25305	20	457727a9ccb3	11400
1789337491	25326	20	3e51f805e058	14400
1789337564	33049	20	7ee0fc0ba434	43800
1789337598	33067	20	b9d78744bd5e	20400
1789337674	40943	20	17654236e711	45600
1789337730	41722	20	79db99577d5a	33600
1789337912	53385	20	ea5c48b29ee8	109200
1789338019	61207	20	c7f80e2411e0	64200
1789338138	69146	20	a76277539c2a	71400
1789338246	76743	20	7cf689aca5c9	64800
1789338355	76778	20	5605815b51d0	65400
1789338400	76779	20	fa1e76257f56	27000
1789338420	88858	20	4f357e3acb08	12000
1789338501	96590	20	a54b880930b7	48600
1789338593	104592	20	5e7e645614a0	55200
1789338675	112423	20	9717d4e2fe79	49200
1789338777	117087	20	071b599686cc	61200
1789338821	117936	20	642df1733ac0	26400
1789338867	118599	20	02262e35eabd	27600
1789338874	118613	20	13a48b28cf61	4200
1789338914	120602	20	0f17e98a9340	24000
1789338919	141463	20	56e1095cf405	3000
1789338922	141477	20	3849040f34d3	1800
1789338963	141478	20	9c96ba064bb1	24600
1789338982	149059	20	5e63860ebd32	11400
1789338988	152374	20	963c232f3c02	3600
1789339016	152397	20	121d6eb5cec5	16800
1789339035	159674	20	155c1c15872d	11400
1789339121	170278	20	24ac4fca9341	51600
1789339161	177672	20	af1e4af93882	24000
1789339161	170301	20	e56d54e53545	0
1789339203	185044	20	3382b6e241e0	25200
1789339251	192488	20	19b0421e3990	28800
1789339284	193463	20	573912795aa1	19800
1789339292	201063	20	33039acdeedf	4800
1789339332	208352	20	307847e3000c	24000
1789339372	215869	20	c64b7e567947	24000
1789339550	223241	20	0f8da5718a1c	106800
1789339701	227882	20	8e20563be85e	90600
1789339713	235399	20	b02ac0985997	7200
1789339752	242913	20	5889061f9aed	23400
1789339772	390176	20	8162ddf19042	12000
1789339792	397332	20	5868154fd72e	12000
1789339842	404849	20	05900a2852a7	30000
1789339883	412229	20	e171c79ba78d	24600
1789339968	374677	20	1ecd6fe80089	51000
1789340116	398976	20	b084e7c8056c	88800
1789340276	406412	20	e6d223991e2c	96000
1789340344	412012	20	0c38d4039ca6	40800
1789340404	432483	20	4f7420ff0510	36000
1789340412	432497	20	98ccd2f1a3e2	4800
1789340444	433670	20	67cd844d2060	19200
1789340599	437744	20	eccd620b104f	93000
1789341061	444832	20	6ca08ff2882c	277200
1789341106	445216	20	522568e063ab	27000
1789341157	445236	20	9ed620a7db3c	30600
1789341207	445818	20	d5e9e800372a	30000
1789341544	454575	20	060362004cb6	202200
1789342447	475755	20	818e95b9110f	541800
1789343330	7778	41	5e34242d494f	529800
1789343346	494499	20	4ad4ae3b9311	9600
1789343397	7703	41	c7c9ba8f6cee	30600
1789343512	168	21	fd232f850723	69000
1789344002	502538	20	bfb9908afd45	294000
1789344010	502558	20	c41fa451eb9b	4800
1789344249	504544	20	a24ef730266c	143400
1789345150	517467	20	82da7e8bc48f	540600
1789346052	529991	20	c4e4ea7a5e9c	541200
1789346956	548021	20	89adeb75be5b	542400
1789347602	560203	20	a960070defab	387600
1789347611	560223	20	1d1847875020	5400
1789347859	560259	20	de7572a54cc0	148800
1789349670	560671	20	5f08ffbb284f	1086600
1789350760	294	19	658feeb797a7	654000
1789350793	85742	19	4735cf89188e	19800
1789350986	85742	19	2e1923803ee9	115800
1789351210	560691	20	5cd0003588be	134400
1789352151	86570	19	cb132e37b4ef	564600
1789352314	86570	19	b6e1c5ab7a50	97800
1789352413	94419	19	a94738cb6d70	59400
1789352429	94428	19	a9f36a85d64a	9600
1789352477	94830	19	9c43414a9bf0	28800
1789352585	94929	19	2a9ba086665f	64800
1789352783	94180	19	152b11bbbf2d	118800
1789353073	94338	19	a04c81b0cc07	174000
1789353125	94338	19	c60a2d8c40e1	31200
1789354808	560711	20	ee68f66b9626	1009800
1789358109	94338	19	50883769dd59	1980600
1789358408	560731	20	42de935aef75	179400
1789361738	94338	19	937450696135	1998000
1789361769	94339	19	05a2e55a3444	18600
1789361797	94339	19	5a8f6f6f3309	16800
1789361819	94339	19	0c6719ebd568	13200
1789362008	560751	20	1747ff733414	113400
1789365360	94339	19	86efbcb8a5d4	2011200
1789365378	94339	19	fb3a84ae69a9	10800
1789365609	560771	20	4fb5cd41a9f9	138600
1789369208	560791	20	c5bf5f6518fe	2159400
1789372729	94339	19	d05cf1a6092f	2112600
1789373209	94339	19	ee26d1634121	288000
1789373226	94339	19	6ac6de9f7f44	10200
1789375232	94438	19	13891244a64f	1203600
1789375407	94469	19	748c442dc841	105000
1789375465	341919	19	1c46a7fac13d	34800
1789375489	341919	19	c1735a729a3f	14400
1789375749	342059	19	cdf293aa90a7	156000
1789375805	342059	19	24e96442e4f1	33600
1789375811	2	18	304a3791dc0b	3600
1789375814	342059	19	2bd916f6b99e	1800
1789375886	344280	19	ee5c5696ee93	43200
1789375909	344280	19	3460f5990386	13800
1789376253	292	18	9835eb9a5ef4	206400
1789376264	465	18	3b989ad1478b	6600
1789376276	16227	34	e1337125db5a	7200
1789376611	344349	19	4c377c65c399	201000
1789376670	344418	19	85f446453ea3	35400
1789376677	360192	19	3826fa198762	4200
1789376699	360192	19	873ae30d996a	13200
1789376733	360195	19	1378a86afc0e	20400
1789376809	349440	19	ac181c4f7890	45600
1789376828	349440	19	1f017d6823e8	11400
1789376863	349441	19	754ee4993837	21000
1789376968	348990	19	469ce34c738c	63000
1789376992	348990	19	58b8d125fb69	14400
1789378057	512	18	94d2b8b306fe	639000
1789378087	354487	19	71f5a6025fd8	18000
1789378120	354488	19	768862df1bff	19800
1789378175	354644	19	6b18abb20b48	33000
1789378200	354644	19	690209e43074	15000
1789378259	354644	19	7bccea88c4ed	35400
1789378287	354644	19	19c8e2b2d89c	16800
1789378475	514	18	54bd72f97d6f	112800
1789378506	38783	18	f282a414800d	18600
1789378580	354708	19	04790ac9fa77	44400
1789378668	355319	19	8b12f6615c25	52800
1789378694	355319	19	4ec3a3d4de47	15600
1789378918	355358	19	7936e0a6c59a	134400
1789379004	36906	18	e1217f540cf7	51600
1789379015	355358	19	014aa5fc92fb	6600
1789379040	355358	19	11f9ae09a982	15000
1789379090	355364	19	76859ca9a42e	30000
1789379177	355364	19	f5e5094362f7	52200
1789379199	355364	19	6a887da6b38e	13200
1789379322	355725	19	4863f917977d	73800
1789379357	356040	19	1f9c200f41b6	21000
1789379385	356052	19	137b2d83ddcb	16800
1789379406	356052	19	ff93447518c8	12600
1789379416	356529	19	646c7e430bd9	6000
1789379422	356530	19	65247e0e2834	3600
1789379440	356548	19	143ff76f7efd	10800
1789379516	356557	19	6304dfbbe7f4	45600
1789379536	356560	19	9064b80a4cc7	12000
1789379546	356551	19	58328c6b9b10	6000
1789379557	356644	19	9d7f230806ed	6600
1789379566	356914	19	ee649489ffe5	5400
1789379576	357173	19	be37cb2545bb	6000
1789379593	357168	19	33b139b0754e	10200
1789379668	357177	19	b845470fb0b5	45000
1789379690	357168	19	acea8b326396	13200
1789379758	16307	34	e3deb3d0546c	40800
1789379808	357169	19	2194126059df	30000
1789380008	357270	19	a4559a92430b	120000
1789380030	357261	19	9a435b018357	13200
1789380094	357322	19	754b4857fbd7	38400
1789380164	357325	19	ef9cdb79e047	42000
1789380200	357353	19	6a7803d3b6cf	21600
1789380256	357362	19	1b5310344933	33600
1789380267	357378	19	22bd573d0922	6600
1789380280	357369	19	20581bdb65ad	7800
1789380351	357371	19	5d491d80804b	42600
1789380451	357361	19	99cbdd479d70	60000
1789380475	357380	19	ec9d5ef3878c	14400
1789380553	349445	19	1c4e19676b95	46800
1789380575	349445	19	afd2d78d9dcf	13200
1789387656	33528199	66	1f9cde64c216	4248600
1789388353	349411	19	95528e9a1f0a	418200
1789388358	33528420	66	f9df600f5ed9	3000
1789388370	353473	19	68f12567cf84	7200
1789388375	353473	19	64cd5815ff02	3000
1789388937	33528641	66	3d0c1548b3fc	337200
1789388939	353473	19	63587007edd7	1200
1789388945	36906	18	ec5c3146538b	3600
1789388956	353473	19	4f554fa7522a	6600
1789388960	36906	18	5cbf9e6f1f48	2400
1789389012	353473	19	820b60e5c613	31200
1789389015	36906	18	130a182bd4ec	1800
1789389018	33528861	66	065a39d081f5	1800
1789389040	353474	19	825a8bc04e01	13200
1789389129	353818	19	acb0f0b2aac8	53400
1789389155	353818	19	b479747c6819	15600
1789389380	353893	19	2d6128171ec6	135000
1789389396	16317	34	ba78b600f300	9600
1789389663	354751	19	199badb34dd1	160200
1789389766	355132	19	9d6ab646b8e0	61800
1789389783	355129	19	91b500de5451	10200
1789389795	354882	19	34bca010bb49	7200
1789389820	354882	19	48016a2fd02f	15000
1789389925	354882	19	6128e2f9ad2b	63000
1789389951	354882	19	dd4fcb255fcb	15600
1789390619	355313	19	3fc70fabf99d	400800
1789390727	355311	19	30b0a4d75a99	64800
1789390750	355311	19	321e08866795	13800
1789390806	37383	18	5211a891ddf1	33600
1789390854	43200	18	857ea8124484	28800
1789391014	355312	19	6fbbba556361	96000
1789391330	16327	34	62269fefd912	189600
1789391736	355336	19	dabfdcf59558	243600
1789392177	16462	34	68ec84fc244e	264600
1789392227	355533	19	7251935c0cca	30000
1789392350	16485	34	0f061eea0e08	73800
1789392433	355854	19	9a4eda1c643f	49800
1789392461	355336	19	9f0d405632a5	16800
1789392611	16490	34	d1b43192f790	90000
1789392888	16327	34	cabe3bf33ca2	166200
1789393107	16672	34	027da303d05a	131400
1789393857	33529856	66	a88abf09e360	450000
1789393920	4019710	31	fbd0a638cc8f	37800
1789394005	22501	34	a867d2796997	51000
1789394090	4019800	31	32a9f6eb8151	51000
1789394239	4019802	31	d5f81074d4cb	89400
1789394420	4019836	31	5b903758011d	108600
1789394764	4019853	31	497c8bd357f1	206400
1789395448	22501	34	a46376d6c839	410400
1789395517	355456	19	65acb31c198b	41400
1789395601	4020787	31	7244403b77c3	50400
1789395621	4019895	31	9c383a331cfd	12000
1789395800	33530201	66	5c5882b8fcc7	107400
1789395818	355466	19	00c5d1f237b6	10800
1789396024	4020965	31	a51aa704e38a	123600
1789396071	22501	34	da47c2a1e50e	28200
1789396108	355466	19	2dfbaa7a8513	22200
1789396124	343367	19	d34ee3ebac00	9600
1789396242	344570	19	5ed441256c44	70800
1789396271	4020913	31	c3f3f930515e	17400
1789396273	344570	19	ca1ff370bfb5	1200
1789396335	4052527	31	79a6600f0c00	37200
1789396359	16642	34	b642f4ce54eb	14400
1789396381	16642	34	5ea3daa174bb	13200
1789396383	344570	19	84042e223504	1200
1789396409	344570	19	5f2a5d5eb0e8	15600
1789397201	4052721	31	e1d70e870775	475200
1789397282	33530411	66	ea06540af272	48600
1789397396	4052894	31	1d6d0fd10e1a	68400
1789398366	344570	19	9e76a32b09f5	582000
1789398382	7740	41	f4ed819ac13b	9600
1789398384	205127	56	8f212712e72f	1200
1789398434	4	17	bb7d0b4af86f	30000
1789398482	205192	56	b47609b9252f	28800
1789398677	16724	34	f819e5ad3925	117000
1789398891	344906	19	60d2c83400d0	128400
1789398920	344906	19	fdf0bf8ede4d	17400
1789399040	4509	17	61895155c67b	72000
1789399080	4509	17	0c93001feb21	24000
1789399089	4052904	31	ad18a7e9686f	5400
1789399264	4020972	31	771db7b2feaa	105000
1789399285	4052907	31	2a41dcc43617	12600
1789399321	33531433	66	c99faac05b34	21600
1789399870	33531492	66	4cf64e20fc21	329400
1789399958	4021411	31	a3b88316eebf	52800
1789400090	344718	19	a5aae09e0abe	79200
1789400214	33531596	66	1ad3d84b94bc	74400
1789400260	4021520	31	f1a348ef3435	27600
1789400587	4053319	31	7c8ef09dbf6f	196200
1789400662	4021581	31	554f0bb74bf7	45000
1789400932	4053380	31	a5cb5f325592	162000
1789401109	345054	19	7e69fa026861	106200
1789401128	4021676	31	be7ecaabbd10	11400
1789401196	4021710	31	452e0a8292c1	40800
1789401236	345721	19	1f517c01c579	24000
1789401243	4021711	31	dd9e8fe145dd	4200
1789401266	345721	19	b327f734891f	13800
1789401293	4053475	31	7f8f33679aa2	16200
1789402708	16642	34	53b6d34b881b	849000
1789403539	33531805	66	3bb63b5a771a	498600
1789409542	33533764	66	1a382b71b99c	3601800
1789415550	345721	19	7a03b54e7fda	3604800
1789415835	345927	19	15667ee5bdd5	171000
1789415867	345927	19	8afd8c9a4af3	19200
1789419185	16642	34	2e36dbf4d796	1990800
1789423978	4	16	25df11a94c21	2875800
1789424039	2	15	fe58e78926d7	36600
1789424104	4	14	0147e153ad51	39000
1789425048	4	13	974e4eee61ea	566400
1789427632	33534433	66	59e5fa5e8544	1550400
1789427651	345927	19	ceef03f0df27	11400
1789427662	33534433	66	068d0adcd5d7	6600
1789427729	33534883	66	c44b2be2034b	40200
1789427747	33534883	66	b8ff0070e5eb	10800
1789427794	33542431	66	3c2962ed2119	28200
1789427794	33542601	66	da4b63ca38eb	0
1789427828	33542811	66	35f07f9c0ef6	20400
1789428320	4	12	89a043e1a91a	295200
1789428405	843	13	3ea3835cc28e	51000
1789428420	846	13	b0b74d9aef55	9000
1789428437	347903	19	aea3ac9dbf8e	10200
1789428467	852	13	b3e114a6b01d	18000
1789428472	347903	19	a5594e5c10c7	3000
1789428553	911	13	976cf274d3d6	48600
1789428640	871	13	67ae577e66bd	52200
1789428713	64053	13	1dddf3a58000	43800
1789428744	4	11	bd7f790774e0	18600
1789428781	64053	13	471c0f3c6699	22200
1789429540	65773	13	9691d0f3536f	455400
1789429777	16642	34	3ebd067ef984	142200
1789430337	7799	41	48393ff23b46	336000
1789430347	65832	13	052093ce0820	6000
1789430850	33560696	66	b1c4ec082c6d	301800
1789431533	25686	16	74328947c41b	409800
1789434785	33561546	66	e7b39a9bc53c	1951200
1789435103	33580602	66	2052cfc0554a	190800
1789435151	33580603	66	6be371be5f23	28800
1789435218	33580813	66	c86200d4f431	40200
1789435237	25687	16	37aa52de2833	11400
1789435615	33580877	66	238fcd17c2c9	226800
1789435756	33581166	66	f0cf6c6d9416	84600
1789436154	347943	19	432f29538611	238800
1789436398	33581168	66	e84aede1c473	146400
1789436409	33581172	66	1e8424f94739	6600
1789436425	25689	16	71726cff1457	9600
1789436636	33662396	66	064724942dcc	126600
1789436683	33662606	66	95289afc7e75	28200
1789437076	81251	12	54d5b07cb1d8	235800
1789437262	353974	19	80f494932d3a	111600
1789437289	353974	19	dec595dbd9ce	16200
1789437662	33662817	66	0f68c6ca7885	223800
1789437678	33662826	66	7edc6fbd7f2d	9600
1789447443	16642	34	2d8bb4ec399c	5859000
1789448453	65832	13	e1de35af9c3c	606000
1789448691	66328	13	dc30fbfe6e92	142800
1789448732	66328	13	421c0fef0e46	24600
1789448820	66328	13	4a4d1c524fd2	52800
1789448823	66791	13	755afbcfe971	1800
1789448952	67287	13	3e3376233569	77400
1789448988	33717977	66	e8afbeeda965	21600
1789449010	33717977	66	670c785e00c4	13200
1789449027	67287	13	8b930de59db7	10200
1789449067	33717978	66	addafd9dd8ee	24000
1789449098	33717978	66	db721a2dcf90	18600
1789449170	67293	13	a443037baa4b	43200
1789449185	33665949	66	21cfd0e1bdd5	9000
1789449203	33717989	66	baab7f80f19c	10800
1789449251	33665948	66	8db9509b3cae	28800
1789449285	33717989	66	bf1d78b6905f	20400
1789449361	33665948	66	48132e7b556d	45600
1789449397	33721111	66	877589e28f9a	21600
1789449439	33663297	66	4d44e187bb71	25200
1789449499	33663311	66	7d79470fb923	36000
1789449570	33663382	66	59c87b7426a4	42600
1789449598	33663410	66	c7394a61f855	16800
1789449768	33721695	66	a21d5c0344fa	102000
1789450121	67293	13	b5bebb5beae1	211800
1789458842	353974	19	ae5b0d832fe0	5232600
1789459268	67293	13	2290e8fff0ee	255600
1789459381	355361	19	a7712fdabedd	67800
1789459423	355361	19	3c3533fba3d0	25200
1789466284	33721896	66	75781be8441f	4116600
1789466284	33721905	66	eae901b394b7	0
1789466316	16642	34	5fab7e32a553	19200
1789466628	33721955	66	b9c82a97d962	187200
1789473741	7766	41	76b1b57e16f3	4267800
1789475705	33722385	66	85472555d0eb	1178400
1789479735	355361	19	a2f3ee320a40	2418000
1789480335	355519	19	210618cebc93	360000
1789480365	355519	19	1b6d9294985e	18000
1789480969	33722136	66	757175525882	362400
1789480969	33722334	66	b18a6ec431d1	0
1789480969	33722326	66	ddff40287b70	0
1789480970	33101615	66	119be4670ad2	600
1789480970	33101563	66	41253c058433	0
1789480970	33722481	66	6ff0473b33c8	0
1789480970	33101615	66	8c8486e6d7c2	0
1789480970	33101563	66	9cf016b64a01	0
1789480970	33101615	66	a3d55686d1ba	0
1789480970	33101559	66	adb29748d170	0
1789480970	33102403	66	b45a0aca597b	0
1789480970	33102403	66	c2027130a3a1	0
1789480970	33103405	66	e3212ddd154f	0
1789480970	33101352	66	ee814624eae3	0
1789480970	33722395	66	f2f6fced8550	0
1789480970	33722484	66	f3bb7b4bfa14	0
1789481202	33103580	66	bf955ffc213b	139200
1789481572	33103639	66	f8dd41003974	222000
1789481691	33103693	66	6a9863f774c3	71400
1789482024	33104435	66	ebe99e25b94f	199800
1789482876	33105459	66	e53911c1db8b	511200
1789483971	16642	34	2374c43f76e2	657000
1789485926	33105705	66	0cc1750d99d5	1173000
1789488534	33106402	66	c23329c118cb	1564800
1789488837	4	10	be00f1eeb388	181800
1789489083	33106402	66	82a02ec0b57a	147600
1789489214	1843	10	0a7e2a9872d3	78600
1789489311	17512	34	d9cd18b0e203	58200
1789489334	7766	41	94dadbbbe9ed	13800
1789489334	7766	41	e2bc99578f60	0
1789489757	2022	10	fd851b9e8ab2	253800
1789489798	2327	10	d2de261dd555	24600
1789489845	2234	10	37c939f9a5b6	28200
1789489859	1975	10	39c3da6e03e5	8400
1789489944	2171	10	2c1f38ab4d1d	51000
1789489965	2852	10	2195f28b5a3a	12600
1789489965	2461	10	ed14e3cf47ae	0
1789489999	3373	10	a8494fb4686d	20400
1789489999	3045	10	e62df16ba43f	0
1789490023	3360	10	9957519a6569	14400
1789490081	33106402	66	d3898fab970b	34800
1789490412	3529	10	9ab87967165d	198600
1789490520	6450	10	20966fc716ac	64800
1789490598	6596	10	57479f4af734	46800
1789490606	2632	10	04b3cf7ba579	4800
1789490606	2634	10	46a163c15263	0
1789490606	2631	10	7630a72eff9b	0
1789490606	2633	10	bd0010d4e21d	0
1789490607	2635	10	56e12e4dc442	600
1789490607	2636	10	571cba1076c8	0
1789490620	2639	10	7531f2e2f074	7800
1789490654	6599	10	44903fdd5b01	20400
1789490691	7395	10	c94ed2285811	22200
1789490692	7465	10	5be5240cc644	600
1789490904	8508	10	29c0fb4448fa	127200
1789490949	11436	10	4cc78dea256a	27000
1789491005	12481	10	92cb2a3f1f83	33600
1789491005	12479	10	f1d701bea0e8	0
1789491039	8736	10	ec3b9641b101	20400
1789491064	13752	10	075a3099a7e7	15000
1789491099	8795	10	b9664ee27081	21000
1789491124	15082	10	47bd17613a81	15000
1789491191	8787	10	5a6bb0dcd2aa	40200
1789491192	8290	10	e38ba10d5ef7	600
1789491201	8772	10	a80a5b66b3fb	5400
1789491216	16404	10	098aaaaebb33	9000
1789491229	17229	10	a30ef1a49c7a	7800
1789491230	18536	10	45e7c5b0397d	600
1789491256	8786	10	0ac07784b462	15600
1789491282	19857	10	57659d03a777	15600
1789491293	8736	10	06ef148f45d7	6600
1789491319	21128	10	3ac640e2999f	15600
1789491614	8840	10	dd20a5c7162a	177000
1789491700	22503	10	4e2299f1e0d3	51600
1789492099	22559	10	52003ef24015	239400
1789492213	22575	10	f5de7a85cb23	68400
1789495364	22802	10	20c1e494d8aa	1890600
1789495664	22837	10	be62c82b9ffe	180000
1789495940	4054476	31	faf10060dc4a	165600
1789496298	355519	19	5879ebc11330	214800
1789496719	22982	10	abda58ba349c	252600
1789496719	22858	10	e92aa091fcb1	0
1789496884	4056504	31	a0e80607dd70	99000
1789496899	4056778	31	e0185b61bda3	9000
1789496952	361658	19	e8f48e600c8a	31800
1789496987	361658	19	7f9490a5f6d8	21000
1789497090	23030	10	deff7ad232fe	61800
1789497400	23089	10	0355dab1f71e	186000
1789497482	23463	10	36327555c7d7	49200
1789497485	23506	10	8ac40522dc09	1800
1789497565	24299	10	1ad0e88747e8	48000
1789497685	24406	10	816b4870b4c1	72000
1789497686	24887	10	65dc1952f721	600
1789497686	25411	10	f0c7a94e18c3	0
1789497687	25438	10	b971ef929a5f	600
1789497932	27691	10	cc5a0754c369	147000
1789498395	26005	10	0045db855f07	277800
1789498424	17512	34	13a69ee2a5a9	17400
1789498438	28258	10	310b65ef6df9	8400
1789498439	28267	10	fd04c6fcb9a6	600
1789498444	26008	10	bdffefe2393e	3000
1789498464	26064	10	7c9e1c41e7ba	12000
1789498473	28837	10	3fb224719f66	5400
1789498474	28846	10	34f7a16c6677	600
1789498498	29472	10	31facbbbdced	14400
1789498500	29481	10	33e3c4a2d0c1	1200
1789498600	4	9	55f45ff40b31	60000
1789498710	7	9	9acf15e574ce	66000
1789498781	4115722	31	c7cb9bfaa165	42600
1789498984	4115732	31	d2add56f32b4	121800
1789498996	124001	9	8c40c2dcc6d0	7200
1789499147	29888	10	6aec5dd4f3f3	90600
1789499153	27472	10	96f3f07bbc30	3600
1789499181	31678	10	c0e160e3e905	16800
1789499184	31687	10	d7fe5834f537	1800
1789499201	33721	10	b52ed243c8e2	10200
1789499203	33730	10	2289f2898d4a	1200
1789499272	30315	10	5d4d7cdb3f1d	41400
1789499332	34564	10	44631c731baa	36000
1789499428	29869	10	e710bc174d04	57600
1789499432	93462	10	32b19f3c9071	2400
1789499432	93455	10	f45c79f10d76	0
1789499434	93487	10	9afeff3e5471	1200
1789499472	94510	10	1bbaef674bc5	22800
1789499474	94519	10	320899f7cdd5	1200
1789499482	4115949	31	1eac47b4f589	4800
1789499588	94519	10	db9e680ae882	63600
1789499595	28875	10	7bbce7a4bc37	4200
1789499627	95703	10	7bb93d63f1f4	19200
1789499628	95712	10	58ca2cb3a656	600
1789499794	4116114	31	1bb0c9ce369e	99600
1789499828	129807	9	326fa83c9f8b	20400
1789499870	95939	10	03aebff23517	25200
1789499883	25017	10	266209ed6364	7800
1789499964	4116119	31	bbf659c9ee43	48600
1789499975	129827	9	3567366b8bda	6600
1789500037	97974	10	13c1142a3f0f	37200
1789500039	97983	10	f61764dba3d9	1200
1789500172	129884	9	5eafeef2ffad	79800
1789500240	98164	10	e278cb59fbad	40800
1789500325	95453	10	8a466202a786	51000
1789500351	99098	10	26992b37636e	15600
1789500352	99107	10	16516e919120	600
1789500364	34738	10	7e668e26c3da	7200
1789500399	100115	10	352a033cddfa	21000
1789500400	100124	10	52e471eb341e	600
1789500483	4116250	31	f17a50c85c6e	49800
1789500636	26755	10	2c50ced50ef0	91800
1789500723	129931	9	f7a92fb085c3	52200
1789500741	101441	10	29e749f23f87	10800
1789500743	101450	10	41a2b64750ef	1200
1789500751	35235	10	ebf2f58934e3	4800
1789500794	102955	10	05ab066743bb	25800
1789500796	102964	10	7c177c9895f3	1200
1789500842	4116352	31	0875f88eece8	27600
1789501141	103223	10	fd318bdfea60	179400
1789501308	4116464	31	9c774a9ae58c	100200
1789501469	103027	10	fbb713972363	96600
1789501503	103286	10	b970a7703b9d	20400
1789501521	103028	10	94511ae6c269	10800
1789501552	103350	10	462c26da3cdd	18600
1789501663	102509	10	03c6ab622746	66600
1789501695	104409	10	0d49742b5604	19200
1789501697	104418	10	8b4611b9b5c4	1200
1789501934	100944	10	3a839c7c31b9	142200
1789501988	106255	10	a52e6883a140	32400
1789502306	104127	10	2e65adcb11c6	190800
1789502318	104359	10	5cf74e775a80	7200
1789502338	104359	10	a185773a3e5f	12000
1789502352	100471	10	9ab072133b2d	8400
1789502513	107611	10	21f6488f7707	96600
1789502513	106602	10	e51fa99b7c84	0
1789502515	107620	10	1e9e17767fe2	1200
1789502664	105259	10	1ae0b652142e	89400
1789502704	108461	10	d871aa19a209	24000
1789502706	108470	10	93759ba533c7	1200
1789503313	107855	10	8ac6cd46e599	364200
1789503344	108705	10	ee082ea7fbb6	18600
1789503600	109146	10	e711a90a85f9	153600
1789503632	109381	10	1506dfa966e8	19200
1789503634	109390	10	91a371b8864f	1200
1789503673	109411	10	65e0afacfc39	23400
1789503895	107894	10	c3ae65c685d8	133200
1789503924	109685	10	9075b6561d49	17400
1789504392	107779	10	de58b32b110c	280800
1789504413	107783	10	17032d46458b	12600
1789504456	109848	10	6d172275d24a	25800
1789504490	110240	10	f86669a2f578	20400
1789504518	110677	10	1522cd41ad5b	16800
1789504520	110686	10	1e504f0534ae	1200
1789504767	109997	10	67494ddea8a3	148200
1789504800	110835	10	bff23b217a49	19800
1789504804	110588	10	ae39fb02ce7a	2400
1789504831	111738	10	ab3009fd5b2a	16200
1789504834	111747	10	7bc8978003b6	1800
1789504870	109826	10	8c7a056130bd	21600
1789504899	112868	10	fc761d67c5c1	17400
1789504934	111091	10	af6b99186e40	21000
1789504963	113273	10	a65d0908e5b9	17400
1789504965	113282	10	3a09ab567ca9	1200
1789505238	112219	10	38640c3b54a5	163800
1789505266	113754	10	72d778f5633f	16800
1789505268	113763	10	9f5950b8fb92	1200
1789505516	113677	10	d6b723b3d0fe	148800
1789505544	114158	10	6b173b19baf8	16800
1789505546	114167	10	ee7a0afa252b	1200
1789505834	114011	10	6aff823dd024	172800
1789505860	114415	10	ec7b2bafb95c	15600
1789505862	114424	10	c21f07a056f8	1200
1789507944	361658	19	7754a2f0d9bb	1249200
1789508713	379029	19	d2681d4c9a1d	461400
1789508744	379029	19	2e0059f97093	18600
1789508873	33106630	66	0e88e42c0d6d	77400
1789509933	33110155	66	f3ed91a7c0cd	636000
1789509986	33110155	66	b84b2b618b7d	31800
1789510021	17512	34	e8442b3dd5ea	21000
1789510052	33110173	66	7bb571eeaef4	18600
1789510192	33110383	66	75318884e4a1	84000
1789510663	17797	34	2f94aaeaabcb	282600
1789510663	17797	34	f9135f1f1d50	0
1789510674	17797	34	72b57a2f07ed	6600
1789510702	17797	34	23bc10acb5fb	16800
1789510780	33110611	66	b4ac20ec0a29	46800
1789510828	114965	10	e2e78257d329	28800
1789511085	114965	10	4efe3dc9a2d6	154200
1789511086	114965	10	fff6fc6ad4f9	600
1789517560	17797	34	5634e5c11d41	3884400
1789518776	378943	19	8707f7ceee8a	729600
1789519693	379640	19	52b574a25f5b	550200
1789519723	379640	19	8428a4db7049	18000
1789521291	117594	10	ff4dce3d9936	940800
1789521303	33112264	66	4f0d52eacbdf	7200
1789521628	117653	10	4a270bfc795d	195000
1789521939	117748	10	5a81096dd804	186600
1789522137	33114041	66	385e7f517bde	118800
1789522477	33114052	66	7f956d8e1ab4	204000
1789522574	33114052	66	5a9189470e42	58200
1789522811	33114052	66	75040b0f62aa	142200
1789523567	33114337	66	41f936b31ec8	453600
1789523679	33116202	66	045f827e50b2	67200
1789523765	33116238	66	8435256329c6	51600
1789524352	33116739	66	947d9d0849ae	352200
1789524582	33116937	66	14ddf09577b5	138000
1789524602	33117012	66	87b6301d7707	12000
1789525032	33117013	66	3b3988b36c2b	258000
1789525252	33117082	66	39850ffceac1	132000
1789525460	33117364	66	cdbade4cedb2	124800
1789525792	33117554	66	a0dcbcc42968	199200
1789526080	33117700	66	5831ba98caae	172800
1789526237	33117741	66	496fd89a8e8d	94200
1789526967	117830	10	856d006aa65d	438000
1789526970	33117951	66	12ea17eea2f8	1800
1789527384	33118546	66	be7410fd548d	248400
1789527433	33118562	66	b8e5f982b810	29400
1789527693	33123947	66	3466b6a40aba	156000
1789527859	33124020	66	067d0aa5aef7	99600
1789527932	33124021	66	6a30bb9d20a5	43800
1789528316	118061	10	87c8c6c085ff	230400
1789528425	33124352	66	775a8c093155	65400
1789528744	118074	10	9fca3b5c8d1a	191400
1789529009	33124718	66	8dd975d61b04	159000
1789529013	118274	10	c2f98645f1c7	2400
1789529028	33124854	66	dd45b6b72bb9	9000
1789529468	33126918	66	acd2f242667d	264000
1789529923	33127001	66	32e9d54dea1f	273000
1789530250	9133	8	bb749b2740a3	196200
1789530368	9178	8	0d6756a232ca	70800
1789530619	9240	8	c84410ba7dd5	150600
1789530801	9285	8	e71b2d224af7	109200
1789530903	33127277	66	b0905c5bf954	61200
1789531197	9305	8	4ee83128fb17	176400
1789531701	33127436	66	b90b4537c9ae	302400
1789531795	9341	8	e6c4e57e8ba7	56400
1789531943	33127468	66	abd5a989cef0	88800
1789532088	9349	8	6fb983f8a888	87000
1789532200	33127517	66	09e5ab57eea3	67200
1789532278	33127552	66	f91ed3b20d6d	46800
1789532379	9396	8	be220de79bae	60600
1789532637	33127711	66	960b32147b08	154800
1789533409	10041	8	e8e5fff0984e	463200
1789533526	33127769	66	0146fade9974	70200
1789534062	10240	8	601320d748b3	321600
1789534274	10303	8	869733405b8a	127200
1789534372	33127805	66	f34fe629341c	58800
1789534505	33130397	66	f18283f6c68a	79800
1789534559	10464	8	6fa1472d4c83	32400
1789535141	33130502	66	34136ab5b227	349200
1789535315	33130606	66	933f74a46dba	104400
1789536169	10656	8	d614e8611643	512400
1789536187	10692	8	3cf2a307810f	10800
1789536203	33130701	66	cb9f64415357	9600
1789536474	10726	8	c9bd82e9a73f	162600
1789536939	33130875	66	3e1b95c708ce	279000
1789537106	33130959	66	f78282ad2356	100200
1789537850	33131013	66	67e96a8ad19d	446400
1789538025	10945	8	8bed30cc282d	105000
1789538063	17797	34	b63869d4066f	22800
1789538270	33131037	66	e997dcd9a07f	124200
1789538840	33131075	66	3a7fec02bb12	342000
1789538960	33131094	66	000108f7ebe9	72000
1789539147	379640	19	9fafda6c05a0	112200
1789539732	33131188	66	0755dfd359ad	351000
1789540105	33131311	66	4a13fa578731	223800
1789540361	33131375	66	dc403bd3d431	153600
1789540529	33131421	66	be33fe7ff89e	100800
1789540851	33131558	66	c09297732a6f	193200
1789541018	33131659	66	3462c36d2539	100200
1789541028	384130	19	1a53b23c47ae	6000
1789541056	384130	19	f65eb3464489	16800
1789541384	33131757	66	79a3748b53c3	196800
1789541798	33131922	66	36e9947ae6ec	248400
1789542065	33131922	66	017ea43eb1ed	160200
1789542240	11604	8	335854e3064b	105000
1789542410	11668	8	e80a45fda6ed	102000
1789542583	33132127	66	21ddc7edd270	103800
1789542775	11743	8	02dfa82804d8	115200
1789542808	33132156	66	8f4aff992a50	19800
1789542877	11787	8	4e3f8e171d01	41400
1789542978	33132164	66	d1177dfa788e	60600
1789544275	33132397	66	732c19bea3e1	778200
1789544414	33132397	66	92e5f80b8bf2	83400
1789544570	33132413	66	d328c4103ce3	93600
1789544967	33132486	66	69b7e9a370f0	238200
1789545233	67293	13	c80736d56c9c	159600
1789555011	33131420	66	b7cec11b95aa	5866800
1789555777	33131420	66	0dbfb28451be	459600
1789555948	33131418	66	7eefba1f1ae6	102600
1789556290	33131418	66	15a292533f92	205200
1789557797	17797	34	979f45ed55ff	904200
1789559468	384130	19	9f47f953b158	1002600
1789563051	384134	19	47eaa839b83b	2149800
1789563087	384134	19	967beeb84462	21600
1789577047	17797	34	83829efe654f	8376000
1789578576	384134	19	6514865cbcc3	917400
1789580744	384134	19	7b7e1017d907	1300800
1789580774	384134	19	4d5195f889f1	18000
1789588813	17797	34	e8acdf0035cd	4823400
1789589769	384134	19	1aa69a61cfc0	573600
1789594971	384134	19	e18d494865e9	3121200
1789595002	384134	19	0be76a053866	18600
1789596193	33135160	66	e584ebd99d65	714600
1789596936	2702	14	8ee32e2514c2	445800
1789596968	33134106	66	3b577a083a2c	19200
1789597827	2900	14	b86ad567e64d	515400
1789598312	2908	14	06f3305822e3	291000
1789598591	2921	14	36152fc09896	167400
1789598687	33136864	66	530d52b160fa	57600
1789598701	2921	14	7a9ac7f4beb9	8400
1789599118	17797	34	03cb6ff2ecfd	250200
1789599808	384134	19	8ad175eb6098	414000
1789599885	3128	14	fb8910789453	46200
1789599924	33134351	66	4f37f0874504	23400
1789599983	3145	14	7c818fde83f1	35400
1789600008	33134358	66	d098d0256be5	15000
1789602062	3222	14	f08b52346369	1232400
1789602115	33137368	66	b4c7b4287c73	31800
1789602169	33156670	66	ecedefad8990	32400
1789602184	17546	34	c352fc63ee26	9000
1789602186	7833	41	6df14edd41bd	1200
1789602188	1214434	44	238578f05707	1200
1789602713	385004	19	3d191c996f1f	315000
1789602741	385004	19	071c7f3c2510	16800
1789603348	33156929	66	dc433f72df6e	364200
1789603780	33156755	66	b9da521beeac	259200
1789604982	33159974	66	ca5d4931199e	721200
1789605020	33181327	66	a9131e102cf5	22800
1789605032	3431	14	c8bf3583b5f7	7200
1789605446	33202667	66	92e69248ac47	248400
1789605465	3431	14	2b4253ef5079	11400
1789606222	33202710	66	5fadc002d61f	454200
1789607895	17797	34	3e5ef4f9ff25	1003800
1789608769	385082	19	880576872e65	524400
1789622421	385304	19	9af8cee728ff	8191200
1789622452	385304	19	4c21bbbe7942	18600
1789630399	17797	34	41c2358a9061	4768200
1789631411	385304	19	857d5ce18490	607200
1789631890	67293	13	060b29b992a8	287400
1789640712	385304	19	b288971dd4c4	5293200
1789640740	385304	19	e8e15cc460f7	16800
1789651329	17797	34	91659bb65976	6353400
1789652229	385304	19	c8c0639f0617	540000
1789658391	385304	19	b7dab3160083	3697200
1789658422	385304	19	08f9d6995832	18600
1789668529	17797	34	79188e5afb31	6064200
1789669316	385304	19	a274b8613f4f	472200
1789672562	385304	19	ac7ab79a58e5	1947600
1789672591	385304	19	db27a782e4eb	17400
1789679880	17797	34	491419343e63	4373400
1789680942	385304	19	5ffb05481a3f	637200
1789684036	385304	19	a73d25cc620f	1856400
1789684065	385304	19	bf57aa93628d	17400
1789689431	2	7	d5692e6ab8b9	3219600
1789689949	17797	34	baaafc842bec	310800
1789690068	22	7	4a0e90f9d036	71400
1789690267	59	7	512e5e2f3493	119400
1789690529	2711	7	6ad1517406d9	157200
1789690591	2731	7	cca675dd8d7e	37200
1789691409	385376	19	d7976315eb0a	490800
1789692271	3031	7	2ceb30bbdeb6	517200
1789692426	385721	19	4cc8bf29f62c	93000
1789692455	385721	19	fa913df5627c	17400
1789692578	3045	7	16d70db3106d	73800
1789692807	3387	7	bcad9edd7986	137400
1789692865	3389	7	032dac0d3c86	34800
1789692953	3389	7	3191202334d8	52800
1789692976	3478	7	89948fa53075	13800
1789693107	3651	7	9c40214fd0fb	78600
1789693242	3652	7	ae0daeb23c1f	81000
1789693244	33135193	66	c4b84c7c2bce	1200
1789693262	3704	7	c8b8ac97b93f	10800
1789693522	33131454	66	4f3ff4f41348	156000
1789693535	33202743	66	e9609f1e1e3c	7800
1789693536	33202743	66	2310a1aed3b7	600
1789693537	33202743	66	61a437352ff0	600
1789693814	3877	7	ba7c3aed4987	166200
1789694273	3953	7	1c12c51d921f	275400
1789694301	4020	7	6a82548d2083	16800
1789694401	4197	7	0ee0182822e0	60000
1789694401	4193	7	36f80641a114	0
1789694499	4370	7	784e7b419be5	58800
1789694680	4467	7	9d38e2423e52	108600
1789694684	33202774	66	4f1abc9968bf	2400
1789694686	33202774	66	76152bc3b9d3	1200
1789694687	33202774	66	423a0bed500a	600
1789694688	33202781	66	ad09c130e144	600
1789694708	4519	7	75cc7dca7fe5	12000
1789694838	4524	7	b2edd35e6de5	78000
1789694865	4576	7	88616b22957a	16200
1789695129	33202812	66	0df1f2b2ee0d	158400
1789695131	33202812	66	06e01312efa1	1200
1789695132	33202812	66	827d9761b31e	600
1789695134	33202812	66	19d4d39d1e19	1200
1789695147	4578	7	0442ee456b2c	7800
1789695150	33202845	66	17ece6aa8470	1800
1789695151	33202845	66	9dd3eb6b9df3	600
1789695153	33202845	66	7634a97e1009	1200
1789695154	33202845	66	1d518af2079a	600
1789695168	4578	7	a82d5d120cca	8400
1789695210	4630	7	9101b1180833	25200
1789695233	4657	7	068ccd22dcf3	13800
1789695236	33202878	66	609d41827e26	1800
1789695238	33202878	66	7513c7b263db	1200
1789695239	33202878	66	07088491cdf3	600
1789695241	33202878	66	b616df33e833	1200
1789695263	4709	7	a1883145db32	13200
1789695286	4740	7	c19e249ad1c7	13800
1789695389	4761	7	d84fc82d2218	61800
1789695415	33202911	66	93c886733151	15600
1789695419	4813	7	5ef146b24dbd	2400
1789695715	33205076	66	633139cc64a5	177600
1789696356	33205076	66	db0273c85db2	384600
1789696764	4819	7	9a87f5f86e4c	244800
1789697425	33205085	66	7f5aff7352ed	396600
1789697951	33207272	66	f8bd6c6ffdd2	315600
1789698272	33207274	66	20f3eae424d1	192600
1789698273	4941	7	e82cf01bbdbe	600
1789698300	4993	7	86168a43a0bf	16200
1789698890	5004	7	16f9b8749bd0	354000
1789698920	5056	7	cf505b873359	18000
1789698921	5067	7	d0ae0bb013e9	600
1789699063	33207277	66	1f8293d27d19	85200
1789699080	5067	7	2e41b70d0420	10200
1789699116	5119	7	7e8f8d9c6fce	21600
1789699209	5193	7	c3e9ee19fd06	55800
1789699209	33207279	66	cd5d8ac0a21a	0
1789699244	5245	7	c5f042b57487	21000
1789699255	5418	7	078a4c7d2293	6600
1789699267	33207279	66	7567bd348205	7200
1789699486	5488	7	3829da0cc8cc	131400
1789699486	33207281	66	55fd025a7ecb	0
1789699510	5496	7	5c0eeae8cfd4	14400
1789699550	33207311	66	81d293532226	24000
1789699640	5538	7	6e85c00fd8d2	54000
1789699679	33207344	66	16b74278344a	23400
1789699706	5539	7	d2ce45cda3c5	16200
1789699739	5591	7	d6ceff460a63	19800
1789699770	5764	7	21455b3727c2	18600
1789699785	33207377	66	f63b8813a0f4	9000
1789700568	33207377	66	d0635873d049	469800
1789700578	33207378	66	dfabb36e679f	6000
1789700610	5768	7	783ec6dfdac4	19200
1789700615	33207378	66	9bff0c44d3ae	3000
1789702849	5941	7	630073e24dca	1340400
1789702864	33207411	66	6efb20d1007c	9000
1789705994	17797	34	6125149b8ad3	1878000
1789706450	6114	7	1490df128e7a	273600
1789706467	33207444	66	93362e25d16c	10200
1789710049	6287	7	3823fbd60395	2149200
1789710065	33207477	66	5015f9d3463a	9600
1789711449	385721	19	34c8b25ee783	830400
1789713512	386804	19	8f7d4605d8f0	1237800
1789713540	386804	19	08b5b8cc06f8	16800
1789713649	6460	7	52c3a0314c10	65400
1789713666	33207510	66	a56379f76616	10200
1789716998	67293	13	555bc82ec059	1999200
1789717249	6633	7	553ff309ae8f	150600
1789717267	33207543	66	d4d5972b8cc2	10800
1789719652	6685	7	9c649b1ae372	1431000
1789720850	6858	7	8786b9e79d52	718800
1789720868	33207576	66	139cef9768de	10800
1789724216	17797	34	303640f6d2d4	2008800
1789731010	386804	19	a2109d995ebe	4076400
1789732042	386834	19	36cbd875528f	619200
1789732075	386834	19	2c81895083ee	19800
1789738780	6910	7	c69bb3595407	4023000
1789738864	7083	7	900e26c098ce	50400
1789738883	33207609	66	53b92ec6367b	11400
1789740883	33207609	66	174980319a25	1200000
1789740926	7083	7	8f7a5aa8b57a	25800
1789740961	7135	7	69b321b59f8b	21000
1789741329	17797	34	67c19168aa67	220800
1789742451	7308	7	d17ee64a9bef	673200
1789742468	33207642	66	16a79e12a006	10200
1789749278	386834	19	c57cf1512284	4086000
1789749860	386865	19	d4ebda88ac90	349200
1789749894	386865	19	2368a1d72a42	20400
1789755544	17797	34	a612e998448e	3390000
1789756278	2	5	482dc7722ac8	440400
1789756278	2	6	482dc7722ac8	0
1789756358	7360	7	5a6fa9147c74	48000
1789756877	7533	7	1fa947b36b8f	311400
1789756895	33207675	66	2d8c020ca9f9	10800
1789757774	49	5	ad185d56167f	527400
1789757774	49	6	ad185d56167f	0
1789757932	54	5	0a6a262be439	94800
1789757932	54	6	0a6a262be439	0
1789758388	500	5	4ffcced5b853	273600
1789758388	500	6	4ffcced5b853	0
1789758944	500	5	0484f1b028eb	333600
1789758944	500	6	0484f1b028eb	0
1789759784	552	5	26e354b3ba6b	504000
1789759784	552	6	26e354b3ba6b	0
1789759919	559	5	ad34b6b4909c	81000
1789759919	559	6	ad34b6b4909c	0
1789760467	7706	7	e9ef04b1fc4f	328800
1789760508	33207708	66	7071437888a9	24600
1789760777	386865	19	8c1a0f285a34	161400
1789760846	568	5	7735d201eb87	41400
1789760846	568	6	7735d201eb87	0
1789761503	386888	19	1cb851c0a068	394200
1789761536	386888	19	44ea850daa9c	19800
1789762732	874	5	fd5fb3a058e1	717600
1789762732	874	6	fd5fb3a058e1	0
1789764062	7879	7	0dbb5a496462	798000
1789764080	33207741	66	0998f6b35c84	10800
1789766783	911	5	9d82d98cc78c	1621800
1789766783	911	6	9d82d98cc78c	0
1789767335	17797	34	f540f3b48256	331200
1789767659	8052	7	93b58af864e2	194400
1789767676	33207774	66	65b1b5482c91	10200
1789768902	1030	5	b4f9e75a7cd1	735600
1789768902	1030	6	b4f9e75a7cd1	0
1789770905	1158	5	dc21ae82977d	1201800
1789770905	1158	6	dc21ae82977d	0
1789771261	8225	7	f79796a9a78e	213600
1789771271	386888	19	c4d84dbfe2b9	6000
1789771276	33207807	66	c281c65a1824	3000
1789771744	1166	5	8c2950ba80ed	280800
1789771744	1166	6	8c2950ba80ed	0
1789771794	387076	19	6e4589095734	30000
1789771829	387076	19	232bad54b1ea	21000
1789772875	4	4	de1496bb2d64	627600
1789773085	266	4	5e95f6fc706f	126000
1789773441	352	4	e05e209b46db	213600
1789773539	1375	5	fc08c098d62d	58800
1789773689	8277	7	b1699325e611	90000
1789774327	425	4	2c1581d399aa	382800
1789774861	8450	7	874cf2615d00	320400
1789774876	33207840	66	640b8d694a5a	9000
1789774903	8575	5	47ce64003f8c	16200
1789774942	8665	5	36c92b433e6c	23400
1789775081	8718	5	51ca8f132eab	83400
1789775362	8782	5	8b4f20f97b0e	168600
1789776335	496	4	6fe3475fcc59	583800
1789776653	33210067	66	e24604dcf001	190800
1789777025	33210067	66	f3f29b20db83	223200
1789777537	33210067	66	6548e82382f7	307200
1789777958	33210067	66	56d9fc5daf15	252600
1789778058	33210068	66	8bcec40c5851	60000
1789778218	33210069	66	2f54badd3930	96000
1789778277	33210069	66	1891462658ec	35400
1789778295	33210069	66	a36100d8a946	10800
1789778462	8623	7	cc63a0e6e2a6	100200
1789778477	33210102	66	980431a9167d	9000
1789778982	33210351	66	242bcdf4b7fc	303000
1789779271	33210461	66	d7ff5ae3039d	173400
1789780278	33210808	66	d8dfadb5e1cc	604200
1789780337	33210808	66	7f06021684f8	35400
1789780488	8773	5	31980d824ae5	90600
1789780506	8773	5	7936b6e16c69	10800
1789780712	33210820	66	ec0b2bdd2c2f	123600
1789781091	33210821	66	da6156317c7c	227400
1789781111	33210821	66	2400479a47e1	12000
1789781175	33210821	66	96133f6b5db4	38400
1789781281	8804	5	42a63aa3feca	63600
1789781297	8798	5	debcfc580472	9600
1789781373	8824	5	f9528d38b17a	45600
1789781401	8825	5	5744aeb3b16e	16800
1789781864	8852	5	e257ae9eae15	277800
1789781956	8873	5	cdce1b53d445	55200
1789782044	8900	5	01874b302ecc	52800
1789782062	8796	7	2d96867466c8	10800
1789782078	33210854	66	fbbc838073e0	9600
1789782192	33210855	66	d6ba28386d44	68400
1789782497	8928	5	a103a8cdf2f8	183000
1789783047	33210855	66	7beaa909416a	330000
1789783180	8950	5	c8247714c413	79800
1789783757	33210855	66	7a7eeddd2879	346200
1789783784	33210855	66	a11edd1078fe	16200
1789783832	33210855	66	717e3e4e17c9	28800
1789784024	33210855	66	771a7108261e	115200
1789784180	33213796	66	aa78a9a4ec1d	93600
1789784579	33213796	66	4abb1256afa7	239400
1789784671	33213796	66	94638bcccfa1	55200
1789784699	8979	5	bd429134e2db	16800
1789784717	8985	5	ae09d87b76a8	10800
1789785650	8969	7	eddbe6c087ce	559800
1789785665	33213829	66	f0aee57c8fcc	9000
1789785970	33213829	66	aad82b4152d4	183000
1789786189	9008	5	bb679770f512	131400
1789786321	9084	5	a98ff90b33ac	79200
1789786515	26962	5	8b4b1d220ac8	116400
1789786885	36856	5	c90ece1fabf0	222000
1789787180	33213875	66	09091d5e4374	177000
1789787334	36873	5	3fdbeb31aabb	92400
1789787384	36874	5	3717e1fd9e91	30000
1789787520	36892	5	5421c4f0b472	81600
1789787522	33213930	66	c002bc326346	1200
1789787714	36913	5	c47ec61c183f	115200
1789788026	36932	5	fbb08b3ea0fc	187200
1789788938	33213930	66	0b680df6c00d	547200
1789789249	9142	7	661a8bad1a1e	186600
1789789265	33213963	66	46adc222853b	9600
1789792849	9315	7	0320e2a1cea6	2150400
1789792866	33213996	66	6ff76447cdb6	10200
1789793048	9367	7	719f72ccdecf	109200
1789796451	9540	7	1a16d4900a32	2041800
1789796467	33214029	66	ff37559d1644	9600
1789800050	9713	7	d3820b3d68c9	2149800
1789800066	33214062	66	6bfdedc5e4e6	9600
1789803650	9886	7	de962fe1596a	2150400
1789803667	33214095	66	087bf0575623	10200
1789807250	10059	7	66220534b4fe	2149800
1789807268	33214128	66	94f7aa623fc0	10800
1789810850	10232	7	90e349679f01	2149200
1789810955	36977	5	d29d40bc7554	63000
1789810971	33214129	66	19e34e7dc5f4	9600
1789811129	36984	5	e08cb8719d38	94800
1789811133	33214129	66	11b57eb12a9e	2400
1789811160	37010	5	6a41d00eeffb	16200
1789811348	33214294	66	7a0b5d7b05ce	112800
1789811567	33214323	66	fc2e2208b792	131400
1789811627	33214329	66	6fa3bfbbb461	36000
1789811799	17890	3	a1e5abcf3f62	103200
1789811853	17901	3	28cfd615f693	32400
1789813707	28689	3	cc7a8073e2ea	1112400
1789814232	28815	3	188fb5b72e9c	315000
1789814449	10405	7	3856f0a5e1be	130200
1789814785	28981	3	1613f94c46b5	201600
1789815166	29427	3	e493bfe09624	228600
1789815428	2	2	5bb0014df7e8	157200
1789815553	29452	3	d672e69c0776	75000
1789815677	1080	2	0ba1252b35b8	74400
1789815688	1083	2	f080418a42ed	6600
1789816151	10457	7	894a25681e8e	277800
1789816282	2	1	d7dc96182334	78600
1789816760	414	1	fbf1285d1753	286800
1789817950	1497	1	70bdad0d77c2	714000
1789818050	10630	7	f624407951da	60000
1789818085	1521	1	ccf6c31a2e54	21000
1789818098	29494	3	1a21914a11c9	7800
1789818825	29662	3	9f5250f285d7	436200
1789818846	1679	1	f8e7b6e7f0ec	12600
1789819054	1	0	83e327ee6dfb	124800
1789821075	567	0	aa691af9ed73	1212600
1789821653	10803	7	9f7a2dd719cd	346800
1789822537	33224899	66	99bb796584f9	530400
1789822568	57651	5	0755869facbe	18600
1789822650	1914	1	46d40c2aac12	49200
1789822761	1918	1	675717e27e62	66600
1789822820	842	0	e1de9154b3f7	35400
1789823141	33235663	66	026497616155	192600
1789823143	57925	5	4ef5264fd82e	1200
1789823731	33246677	66	8a2a47644f9e	352800
1789823733	58001	5	147b0075a720	1200
1789823819	2	78	764c8bbd2b61	51600
1789824309	33257693	66	1df1663baa04	294000
1789824343	58178	5	9dcf8f8d6fd8	20400
1789824463	58305	5	84e448342315	72000
1789824576	58433	5	1b18e9c115b4	67800
1789824679	58614	5	1f0b2cf468ad	61800
1789824693	58825	5	89fe32ee16ea	8400
1789824917	33269159	66	61ce588e1761	134400
1789825252	10976	7	743f1ced6c28	201000
1789825503	33280765	66	6b510b6509af	150600
1789825544	58952	5	2b9907143a8c	24600
1789825882	2	85	0dabc003a87f	202800
1789825939	76	85	4ecac71fec08	34200
1789826092	59022	5	919bdd63df4d	91800
1789826103	33292291	66	a0c617d4e372	6600
1789826380	1984	1	d1bcaef60360	166200
1789826382	157	85	8be73c1b538e	1200
1789826514	59196	5	024d127e3f63	79200
1789826657	59196	5	ccc8d72f2714	85800
1789826738	33303816	66	e80c035a651d	48600
1789826758	59258	5	c7c8fb52162f	12000
1789826821	229	85	9f5be66ce8ae	37800
1789827124	2	84	02e1adfca8cb	181800
1789827221	206	84	c565af10e83f	58200
1789827239	386	84	d84683cdeacc	10800
1789827328	33315348	66	eab6478b92a6	53400
1789827551	17797	34	936fe7e86221	133800
1789828369	389899	19	0e9471c98cbf	490800
1789828850	11149	7	f635feed7b1f	288600
1789829163	59337	5	abd264aaf0ab	187800
1789829212	392268	19	0557081fc838	29400
1789829236	59381	5	aeddc93c7fb3	14400
1789829244	392268	19	388cb6318a04	4800
1789829371	59477	5	d60ba3441209	76200
1789829389	59476	5	9ee38e9523e5	10800
1789830497	59530	5	4fddd5d65bac	664800
1789830557	4	70	e8db7e60abf3	36000
1789830568	59571	5	facc5fc41048	6600
1789830693	273	70	66dcd160a85e	75000
1789830721	353	70	1d56f826ddd0	16800
1789831548	59697	5	cfd9590cfc1f	496200
1789831626	411	70	c95e5b5e6524	46800
1789831636	33326952	66	c65943b4f8f9	6000
1789832070	589	4	ed7ebb5a7fc4	260400
1789832097	59710	5	7f28e115d380	16200
1789832451	11322	7	6cf1b5c84a25	212400
1789832839	33338963	66	906cb3629fd7	232800
1789833064	59899	5	b7b9b249bad3	135000
1789833416	11374	7	ad5c71837872	211200
1789834096	33351426	66	5dd68a0fc6e9	408000
1789836050	11547	7	696b02d4820f	1172400
1789836158	59898	5	fab2b63f226a	64800
1789836749	436	70	b1b26f94c6ab	354600
1789836752	411	84	d5b60546ec85	1800
1789837220	33363889	66	f66d8aa471c9	280800
1789838389	419	84	9ae0969b5f1a	701400
1789839564	33376431	66	0162f2eb4fb5	705000
1789839675	11720	7	f166e80da7ee	66600
1789840137	59901	5	23740e4d050a	277200
1789840279	33376431	66	6c3d48c68c32	85200
1789840375	33376231	66	c93a56b8f2da	57600
1789840469	33373290	66	f69ff82307c1	56400
1789840506	33373290	66	2e00965af561	22200
1789840590	17797	34	353deb58cef0	50400
1789840807	33385881	66	89dc922880fa	130200
1789841264	392268	19	d6dcabf523b6	274200
1789841356	2176	1	6f288beaad50	55200
1789841359	1048	0	83a367759e69	1800
1789841363	1284	2	fb48dbb8f2bc	2400
1789841366	208	78	1b9d269f9050	1800
1789841369	795	4	5fe0ce46b289	1800
1789841372	435	85	1abe639df81e	1800
1789841376	29856	3	450b2e1094ce	2400
1789841379	617	70	ae8277c526c9	1800
1789841382	600	84	73beda796a86	1800
1789841612	393020	19	c56e041045e6	138000
1789841642	393020	19	cc0b98ad77c0	18000
1789843263	11893	7	4053371cb670	972600
1789845828	613	84	f8e9fe45cf0a	1539000
1789846857	12066	7	246a0201caee	617400
1789848091	33400864	66	c2b92e1a7d99	740400
1789848964	33415886	66	976ced8cbb05	523800
1789849892	17797	34	54b6c275bbb5	556800
1789850457	12239	7	908211fed6b8	339000
1789850739	64690	5	f6682223936a	169200
1789850833	33431213	66	fe1c3e2b12a4	56400
1789850881	59906	5	e871ce7d7227	28800
1789850904	12291	7	8c455fceb821	13800
1789851078	393020	19	7bc3431edd0b	104400
1789851569	393489	19	657f89ea0e34	294600
1789851599	393489	19	d0a4e6182198	18000
1789851859	66666	5	0833218ab72f	156000
1789851901	33446663	66	2d696605cc4c	25200
1789852504	33463921	66	78207f15c6d7	361800
1789853295	66666	5	8abe8276e605	474600
1789853297	33481520	66	5ddcaa437632	1200
1789853666	74851	5	da176de94bc3	221400
1789853901	33499147	66	b228747aff99	141000
1789854017	74995	5	006dde5d641a	69600
1789854066	12464	7	755d164082ff	29400
1789854441	76557	5	4be12bb08979	225000
1789854522	33524920	66	c061050d8fba	48600
1789854746	76587	5	a4a19028db8b	134400
1789855125	33552352	66	921aba6a5b84	227400
1789855493	76709	5	94966af4dea9	220800
1789855729	33579876	66	12fef15a4c03	141600
1789855921	1635	0	2a7fa409801e	115200
1789855923	2292	1	53c6c3218e7c	1200
1789855925	882	4	e2ed6927a172	1200
1789856116	76800	5	3d31126db061	114600
1789856146	33582255	66	f68aaf66f90b	18000
1789856499	628	84	15d15dc0679c	211800
1789856957	76738	5	5499b87f7f2d	274800
1789857280	77053	5	39ab436e3891	193800
1789857379	77057	5	65e735a0b735	59400
1789857491	33610351	66	113d72edbfac	67200
1789857650	12637	7	95b3a18dacc3	95400
1789857994	77197	5	8b787dcb31e8	206400
1789858438	17797	34	640ed1ac2274	266400
1789858876	33637990	66	f8fb68209435	262800
1789859031	77214	5	b035e53d649b	93000
1789859489	33638103	66	a3f2a8f670ef	274800
1789859556	77262	5	2ae079463d58	40200
1789859564	12689	7	2684c1e6e666	4800
1789859745	393489	19	074253bdf254	108600
1789860092	33638426	66	a63582f0cb27	208200
1789860676	395297	19	4ce1e1a33d05	350400
1789860706	395297	19	28efdfed6a12	18000
1789861181	77521	5	5004b6a5153f	285000
1789861251	12862	7	a1f76ceef337	42000
1789861295	33638434	66	fdb29d4849de	26400
1789861311	33639404	66	b591e6b117a7	9600
1789861644	77529	5	7fec3f8db1fe	199800
1789862033	77657	5	e26beda14bae	233400
1789862160	33639524	66	d96cd926d3d8	76200
1789862185	77663	5	93acf91bf150	15000
1789862751	77666	5	503efe76d086	339600
1789862977	33639877	66	3a7496fe9842	135600
1789863139	633	84	290779b274a7	97200
1789863523	77751	5	93a9d0eb6939	230400
1789863797	33640267	66	6a53c1e1f99e	164400
1789864020	4	83	7d3f8233d3f0	133800
1789864496	1224553	44	f2d3bfb2d241	285600
1789864626	33641277	66	e1de4e292eb6	78000
1789864840	78242	5	327ccf75680b	128400
1789864860	13035	7	31abb5f162ab	12000
1789865467	33641674	66	08ca0b4f6280	364200
1789865631	2198	0	b43592ff7f93	98400
1789865645	2260	0	2d5b491b97f1	8400
1789865650	2312	0	7c20cb02bab5	3000
1789865655	2362	0	be67d181e969	3000
1789865660	2412	0	bdd1a778ba57	3000
1789865894	2427	0	7cd05e35245b	140400
1789865926	17797	34	1c9009990fd4	19200
1789866152	2481	0	387cfb418b59	135600
1789866158	2361	0	b7946fffda45	3600
1789866163	2413	0	c3cc9de29bb3	3000
1789866168	2463	0	1268c20f5e50	3000
1789866173	2513	0	e426644c189f	3000
1789866297	33642087	66	1b2dfd20b583	74400
1789866929	2660	0	dce4eea7e176	379200
1789866983	3163	0	4d237c500e86	32400
1789867033	3663	0	9369ffc83041	30000
1789867083	4163	0	c3455976562d	30000
1789867093	4235	0	149e06d3de41	6000
1789867127	33643113	66	4de520a6d9b7	20400
1789867133	4735	0	6280cd4db4c3	3600
1789867165	395297	19	e85f638c9a6c	19200
1789867184	5235	0	2e551d7912c2	11400
1789867234	5735	0	21371e6ab59f	30000
1789867284	6235	0	50a4d0e608dd	30000
1789867335	6735	0	fed8163eb7cf	30600
1789867340	6789	0	716e3ee1de1b	3000
1789867351	6790	0	6d62f7e39e89	6600
1789867396	7225	0	af90c2918b94	27000
1789867469	7290	0	432088b89298	43800
1789867476	7353	0	a08d3baf1c7c	4200
1789867565	7399	0	f45f89b939a0	53400
1789867569	7436	0	d29c7de70d67	2400
1789867605	7473	0	cff312842045	21600
1789867610	7516	0	6793862bc56b	3000
1789867646	4	77	0adb2e4d13a2	21600
1789867721	2351	77	271e22c2748f	45000
1789868178	396308	19	ffcf209bfaf0	274200
1789868207	396308	19	ab5d84f5acb4	17400
1789868450	7740	0	a3d31397614e	145800
1789868451	8096	0	2dfd65bf2730	600
1789868458	13208	7	86250535f5ec	4200
1789868760	8096	0	917f733d4ccb	181200
1789868761	8096	0	799f3992dc95	600
1789870683	9088	0	5f98ca004e6c	1153200
1789871304	9215	0	af9a231abb8e	372600
1789871560	33643273	66	e75d9788c4d7	153600
1789871649	9488	0	986e2e8549ed	53400
1789872062	13381	7	4739a163a371	247800
1789873202	33643433	66	7444428c286a	684000
1789874056	9530	0	8fdae7954191	512400
1789874904	9531	0	f6a4aef68ef0	508800
1789875007	9531	0	bf448b2cb1a1	61800
1789875649	13554	7	e2b6023fd94e	385200
1789879250	13727	7	c43ad1ec36a7	2160600
1789880389	59908	5	69f86da0aae5	683400
1789880402	13779	7	03a0d28b8654	7800
1789880554	644	84	61488e15e026	91200
1789882849	13952	7	fa7638ef4eec	1377000
1789884232	17797	34	1358b840524c	829800
1789885914	396308	19	b4789bbd0a3e	1009200
1789886449	14125	7	ed2d1bf856c9	321000
1789887523	397377	19	a14e55fc0440	644400
1789887555	397377	19	576073db8c46	19200
1789890049	14298	7	746e901425d8	1496400
1789890891	67293	13	f3295d6e4d7b	505200
1789893649	14471	7	80633c0bb84e	1654800
1789897253	14644	7	fdae40400295	2162400
1789897977	648	84	3edc4bf63288	434400
1789900849	14817	7	26664acc2146	1723200
1789901176	203	81	7193e57632c7	196200
1789902716	17797	34	ecdac04f9ada	924000
1789903984	59909	5	3c30572abe8a	760800
1789904007	14869	7	5357896b4b6b	13800
1789904455	15042	7	3a41ab25a091	268800
1789907448	397377	19	9ac836661d10	1795800
1789907923	397382	19	41071a7caddf	285000
1789907952	397382	19	29eed66331bf	17400
1789908052	15215	7	6508088d6816	60000
1789911651	15388	7	10aaf539c1cc	2159400
1789912388	2	82	056ff5fd60db	442200
1789913792	656	84	9e5b1f664bc7	842400
1789915250	15561	7	5aae8ece44f7	874800
1789918849	15734	7	0bf63d980162	2159400
1789919861	17797	34	bf886bd556f4	607200
1789920827	59911	5	2c0aaf47c1fd	579600
1789920846	15786	7	d837f56e3d8f	11400
1789921741	397387	19	85c3715a7a73	537000
1789921773	397387	19	c368c934e3f3	19200
1789922450	15959	7	6a300f80413e	406200
1789923208	397387	19	e80a0bc3331b	454800
1789923901	940	4	45b6b3eed03d	415800
1789925516	660	84	91a3e423c116	969000
1789926050	16132	7	9400e7de94cd	320400
1789929656	16305	7	8ff2462c56c8	2163600
1789929714	17797	34	1a2263a8efc9	34800
1789931025	397387	19	1b9fb8789835	786600
1789931055	397387	19	3fb412880963	18000
1789932834	397387	19	a83fc35b252c	1067400
1789933255	16478	7	d6a886e7bfa8	252600
1789933717	34896221	66	05bdbea30bd5	277200
1789935386	34896228	66	283f38c22f7b	1001400
1789936860	16651	7	48d2296791f0	884400
1789937450	34895872	66	a9ec84211afe	354000
1789937668	59912	5	08cb26ec0f8b	130800
1789937682	16703	7	3f691714834a	8400
1789937791	666	84	4f0a65624a97	65400
1789937923	34891406	66	576405696a64	79200
1789938483	34891406	66	3b3d7957e3dc	336000
1789939626	17797	34	a53ccf093b76	685800
1789940465	16876	7	64efb35853a4	503400
1789940986	406835	19	34d0c3c09994	312600
1789941018	406835	19	e14b6d457562	19200
1789943620	406835	19	a72f73453c0f	1561200
1789944054	17049	7	d82c67662ebe	260400
1789944161	4962	28	bae158fe551a	64200
1789944738	5435	28	b89e69f8e458	346200
1789944968	5546	28	4d592181e99b	138000
1789945354	5699	28	bf2a9f26f609	231600
1789945356	34891436	66	5bcb70a8f8ff	1200
1789945532	34891633	66	682191ae42c6	105600
1789945663	34891638	66	57e2292ebc65	78600
1789946132	34891940	66	e9f9c4a9a99d	281400
1789946236	17101	7	d34f882c7760	62400
1789946319	671	84	bc191ed3af4b	49800
1789946503	34891965	66	e49db51887e4	110400
1789947651	17274	7	0e7c9e8f54af	688800
1789947651	5893	28	e83a7d00e064	0
1789948280	5987	28	071a8549365e	377400
1789948664	2	71	18ece96c368c	230400
1789949167	6594	28	71c44dcdc9a6	301800
1789949276	17797	34	6f299192dc7d	65400
1789950564	2	87	dd184be3d12e	772800
1789950599	408763	19	d62f3f5f5259	21000
1789950629	408803	19	9dfa8597184c	18000
1789951253	17447	7	1972f8b1c262	374400
1789951268	2425	39	8e91b07d8312	9000
1789951470	531	87	17cb850bff1d	121200
1789952182	814	87	bb9874b072dc	427200
1789953307	681	84	fa33ea889e54	675000
1789953408	408803	19	027939f0aba3	60600
1789954035	1321	87	e80299f07551	376200
1789954211	34892544	66	fd0921a42d5d	105600
1789954854	17620	7	f4a18fa2f38c	385800
1789955265	112283	87	e8b9d8ffcfa8	246600
1789956159	135116	87	06f1c88e6999	536400
1789957422	35041776	66	c6af38f4f660	757800
1789957668	135618	87	ebe3eb16c2e1	147600
1789957875	35041789	66	e0a4db7a7505	124200
1789958870	135618	87	916025638c77	597000
1789960072	135618	87	cda581979b59	721200
1789961274	135618	87	4e3f89ef82ff	721200
1789962054	17793	7	ee59d2ca692b	468000
1789962476	135618	87	1ff09d776c67	253200
1789963678	135618	87	95d7c6136095	721200
1789964881	135618	87	a7579f106530	721800
1789965653	17966	7	4807e7dab04c	463200
1789966083	135618	87	01f839e3ebea	258000
1789966142	17797	34	eb9aae6a1957	35400
1789967099	59914	5	d10c3fafdc75	574200
1789967141	18018	7	506e555a9053	25200
1789967285	135618	87	e0898721655a	86400
1789968421	410847	19	47941b1fc411	681600
1789968456	410847	19	60ddb5369407	21000
1789968487	135618	87	d48da1ee9de1	18600
1789969254	18191	7	ee04ce9114b5	460200
1789969689	135618	87	fe1c6293a4ec	261000
1789970891	135618	87	21ce0ecc9103	721200
1789972093	135618	87	7095dd91dc85	721200
1789972362	687	84	5a882676e685	161400
1789972505	410847	19	f74d52fdff9c	85800
1789972853	18364	7	4ee7e8990d42	208800
1789973296	135618	87	bfeee4d9216d	265800
1789974006	135682	87	1617a7224fe2	426000
1789976449	18537	7	437dc86d74b8	1465800
1789978288	67293	13	33c4b62cbf01	1103400
1789980048	18710	7	1b9fe69de703	1056000
1789983649	18883	7	16e58149b282	2160600
1789986640	135692	87	28406d53a1f5	1794600
1789986976	35041824	66	d1023fe42032	201600
1789987012	17797	34	1fcf544079c2	21600
1789987087	35041834	66	acf2bfb1062b	45000
1789987183	35041849	66	7002e9cdb9b8	57600
1789987252	19056	7	3bb3a1cf3710	41400
1789988772	410847	19	ad92837d5a66	912000
1789988807	410847	19	8707a16c5dd2	21000
1789989602	138308	87	3e7af17fe4b1	477000
1789990040	35195107	66	bdfc217ee2ff	262800
1789990354	139227	87	9492cffd6cca	188400
1789990500	35352397	66	53dd15d8f634	87600
1789990756	141160	87	41455df1e337	153600
1789990849	19229	7	37073305872a	55800
1789991283	141169	87	8ddd01f082c3	260400
1789991483	141214	87	ac021d377375	120000
1789991750	142372	87	51c36badf09e	160200
1789992061	146577	87	ada42a90c2b8	186600
1789992438	150503	87	4868cf6fd320	226200
1789992730	151199	87	d4a81539973c	175200
1789992871	151536	87	5ac5d3970568	84600
1789992974	152101	87	2308b90ee3d0	61800
1789994453	19402	7	417cd0b132e9	887400
1789994830	205518	56	c32c85665a4b	226200
1789995479	59915	5	91f4b3749402	389400
1789995507	19454	7	f2de3c560de1	16800
1789997112	152621	87	5f4294623e7f	963000
1789997135	152627	87	fa790b74e78b	13800
1789997975	152474	87	ea737e5b34db	504000
1789998049	19627	7	0bcb8c223d5d	44400
1789998105	35513873	66	283dba9dba42	33600
1789998664	35675218	66	5072ef9f5f25	335400
1789998744	35836579	66	0dd4754c148c	48000
1789999690	35836579	66	27d3d7a9527c	567600
1789999692	152724	87	4a4524eabf7f	1200
1790000443	695	84	2e98d01b01ad	450600
1790000552	410847	19	7f9e937067d1	65400
1790000662	247830	87	c79007eef4b9	66000
1790000933	2	86	6eb29426885f	162600
1790001650	19800	7	9a69d03f6c72	430200
1790001873	2385	86	35fdea2f2744	133800
1790002225	247839	87	f74b682f8afc	211200
1790002630	8401	41	d35f8e7482f0	243000
1790002699	35836770	66	20cbf6698d3b	41400
1790002757	248285	87	eae9edeeaa4c	34800
1790002810	250759	87	7e9b02a24704	31800
1790002866	8461	41	39e449cee1c8	33600
1790002981	250804	87	0af50bcfdead	69000
1790003155	35837130	66	aebb6f7d0b72	104400
1790003763	35838533	66	9f498d57538a	364800
1790005251	19973	7	84b0e3fc2bfc	892800
1790005368	250839	87	fde526b9afcc	70200
1790005634	251937	87	c99baad674ec	159600
1790005802	251125	87	02f6c3b11c52	100800
1790005831	291147	87	34de6f7aaccc	17400
1790005863	251125	87	ef50b158bedd	19200
1790005889	291147	87	877d915dba04	15600
1790005917	251135	87	ab4d9c76409e	16800
1790005951	291147	87	434376335bbe	20400
1790006056	291313	87	188cbfc96964	63000
1790006162	251291	87	6c2bf9eef667	63600
1790006181	251711	87	6c68e1a51baf	11400
1790006197	291733	87	872e64f755c4	9600
1790006217	251721	87	e50530ee03fa	12000
1790006256	291733	87	a6c54a166c66	23400
1790006352	411960	87	808e7ad28154	57600
1790006398	412149	87	b5f15716486c	27600
1790008172	4	75	668ff0897022	1064400
1790008852	20146	7	d59c609236ee	408000
1790009933	17797	34	89bbc5ff5795	648600
1790010794	417638	19	03e53d76ef59	516600
1790010830	417638	19	e3ba6e17d761	21600
1790012456	20319	7	d2fe691a5f6d	975600
1790016054	20492	7	67946976ec1b	2158800
1790019406	704	84	0d1d1f516c93	2011200
1790019539	417638	19	ca3d7c26f04a	79800
1790019651	20665	7	685f13225cda	67200
1790020883	20717	7	775f5c827652	739200
1790023263	20890	7	4ec8b3031f61	1428000
1790025328	417638	19	d347364d4e87	1239000
1790025357	417638	19	ee6bb53c9708	17400
1790028199	59917	5	636eab6c7851	1705200
1790030462	21063	7	95bb23c7c92b	1357800
1790032103	35846478	66	ca84fa4ca816	984600
1790032775	35846478	66	85d6ff8e6c8a	403200
1790032978	708	84	251ff353f03f	121800
1790033026	417638	19	e8dc030d1da2	28800
1790034050	21236	7	2cc1f4396872	614400
1790034651	35846542	66	2e20e3fe501f	360600
1790035279	17797	34	e4c79bc5e4a8	376800
1790035839	21288	7	12a5f9bde4f0	336000
1790036275	418649	19	47a2bff877f8	261600
1790036312	418561	19	7aa4ae6666c3	22200
1790036424	35846554	66	624ecbafec43	67200
1790037649	21461	7	62f595b22983	735000
1790038223	35846573	66	e80d1651ef49	344400
1790040045	35846588	66	f4283c4bb0aa	1093200
1790041248	21634	7	672dcc13a8c0	721800
1790041310	712	84	81c16977ffd0	37200
1790041834	35846593	66	44c7f13d54e0	314400
1790043639	35846605	66	558e7468f618	1083000
1790044849	21807	7	2b8bf894aedd	726000
1790048452	21980	7	aabeffc8d979	2161800
1790049316	35846722	66	72ee4cccf727	518400
1790049629	35846727	66	62e1dbc551ce	187800
1790052050	22153	7	ac1612504dc8	1452600
1790052100	17797	34	27c30e52d797	30000
1790053577	59918	5	7105eabae84d	886200
1790053650	22205	7	40f674c8b3de	43800
1790053841	418561	19	56ae7b090ec6	114600
1790054569	418710	19	bcc4a2bdaaf4	436800
1790054603	418710	19	8558b6cebdeb	20400
1790055649	22378	7	96a90ad8254f	627600
1790059249	22551	7	c13627043c09	2160000
1790062862	22724	7	7f2c6d21f401	2167800
1790063165	35854208	66	660f58e7e87c	181800
1790063272	717	84	b1a2b14edb8e	64200
1790063793	67293	13	8cdd282e097c	312600
1790063831	35854496	66	42fc71b33de3	22800
1790064359	35855071	66	bec0c7e7ef4b	316800
1790065863	10459	0	e439b450f37a	902400
1790065974	59919	5	63a69d32de73	66600
1790066450	22897	7	dd51f4764b23	285600
1790070668	17797	34	7a6d399c0805	2530800
1790071638	418710	19	527e9974d296	582000
1790072369	419903	19	1f1c9a0c4c92	438600
1790072402	419903	19	821a27cd91d7	19800
1790077618	59920	5	f36b0702d677	3129600
1790077684	22949	7	0d469aa42144	39600
1790083757	724	84	5d0eb06f88a6	3643800
1790088090	17797	34	fc5837b22317	2599800
1790089409	419903	19	dddac05600cf	791400
1790089895	419903	19	76408f37d812	291600
1790089930	419903	19	294af17f5629	21000
1790096539	59921	5	4eb5c73f40b6	3965400
1790096545	23001	7	3a34541590fa	3600
1790100580	728	84	3746c6564328	2421000
1790102737	17797	34	5e6f6c6ffc5e	1294200
1790103608	419903	19	ba63af07d622	522600
1790104086	419903	19	7a1979d963ce	286800
1790104122	419903	19	2b764699f029	21600
1790112330	23053	7	653c5d036e2a	4924800
1790112357	59922	5	cb53588fb847	16200
1790112554	732	84	4e7ac12bcfef	118200
1790114368	17797	34	1c3cc2a2f100	1088400
1790115603	419903	19	de443bc5368d	741000
1790115966	419903	19	0fb3fd2a0371	217800
1790115997	419903	19	d0b18f715c66	18600
1790122766	17797	34	9ba8df662f09	4061400
1790124205	734	84	3f5864381116	863400
1790124456	419935	19	19b6a0954c37	150600
1790124983	419935	19	4d645bd5076b	316200
1790125018	419935	19	dbebd349421c	21000
1790139131	23105	7	38df4a922335	8467800
1790139148	59923	5	2b19445a6eab	10200
1790142635	17797	34	42ad878f8bfa	2092200
1790143576	738	84	77cf8df26137	564600
1790143688	419935	19	f5bf9f57057b	67200
1790145549	419935	19	c25e948c7fea	1116600
1790145578	419935	19	f705e7a121e8	17400
1790150243	67293	13	c0b908a87a21	2799000
1790158597	624	70	b745b5fd0040	5012400
1790162652	17797	34	68f9da7bfba5	2433000
1790164006	59924	5	134ba8b144db	812400
1790164062	23157	7	f0cf395dc737	33600
1790164275	744	84	2696945890fa	127800
1790164364	419935	19	49042eb9c93d	53400
1790165244	419935	19	fea9b2d4c60b	528000
1790165279	419935	19	817907958620	21000
1790181995	17797	34	c4fe47787a54	10029600
1790183436	59925	5	2ea0979d96a2	864600
1790183492	23209	7	74d7936afd79	33600
1790183734	748	84	9e6550d5c27f	145200
1790183848	419935	19	3bf6ae6cd9c2	68400
1790184497	419935	19	e299e9baa936	389400
1790184528	419935	19	9d0b5794e9f8	18600
1790194325	17797	34	e1163c7f509e	5878200
1790195460	750	84	7f6d2823ebca	681000
1790195528	419935	19	24ca508035ea	40800
1790196110	419935	19	89329cb187cc	349200
1790196141	419935	19	e616fb936caf	18600
1790199300	23261	7	2159924a903f	1895400
1790199302	59926	5	a9107635958e	1200
1790205027	419935	19	746c0fa42158	3435000
1790205057	419935	19	e2979e95eb7b	18000
1790206559	17797	34	f0fb91121b7c	901200
1790207258	754	84	930e3503244d	419400
1790207294	419935	19	4a48134daabb	21600
1790214027	419935	19	606182f5bcbb	4039800
1790214068	419985	19	e8296b9cbd5a	24600
1790224490	17797	34	5431858e1d97	6253200
1790225983	59927	5	85a4f6803c42	895800
1790226028	23313	7	ce612fca48f8	27000
1790226227	758	84	663183e05ad6	119400
1790226315	419985	19	2e311191cfa0	52800
1790232306	419985	19	c7d9e455cf7f	3594600
1790232346	419985	19	d06c57cc6b58	24000
1790236092	67293	13	1c544e7fd549	2247600
1790243622	17797	34	712d0064e4bb	4518000
1790244785	761	84	30914afda9aa	697800
1790244872	419985	19	13a6379fa1a9	52200
1790245835	633	70	99aa58ac996a	577800
1790250931	59928	5	fde3ae8cdebc	3057600
1790250957	23365	7	5552e5d2f7af	15600
1790253899	23538	7	1694f97c67d0	1765200
1790254507	419985	19	5b66c5940644	364800
1790254554	419985	19	1ac5a95c7b7a	28200
1790255381	1236906	44	e265c5b28cb5	496200
1790256076	1236939	44	3e3988bc3968	417000
1790256970	1246472	44	45e15ebcc559	536400
1790257262	23711	7	91e4c7330ed1	175200
1790257509	1246472	44	173b329ba45c	148200
1790260849	23884	7	7fafaaddb28c	2004000
1790261720	17797	34	e24e25872713	522600
1790262987	767	84	48ade9b4f92c	760200
1790263066	419985	19	f47d21341d71	47400
1790264450	24057	7	94490ba77f92	830400
1790268049	24230	7	9b581efd598b	2159400
1790270277	24282	7	de1c3d76202e	1336800
1790270283	59929	5	9e423e79087f	3600
1790272729	420376	19	83b766e5a77b	1467600
1790272765	420376	19	04a25127a296	21600
1790275249	24455	7	5e2962f2d071	1490400
1790276501	17797	34	ce300596f01b	751200
1790277528	771	84	e5388f919194	616200
1790277587	420376	19	b3c5c598de60	35400
1790278849	24628	7	198ccf7c4eea	757200
1790282449	24801	7	f60e392f7899	2160000
1790285743	24853	7	643d882f8e7d	1976400
1790285774	59930	5	a4f264cfc723	18600
1790286048	25026	7	a6c95aa0d037	164400
1790286469	420376	19	ca7a0d35c78c	252600
1790286499	420376	19	dc296ac3a2d3	18000
1790288069	17797	34	7e354690026c	942000
1790289165	775	84	d8b49f20def1	657600
1790289323	420376	19	cc587c88a615	94800
1790289659	25199	7	7cd69b258377	201600
1790292132	4	80	4cc5eb2d2ec5	1483800
1790293038	4	74	dff7ec116866	543600
1790293261	25372	7	4f49967d31b3	133800
1790294064	35855541	66	7c64560d282f	481800
1790296059	3050	61	7b5e80d2cf46	1197000
1790296246	35855943	66	4a6213fa84b7	112200
1790296469	3051	61	5d3befc3c975	133800
1790296532	35855981	66	0ab3d1467d65	37800
1790296842	6721	28	636fba4ea050	186000
1790296854	25545	7	03802e5d435a	7200
1790296859	6721	28	1ef5f3a6c42c	3000
1790296866	8691	41	55bb551ccb00	4200
1790296873	29901	3	3f26bb39387b	4200
1790296873	3120	61	fedcc7ff4c8f	0
1790296874	35856050	66	451109c67982	600
1790297277	421168	19	8f7709eb4357	241800
1790297312	421094	19	7c00e9815597	21000
1790299438	17797	34	c64c18ef71ca	1275600
1790299519	6966	28	bfdc344289c0	48600
1790299521	29935	3	a6d9c899eacc	1200
1790300286	787	84	38f94d7d8e76	459000
1790300337	421094	19	1374411a3ba7	30600
1790300399	2	72	784c52853d1b	37200
1790300463	25718	7	eb1557feebe2	38400
1790300700	1812	72	a58a2cba31e1	142200
1790300743	1822	72	e06e84dd6913	25800
1790300777	1871	72	74f187aac040	20400
1790300808	1913	72	2ba77a48351e	18600
1790301151	3245	61	76ee2f13a6ec	205800
1790301245	3245	61	d05ebcc6c19f	56400
1790301308	3245	61	8c782da3d65e	37800
1790301404	3245	61	fdafc1c4d2b8	57600
1790301597	35856147	66	b860c70ac6d1	115800
1790301622	588	74	536f53e3aecc	15000
1790301746	601	74	3a95ad12834f	74400
1790301892	611	74	e31549e8e874	87600
1790302362	9237	78	aac94e6f9ac6	282000
1790302404	9237	78	ecae31800db7	25200
1790302530	9368	78	e2656d0c2d98	75600
1790302642	626	74	588fbd8d125b	67200
1790302691	8602	78	0b7a50939499	29400
1790302706	8602	78	3029cc56c306	9000
1790303615	8607	78	1205aa0d1f80	545400
1790304001	17876	34	3b60d08857e1	231600
1790304022	4386	61	074e1729d25a	12600
1790304061	25891	7	83bc1ece1e1f	23400
1790304198	4507	61	6bc8fca0fb82	82200
1790304297	4625	61	170c51a5daca	59400
1790304350	4646	61	5594f2c8f69d	31800
1790304739	4969	61	f6f10f838cbe	233400
1790304790	4980	61	54c4f3473489	30600
1790304872	35857117	66	1816929774a6	49200
1790305670	992	74	429fe4d94b57	478800
1790305780	994	74	a5409bd58dd4	66000
1790305847	1018	74	7b0af20cd4bb	40200
1790306011	1052	74	1e82f135ba34	98400
1790307651	26064	7	dae181387c1f	984000
1790309189	1080	74	84a919d78407	922800
1790309415	1083	74	89499a11428e	135600
1790311248	26237	7	9ff089e66970	1099800
1790312630	1203	74	d7210b372e7b	829200
1790312677	1261	74	97284a819c8c	28200
1790312688	26289	7	ed2999f27300	6600
1790312709	59932	5	40501ee0759d	12600
1790312731	1276	74	45cfc84fd6b7	13200
1790314849	26462	7	3eba21b3a96a	1270800
1790315803	1279	74	713f25b0fa94	572400
1790315921	1337	74	ad324e3b747b	70800
1790315960	1353	74	f5acdd40db69	23400
1790316021	1391	74	8875b418b326	36600
1790318189	423511	19	d2b2745b48dd	1300800
1790318222	423511	19	6bf98b8c0912	19800
1790318450	26635	7	6776cc3ac615	136800
1790319142	1446	74	b3c08c657e73	415200
1790319266	1485	74	12021e33a742	74400
1790321952	17876	34	2f8723663070	1611600
1790322052	26808	7	733fc8b02abf	60000
1790322391	1486	74	a7fbb4bc30ce	203400
1790322407	1486	74	b5bc242aa020	9600
1790323104	797	84	9915e5f5ebc2	418200
1790323151	423511	19	4ff1f1de7ebe	28200
1790323790	67293	13	c9b567d91818	383400
1790325649	26981	7	71231aa96500	1115400
1790329249	27154	7	1f1c59fd7ede	2160000
1790332393	635	70	158ab56dd6e2	1886400
1790332850	27327	7	7dbbb9f900b0	274200
1790336449	27500	7	b5b1ccf9ce4a	2159400
1790337476	59933	5	b463909b71b9	616200
1790337485	27552	7	e93507cdb0e0	5400
1790338278	423552	19	98a16a837d3b	475800
1790338314	423552	19	3e4d1be307c9	21600
1790343481	17876	34	65aa2a1c36ee	3100200
1790344603	803	84	2cdb48fe3516	673200
1790344662	423552	19	2274e0fe9a30	35400
1790345141	27725	7	9ed945f30a06	287400
1790345401	35857159	66	cc96278f5b3d	156000
1790345409	35857186	66	86c92ce7c862	4800
1790345749	1512	74	49e050dd73de	204000
1790345822	1514	74	ee69a07a7ebf	43800
1790347261	27898	7	ab96a381783a	863400
1790349423	2	73	7445be9dbfce	1297200
1790349872	473	73	a7991250f8a2	269400
1790349986	4	79	72ad818437c0	68400
1790350746	547	79	2b7f8e9357f5	456000
1790350861	28071	7	e1a59f7d4c93	69000
1790350938	775	73	2b544af77942	46200
1790350966	5015	61	72bf7ead4607	16800
1790351003	35857186	66	1f4535e960ee	22200
1790351218	5011	61	328c7aca6ae8	129000
1790351221	776	73	b059b2907423	1800
1790351231	35857186	66	cb3245eb2339	6000
1790351239	997	73	d0f137e422ea	4800
1790351962	1060	73	5c4586103687	433800
1790352466	35857212	66	a05e6a2bbca8	302400
1790352996	1094	73	f1f909fd9355	318000
1790353032	35857212	66	f4c518c0ee41	21600
1790353219	1101	73	c5bdee1f04b2	112200
1790353283	35857214	66	245f6dd070a4	38400
1790354025	1103	73	4af1c8476267	445200
1790354339	1116	73	f8f108c342d4	188400
1790354462	28244	7	5ae4df7bdbd9	73800
1790354688	1119	73	2e93b61a969b	135600
1790355103	1119	73	c89d3b708882	249000
1790356657	1126	73	4e760dd3da2f	932400
1790356688	28296	7	224e3aaf2109	18600
1790356701	59936	5	845e84bb5e2d	7800
1790357212	1131	73	f9877b30b6aa	306600
1790357606	424720	19	8cae79afd4e4	236400
1790357641	424720	19	290a01dfdac7	21000
1790357910	1162	73	037e2f79a149	161400
1790358062	28469	7	400abcced5a0	91200
1790360959	17876	34	c4b61d46e03f	1738200
1790361661	28642	7	f389960e810b	421200
1790361849	814	84	088610517412	112800
1790361915	424720	19	e779142959a3	39600
1790365264	28815	7	3b0298cf55ef	2009400
1790368862	28988	7	be6de556a184	2158800
1790369137	424750	19	d29a19cfd138	165000
1790369167	424750	19	dcf76b19a5a1	18000
1790372396	29040	7	d7614033e1e1	1937400
1790372434	59937	5	9ee5731702b0	22800
1790372461	29213	7	00d42960410a	16200
1790374401	17876	34	ce637d76160d	1164000
1790375464	818	84	dfab0fe9dea4	637800
1790375580	424750	19	3160def6b9ed	69600
1790376063	29386	7	09b18c4ac215	289800
1790381097	29559	7	177fb34926c4	3020400
1790381420	424750	19	a83dc848cde2	193800
1790381454	424670	19	a50cdffafbf7	20400
1790383261	29732	7	f26a99b78b8b	1084200
1790386047	17876	34	5d062135d1f3	1671600
1790386861	29905	7	b7aa47d37007	488400
1790386918	821	84	eaafacb9bd2d	34200
1790387004	424670	19	e69251694ecc	51600
1790390462	30078	7	4cdda8a9a94a	2074800
1790394061	30251	7	2c8f482a9669	2159400
1790397661	30424	7	621277d50f97	2160000
1790399237	59938	5	55d35afa5308	945600
1790399279	30476	7	d703b14b8d64	25200
1790400417	424670	19	dd28b18a7901	682800
1790400447	424670	19	68d63d04accc	18000
1790401261	30649	7	5b08be2ecdcc	488400
1790404861	30822	7	48cf5bf054ac	2160000
1790407914	17876	34	ec3c8f784602	1831800
1790408461	30995	7	e516cf8f7088	328200
1790409083	825	84	2e930778f95b	373200
1790409137	424670	19	e0c0ef55aabc	32400
1790409564	67293	13	f0e539acc9f7	256200
1790412060	31168	7	c60e8e91a9b4	1497600
1790415654	31341	7	4985442bb932	2156400
1790417670	424670	19	0e30fc3db2cb	1209600
1790417698	424670	19	15e43f64ad5c	16800
1790420224	2556800	46	0f42f419ed3d	1515600
1790420229	2556813	46	3befce0cca7b	3000
1790420233	2556813	46	a1a3bf4c1c5e	2400
1790420393	2556831	46	9654ddf486f1	96000
1790420399	2556841	46	26b69dfc1573	3600
1790422324	59939	5	8db0a8046e35	1155000
1790422353	31393	7	f65998732216	17400
1790423043	35857214	66	35ec6ab11b40	414000
1790423045	35857214	66	79c56aa78933	1200
1790424033	2556847	46	2fd65304fdfd	592800
1790424485	2556856	46	faf33a5d2f33	271200
1790424500	2556875	46	403877d5b3e8	9000
1790424571	2556721	46	79f84802d401	42600
1790424679	36481766	66	11f7e2ed6420	64800
1790425006	36481782	66	117d14a9e06c	196200
1790425039	36481900	66	8d0835a561cd	19800
1790425165	36481916	66	101a34d80160	75600
1790427548	17876	34	4b200ab12c92	1429800
1790428412	832	84	9469fff4a551	518400
1790428475	424670	19	aa718528727d	37800
1790429238	35857214	66	d12ef8229d52	457800
1790429243	2556781	46	67aa2eb05993	3000
1790429542	29950	3	8ce645ca4bc5	179400
1790429544	8739	41	ade46889126c	1200
1790433874	424660	19	872d02d924f8	2598000
1790433908	424660	19	2c290d9f778d	20400
1790440205	31445	7	7a37c37a654a	3778200
1790440211	59940	5	4183c0848a91	3600
1790442251	17876	34	60b75597f21c	1224000
1790443005	840	84	e492c8244989	452400
1790443060	424660	19	3cd65b402c42	33000
1790448062	31618	7	496d8f075379	3001200
1790448232	424660	19	158ec5f44ff3	102000
1790448263	424660	19	bf21a16ce8ef	18600
1790449562	4	76	46e373401450	779400
1790449633	126	76	e50e1c42c3b6	42600
1790451661	31791	7	41425bfca85b	1216800
1790451808	17876	34	8e2deaedc579	88200
1790452655	845	84	25ac1d88c438	508200
1790452735	35857755	66	b8bfb1c25d7d	48000
1790452739	424660	19	066e1de9920e	2400
1790452749	35857753	66	3f7361205e9c	6000
1790452802	5019	61	187487fdcc0e	31800
1790452832	35857753	66	990892faea97	18000
1790455262	31964	7	7aff21460af6	1458000
1790455354	5035	61	ee18f71518fb	55200
1790455626	2286	76	64b8ade5855a	163200
1790455831	35859559	66	1ede0684c4db	123000
1790455858	35859559	66	3256cd9c0a74	16200
1790456248	35859562	66	5280203c99d7	234000
1790456363	2915	76	2ddf7257e484	69000
1790457392	32016	7	c32171503a9e	617400
1790457411	59942	5	df20a331b99d	11400
1790458864	32189	7	cad083b9f9eb	871800
1790459647	4273	76	c835c32aa278	469800
1790459702	8496	76	6e38153cc7e8	33000
1790460023	61013	5	485851fcbf5c	192600
1790460466	3586	76	bc84d6acabe0	265800
1790460485	4537	76	2970c8acf3dc	11400
1790460506	8509	76	4e3b249cc78b	12600
1790460789	427391	19	e1fb51ab4f67	169800
1790460820	427391	19	ec7731bd9ea7	18600
1790461867	8509	76	ceca80285cf9	628200
1790461977	8509	76	29e886b446a0	66000
1790462109	7233	73	79e0bd8ee338	79200
1790462145	10325	76	a0dbc6ac6bd9	21600
1790462145	9654	76	f8006ec337df	0
1790462295	10388	76	64b378aa52e5	90000
1790462315	1471	79	f8e33da73b9c	12000
1790462456	17876	34	8d10ca18257c	84600
1790462465	32362	7	089fead50183	5400
1790462817	5063	61	0b8d1b074a52	211200
1790462845	35859562	66	017fa1402f45	16800
1790463191	35859640	66	494de34b4cc3	207600
1790463558	854	84	8ef87d8ea8bc	220200
1790463574	61034	5	6c61b32163f0	9600
1790463599	427391	19	a57078dda0dd	15000
1790464418	35896425	66	49f8e12c1477	491400
1790466062	32535	7	929d336af8af	986400
1790467094	35941773	66	b30a75f969b0	619200
1790467493	5078	61	729f0e2bed60	239400
1790467509	35941788	66	fedf5f3f432c	9600
1790469645	35990935	66	83e5f1f86b9b	1281600
1790469662	32708	7	c884a827c2a8	10200
1790470009	5093	61	73568a12b6eb	208200
1790470015	35990950	66	d83ef7c6e5b0	3600
1790470359	440074	19	501d18b99a9b	206400
1790470390	440170	19	d87bd58b9c1d	18600
1790471946	17876	34	70bfbc3fd220	933600
1790472055	36053092	66	bbffb57d03c5	65400
1790472863	860	84	6e6562bbdf79	484800
1790472899	440170	19	f8a21bca500e	21600
1790473262	32881	7	a5f5419e0e6a	217800
1790473570	5108	61	88ff7627a854	184800
1790473580	36053107	66	37e3ba3affec	6000
1790476226	36108314	66	53a161c97161	1587600
1790476583	5123	61	7f15a2c448c4	214200
1790476589	36108329	66	e1cf8e4e9eb9	3600
1790476862	33054	7	fa530c43028c	163800
1790478160	36164267	66	7731836d2680	778800
1790478626	5138	61	57f8879ab1e9	279600
1790478632	36164282	66	c005f111fbf5	3600
1790480375	36220728	66	1adab521f925	1045800
1790480460	33227	7	b918c7d8a2d2	51000
1790480729	5153	61	aa23615cf22b	161400
1790480734	36220743	66	9febab906b92	3000
1790483095	36277190	66	fac9d7fff545	1416600
1790483683	5168	61	2ea6aeff0948	352800
1790483688	36277205	66	4b4631d7b1ff	3000
1790484061	33400	7	a36b4dbb1787	223800
1790486739	33452	7	f5deac2c903d	1606800
1790486784	61071	5	c027eb91f181	27000
1790487658	33625	7	6ec5c65ad047	524400
1790491262	33798	7	86842420d7ad	2162400
1790492752	445499	19	b0ed7dfa29ef	894000
1790492783	445499	19	0e70ba553362	18600
1790494862	33971	7	6870a309ae2c	1247400
1790496047	17876	34	ee040da2d213	711000
1790497289	866	84	d94927e11b2c	745200
1790497377	445499	19	2f21166b221d	52800
1790497942	67293	13	01e4fc186cc3	339000
1790498461	34144	7	11315e59f22f	311400
1790502061	34317	7	ee1bc27a7ab7	2160000
1790505663	34490	7	bbe206d478bc	2161200
1790508386	36333668	66	e680adbb9e9b	1633800
1790508767	5183	61	b18149ce5aa1	228600
1790508773	36333683	66	9091c92783a5	3600
1790509270	34663	7	4dd094d7842a	298200
1790511074	61090	5	9a3b30a14da2	1082400
1790511094	34715	7	fb3f46877a34	12000
1790512862	34888	7	26b337e8dbff	1060800
1790515109	445516	19	09d75671d7f1	1348200
1790515139	445516	19	00667d54e3b2	18000
1790516471	35061	7	fbeea0fcf345	799200
1790517043	35216	7	4a0ca416516e	343200
1790517043	205673	56	f41598cf15cc	0
1790517043	7388	73	d5e27f77d08d	0
1790517043	1669	74	c74f799ef8e3	0
1790517043	3070	76	ade9552f6da3	0
1790517043	702	79	7fc31d999968	0
1790517044	18031	34	2d4a8e503abf	600
1790517044	415806	87	edafcb48aadd	0
1790517054	17876	34	6d6486d6453f	6000
1790518127	880	84	ead8e080c888	643800
1790518315	445516	19	6d4a1705abc2	112800
1790520067	35234	7	64879d9a44cf	1051200
1790520523	4	90	bcc4186e687b	273600
1790520647	75	90	5375ed247f59	74400
1790520924	36394235	66	9d7137ae517f	166200
1790521194	4	88	c2916761aa1e	162000
1790521300	63	88	a0bfd9e66ac8	63600
1790521348	5198	61	2101983d2c3c	28800
1790521353	36394250	66	d1cfbffddd78	3000
1790522009	4	89	6be6597a57d6	393600
1790522279	35234	7	2cbf5754ae87	162000
1790523502	4978	89	aa093d317d1a	733800
1790523662	35407	7	95d1dfae7eb1	96000
1790527264	35580	7	1482e1bc7838	2161200
1790527516	36459325	66	1fc3b080dcc5	151200
1790528610	35632	7	9924d6a6b711	656400
1790528624	61128	5	77ad249458d5	8400
1790530882	2	93	1cfa81aad0ab	1354800
1790530928	3	93	e34241916387	27600
1790531698	36534031	66	86f04e1531b1	462000
1790531886	455782	19	b29654e6e86c	112800
1790531920	455782	19	ab6bf83e3dd9	20400
1790532547	3689	93	961ac1b09eae	376200
1790532557	3690	93	b9912bf774d0	6000
1790533006	17876	34	96fbe5a106a2	269400
1790533164	4	91	352b7e0a0e6d	94800
1790533230	86	91	2627953ba4c2	39600
1790533850	897	84	df50809b4f26	372000
1790533924	455782	19	5d4ab8a35df1	44400
1790534479	35805	7	3513e7d23e7c	333000
1790538073	35978	7	a49b99277d5b	2156400
1790539273	255	91	b8c01fb7edf9	720000
1790539359	292	91	d3ed2171e5c9	51600
1790539900	374	91	cf0de017de3c	324600
1790540205	11332	91	7204b98d0631	183000
1790540473	11408	91	89386a2f99f7	160800
1790540600	18894	91	2d5622f90629	76200
1790540643	18940	91	0989c7f0bb60	25800
1790541318	19046	91	0154c9bfcefa	405000
1790541320	18981	91	616a9b437888	1200
1790541389	19194	91	d1ba64a1fc1e	41400
1790541465	19023	91	f6a656d8a3c1	45600
1790541502	19030	91	99985a54fbf9	22200
1790541662	36151	7	ab9f96a26f88	96000
1790542061	4	92	4ba88147be4d	239400
1790542195	222	92	aab567d91faf	80400
1790542262	237	92	d9f78f526db9	40200
1790542345	357	92	3166c544894d	49800
1790542603	19859	91	31a96df9f17b	154800
1790542799	357	92	3f25be9d63bf	117600
1790542802	379	92	31bddcedaed4	1800
1790542849	536	92	62b387969a1b	28200
1790542866	588	92	b1082280de56	10200
1790542890	443	92	c59f4830c7a5	14400
1790542897	653	92	2548c645788a	4200
1790542983	733	92	42eff5e4d323	51600
1790543034	411	92	a87abc555eef	30600
1790543102	379	92	54b33d19276e	40800
1790543104	675	92	3245bab0077a	1200
1790543107	755	92	55957947fda9	1800
1790543110	934	92	41f81a1bed75	1800
1790543113	1164	92	08c8998059e4	1800
1790543116	1250	92	ac7adb92cf51	1800
1790543132	1250	92	b4ff256308d5	9600
1790543476	1273	92	67a5f0a43c82	206400
1790543790	1722	92	50df98b44d7c	188400
1790543800	20144	91	b59b16e36a36	6000
1790543840	1274	92	e2a32dc75445	24000
1790543889	423	92	4f7df0173598	29400
1790544264	1289	92	859f8158bbc8	225000
1790544271	1289	92	995ed532b970	4200
1790544361	36203	7	d78fc3e91d4b	54000
1790544448	61191	5	ff7663adf309	52200
1790544759	19956	91	ba6f00db2d60	186600
1790544838	20049	91	b0e9d007d668	47400
1790544995	465429	19	c05f14fadad2	94200
1790545029	465429	19	0efb10e013db	20400
1790545149	20292	91	ecb0a98e1d7e	72000
1790545263	36376	7	1fb54fab16b1	68400
1790545616	20146	91	6eb9428562ae	211800
1790545640	429	92	1b21540197b4	14400
1790545931	20279	91	f2e2fafc0b98	174600
1790546465	17876	34	65226a8687c1	320400
1790546683	19922	91	22ca1dd6e1ac	130800
1790546686	20294	91	77bb2ca276f4	1800
1790546721	20011	91	13b6756fdca1	21000
1790546763	18248	34	9b2acb092457	25200
1790546770	20132	91	a00a284244ac	4200
1790546839	20015	91	eecd81288e5c	41400
1790546886	8816	41	d766f2e45014	28200
1790546957	465461	19	541cca3208d4	42600
1790546970	20327	91	3475d0d394ac	7800
1790547020	25774	16	715f19d2d657	30000
1790547054	205576	56	73d5d5e34303	20400
1790547064	20322	91	5cc3f7b345a1	6000
1790547081	1364	92	22b1ce9c4b0d	10200
1790547131	20045	91	1e59a014eb77	30000
1790547355	20069	91	20bce1d37b26	134400
1790547724	907	84	a57d7751a35a	221400
1790547751	20118	91	ffe450fc8e2a	16200
1790547800	465461	19	4241b3a1c72c	29400
1790548097	20154	91	ea20fc6bf6e1	178200
1790548619	20255	91	473a0ce834e4	313200
1790548861	36549	7	a17e3f8be42f	145200
1790548965	20329	91	8de4b4bd81e1	62400
1790549004	20342	91	cb6d179eab11	23400
1790549022	20271	91	33eef80498ad	10800
1790549095	19929	91	a63dd9ff0d09	43800
1790549167	20072	91	c799f311ed19	43200
1790549224	20165	91	91c264ffa691	34200
1790549399	20034	91	00c7ebaa8a2b	105000
1790549407	20094	91	e1e7ca7d3244	4800
1790549408	20309	91	66426781bdff	600
1790549434	20095	91	938e8e0d0d08	15600
1790549467	20368	91	f361030692f7	19800
1790549763	20344	91	ca18276b5884	177600
1790550153	20380	91	0931007d92e3	234000
1790550516	439	92	b4565787e3f6	217800
1790550531	20470	91	92d5d61db5bf	9000
1790550799	20122	91	85cf6be43817	160800
1790550886	36553520	66	896ce2da94b8	52200
1790551151	20536	91	64f47011c728	159000
1790551374	36553524	66	358dc2fda717	133800
1790551914	19922	91	c11354d502e9	324000
1790551960	20357	91	1ee7906e88a3	27600
1790551960	20357	91	cc8d1c184d61	0
1790552006	20509	91	037954b20ec5	27600
1790552028	20678	91	6031844fe004	13200
1790552053	20977	91	68cf074dc104	15000
1790552053	20977	91	a8374d5ccbdc	0
1790552102	21250	91	b04716ef0884	29400
1790552102	21250	91	b1ae01d56c6b	0
1790552149	21927	91	d79cff13d746	28200
1790552150	21927	91	68c4dd9b0104	600
1790552461	36722	7	a3f36db950f4	186600
1790552804	21968	91	3eef7dbf0ca4	205800
1790552807	21975	91	10800133f8a7	1800
1790552807	21950	91	5b7ff768ec2d	0
1790552807	22163	91	60f10d98ea5d	0
1790552808	22140	91	750d9848f176	600
1790552811	21960	91	ed8dcc98cdf8	1800
1790552815	22397	91	acee021ef725	2400
1790552835	21934	91	5e4010b44835	12000
1790552907	22000	91	8b35c5592817	43200
1790552926	22069	91	f0b9c5bf60ad	11400
1790552946	22017	91	7b571f1423fd	12000
1790553025	22160	91	6e3708367782	47400
1790553033	22389	91	22496093306b	4800
1790553102	22428	91	a1354cabddc2	41400
1790553213	21967	91	b3d4ce276363	66600
1790553310	22030	91	6802dd5b3f1a	58200
1790553322	22121	91	ad7c800e6932	7200
1790553330	22126	91	4aeb1261f04a	4800
1790553333	21978	91	c4936cea6794	1800
1790553455	22417	91	6841fe546ea9	73200
1790553489	466090	19	51f4aba6ba6d	20400
1790553521	466090	19	58d7fa160dc5	19200
1790553606	22135	91	d409d863e844	51000
1790553797	36574188	66	6dee376d3d12	114600
1790553994	22911	91	c958c8884012	118200
1790554053	22198	91	dc71f2a62069	35400
1790554062	22472	91	4e110c4bfbc4	5400
1790554415	22255	91	36005cb9b0ff	211800
1790554419	22911	91	1f9c1214d7a2	2400
1790554419	22911	91	b47fd433e762	0
1790554516	22911	91	c50575cc5479	58200
1790554668	22541	91	4d1229eb2d36	91200
1790554775	23525	91	009c6d378e17	64200
1790554835	22286	91	34d74ba3343d	36000
1790554930	23270	91	c55fdf04213d	57000
1790555201	23292	91	8f7e6fddf10c	162600
1790555432	23525	91	9248b356ac1a	138600
1790555432	23525	91	973f1d87b61e	0
1790555490	23906	91	0740d381aafa	34800
1790555490	23906	91	bfab002f3429	0
1790555510	23326	91	ca1c69cbbbc8	12000
1790555589	18248	34	441b5ee3eae5	47400
1790555605	23940	91	ba8aa74d13bc	9600
1790555660	23297	91	52f7cc7ca0ee	33000
1790555749	24292	91	7c0a6fee9e8a	53400
1790555764	23562	91	7cc775a3e20b	9000
1790555806	23961	91	64ff0d4b4a89	25200
1790555924	23943	91	95d16f02a3f1	70800
1790556062	36895	7	4a88fde435b5	82800
1790556089	23970	91	847c16d4b607	16200
1790556176	23991	91	0c6a26ba9a6f	52200
1790556329	24169	91	6a8a06017ede	91800
1790556383	24352	91	a9a3447f4214	32400
1790556501	23988	91	aa636048437a	70800
1790556954	24352	91	568b014279fc	271800
1790557117	913	84	3f12e2a52bb1	97800
1790557181	24352	91	497cda832e79	38400
1790557181	24352	91	c4daf068074b	0
1790557356	36596653	66	7394041d337d	105000
1790557385	25360	91	83f0bd505e37	17400
1790557639	25362	91	3eb2ea366aa7	152400
1790558006	24089	91	7406a778d399	220200
1790558104	24089	91	c0c07258cd0e	58800
1790558207	24535	91	0cd658874e15	61800
1790559027	24535	91	68ee09b3ac51	492000
1790559084	24617	91	04b3e55e5af5	34200
1790559660	37068	7	f3a626167938	345600
1790559831	24550	91	59583a956a1f	102600
1790560050	466194	19	076b5d4b16d2	131400
1790560315	25396	91	df803f018352	159000
1790560783	36619192	66	17e31ddbbcd1	280800
1790560884	24553	91	ecc487d05c0f	60600
1790560975	24635	91	2dfd3dc7cc6e	54600
1790561609	24664	91	6a20033616cd	380400
1790561866	25414	91	74255b42bcbf	154200
1790563066	24664	91	0b7628704849	720000
1790563122	26172	91	4f960f6ab7cb	33600
1790563123	26172	91	f317c701dea2	600
1790563225	36642216	66	4035cc9760f9	61200
1790563261	37241	7	3d79ee860f7f	21600
1790566861	37414	7	25d2d26f643d	2160000
1790570461	37587	7	db01066572dc	2160000
1790573572	37639	7	af13dd8beafb	1866600
1790573579	61338	5	ca37bf451fea	4200
1790574061	37812	7	c12fbbea2485	289200
1790574631	468744	19	7f8e51aa6550	342000
1790574665	468744	19	4c81b3c02327	20400
1790577635	18248	34	29c8993c49ff	1782000
1790577663	37985	7	0c9d319b61da	16800
1790579035	919	84	d1d14467520a	823200
1790581261	38158	7	8a46f8a8658b	1335600
1790583032	26402	91	ed8449557600	1062600
1790584862	38331	7	6b4832cff937	1098000
1790585327	468744	19	0c4ccbc9f917	279000
1790585797	67293	13	3b52baf7eb1f	282000
1790588463	38504	7	7bd836989ff8	1599600
1790589048	26516	91	3d2ed9083766	351000
1790591001	26487	91	f03d49b2fc27	1171800
1790592060	38677	7	7b7300e75c21	635400
1790592494	26831	91	9fa152420e32	260400
1790592494	26516	91	f6c5dbad4d68	0
1790592505	26831	91	f8d3c16c93a4	6600
1790592647	36665760	66	a3b609b53903	85200
1790593458	26986	91	54f876c3ccc1	486600
1790593458	26918	91	9b2aba9f5cdb	0
1790593793	26995	91	5bef78a13189	201000
1790594255	26995	91	2f9906a8bf74	277200
1790594506	36689304	66	03d6054b2fe3	150600
1790595663	38850	7	b9b271dd29de	694200
1790595734	27075	91	42fc5ab2e13f	42600
1790595810	36712918	66	93a1a3cb92da	45600
1790596060	27082	91	3fbe5ef7b782	150000
1790596306	27526	91	20cc36dd6f13	147600
1790596323	27533	91	36b8f4fe37d0	10200
1790596494	36736844	66	b45df3d4254a	102600
1790597543	27536	91	900fd7c7fd91	629400
1790597764	36760770	66	b4ec4b5a1350	132600
1790599262	39023	7	09c1b5186128	898800
1790599953	5230	61	a1cff090e078	414600
1790599978	36760802	66	01b4e04a54e2	15000
1790601278	2809	92	0665f4ed63fc	780000
1790601417	3128	92	1605300b4244	83400
1790601995	3278	92	f94b4640f394	346800
1790602863	39196	7	762d890181e4	520800
1790603593	205801	56	4568e3466684	438000
1790604468	61382	5	d7dc8631958f	525000
1790604471	39248	7	c86d8791309b	1800
1790604516	3280	92	1f74f80767ca	27000
1790604744	5245	61	d3fd61975244	136800
1790604779	36760817	66	3c5d8439ed43	21000
1790605523	3286	92	d6c399d75e51	446400
1790605536	3286	92	36a2512ef54f	7800
1790605645	3335	92	804866f68326	65400
1790605661	472461	19	a05282f7f14c	9600
1790605671	3346	92	729e11939283	6000
1790605699	3351	92	8eb683be5abd	16800
1790605700	472461	19	1de2a1537882	600
1790605734	3355	92	b458287e6252	20400
1790605755	3357	92	bb5c5645b074	12600
1790605793	3368	92	6dd472b91263	22800
1790605858	3379	92	2243248bec62	39000
1790605954	3389	92	f20757b5fd34	57600
1790605976	3392	92	a45683475c04	13200
1790605998	3399	92	ba40c7704448	13200
1790606102	3416	92	983f97894475	62400
1790606206	3429	92	434aff027eaf	62400
1790606244	3436	92	47bf6faf6ba9	22800
1790606346	3438	92	0dea9a0838da	61200
1790606465	39421	7	e96c0878b99d	71400
1790606491	3489	92	0b3be0c876f0	15600
1790606512	3492	92	17212ed8a8a4	12600
1790607720	3504	92	c897402318f0	724800
1790608707	18248	34	16f15c01adef	592200
1790608768	3597	92	eefaeedfd072	36600
1790609937	929	84	773c22d18637	701400
1790610061	39594	7	89254c4cae87	74400
1790610657	3610	92	2a0a5c1e8bf0	357600
1790613662	39767	7	589f34c1fbdb	1803000
1790617263	39940	7	77c84608ccdc	2160600
1790617459	472461	19	5501f47a95a4	117600
1790620862	40113	7	0927417ed2ad	2041800
1790624462	40286	7	1e8d7d8476ba	2160000
1790626246	3667	92	88c71414ff32	1070400
1790626977	27537	91	a6b5ae63cc0e	438600
1790627008	36784744	66	f0e89d295c29	18600
1790627403	5275	61	ad042ab3a94b	237000
1790627408	36784774	66	2b4b0a5c13bc	3000
1790628062	40459	7	e94d19911ea0	392400
1790628468	472746	19	2f2784dc8eb0	243600
1790628508	472746	19	b0d1a51b3c72	24000
1790630179	40511	7	be8af4b7741c	1002600
1790632229	18248	34	9546b0b564cf	1230000
1790633362	936	84	83eb183787ad	679800
1790637761	61431	5	17e4c67ca059	2639400
1790637823	472746	19	867371b8021e	37200
1790643864	40563	7	588e72f0c011	3624600
1790644572	472746	19	79536b77f901	424800
1790644607	472636	19	530752877bb8	21000
1790646441	18248	34	13942bdd97fb	1100400
1790647479	940	84	a9ca20ea5900	622800
1790661058	61439	5	6497d7c5e1a5	8147400
1790661256	472636	19	6e8d06c297dd	118800
1790667053	27619	91	042ca9740196	3478200
1790667070	472636	19	9a327d55f7f9	10200
1790667082	36785072	66	1da4dafd9e7a	7200
1790667106	472636	19	11aa5eb39f4a	14400
1790667186	40897	7	bbce77ab7e4b	48000
1790667245	1246757	44	efb844b9bba7	35400
1790667320	472852	19	e73d3930607d	45000
1790667446	36785072	66	75a9b3762956	75600
1790667449	1246757	44	2fd4d9725772	1800
1790667452	472852	19	347c528e01bc	1800
1790670013	18248	34	9b8dbe06f8fd	1536600
1790671381	947	84	f584b41ce426	820800
1790672401	67293	13	fa5f659cd89b	612000
1790675853	40615	7	7f4af1fe56d3	2071200
1790686966	61456	5	9f936aa9f832	6667800
1790687335	472852	19	4182f005abf1	221400
1790689030	40788	7	c4c9ad0267f0	1017000
1790689263	40961	7	595432199692	139800
1790691692	472927	19	d7107a01f858	1457400
1790691752	472927	19	e407ae9efeeb	36000
1790696450	18248	34	ee62240c13cb	2818800
1790697579	952	84	d05b9a6fa7fa	677400
1790705288	41013	7	aa7092e6f601	4625400
1790707397	472927	19	d0e0bc58d857	1265400
1790710751	472927	19	64c8ec76fc17	2012400
1790710800	472927	19	bc5c8a30d1e3	29400
1790714429	18248	34	50475e5b0c10	2177400
1790715255	955	84	e75215ed6511	495600
1790720552	41065	7	b8d7b613359d	3178200
1790720567	61472	5	d4c0e201f4ed	9000
1790722981	472927	19	b5b6ab91f7ac	1448400
1790723540	472927	19	d8b52aad8ea5	335400
1790723585	472927	19	a9d17be60a43	27000
1790727537	18248	34	1d6b10885097	2371200
1790728477	959	84	668f0e23916a	564000
1790734356	472949	19	78b12dc24db8	3527400
1790735031	472949	19	ff5099beb0c4	405000
1790735077	472949	19	dc68917506e3	27600
1790746844	61482	5	81cadb9bec65	7060200
1790746888	41117	7	e23c583c57be	26400
1790750171	18248	34	00c5df92cf0c	1969800
1790751088	963	84	279976ce3fa7	550200
1790757959	472949	19	ee13c96341ac	4122600
1790758741	67293	13	2eca29131219	469200
1790758857	472949	19	b6bbfefd624d	69600
1790758900	472949	19	8adfc9f926aa	25800
1790772280	61491	5	c44e54117930	8028000
1790772313	41169	7	61389335268d	19800
1790775300	18248	34	33b6d9f8ef77	1792200
1790776517	968	84	6e49e3bbc4d3	730200
1790783979	472949	19	3f2214d2fbfb	4477200
1790784375	472949	19	e3af42c1baa3	237600
1790784497	472949	19	2ac1147a2bfa	73200
1790795203	18248	34	1b8c02b96703	6423600
1790796578	970	84	1c592e595de5	825000
1790798781	41221	7	12ebcaf6a335	1321800
1790801602	472949	19	bae94ebbcc72	1692600
1790802042	472949	19	82a9a6da7aad	264000
1790802090	472949	19	8ae3385f9e26	28800
1790806976	61505	5	aa0f35976c4f	2931600
1790809088	18248	34	aa1250a58a41	1267200
1790812732	974	84	3b23d20f11ad	2186400
1790814972	41273	7	994c0de619ac	1344000
1790815084	472885	19	6d5ee19403b7	67200
1790815837	472885	19	4726798598eb	451800
1790815882	472885	19	aa68c6246dbc	27000
1790820113	18248	34	916f3c693f35	2538600
1790834730	61514	5	2de4f6916ad9	8770200
1790834992	978	84	707f1fc817fd	157200
1790839059	472885	19	eb7280f60f9d	2440200
1790840861	472885	19	f113c1cb484e	1081200
1790840913	472885	19	41d0915c5344	31200
1790844302	18248	34	34340b4f62f7	2033400
1790846670	67293	13	38e3da9f1e97	1420800
1790849771	41325	7	0a267c6366f5	1860600
1790854963	4607	17	51ebab8678bc	3115200
1790855277	644	70	46211ca1d5ec	188400
1790861319	61525	5	8d156bce46ed	3625200
1790861585	985	84	d7870eb299c8	159600
1790865410	472885	19	909fa47a2a49	2295000
1790869304	472885	19	10bca1d7156b	2336400
1790869361	472885	19	811d85d7cb5a	34200
1790871535	18248	34	8ae03dbee7ea	1304400
1790879290	41377	7	b6a951532582	4653000
1790883470	988	84	57f676dbd381	2508000
1790886244	472885	19	3ac7f74aa78c	1664400
1790886734	472885	19	dca1aa09f951	294000
1790886786	472885	19	b82a515870ea	31200
1790891144	18248	34	664f274c9128	2614800
1790894819	61538	5	fff54a0cce27	2205000
1790899069	991	84	9a1f69d949a2	2550000
1790899939	472885	19	c1256d032b61	522000
1790899986	472861	19	fce9213e8298	28200
1790902351	41429	7	3db231a80893	1419000
1790902598	472861	19	941cc4d193fd	148200
1790904905	18248	34	b5a53d584186	1384200
1790920136	61546	5	2899bb5660c1	9138600
1790920406	995	84	45bcddfc8aec	162000
1790921432	472861	19	be25897f9d10	615600
1790921478	472861	19	ef18a63d6073	27600
1790924789	472861	19	d8abd41339dc	1986600
1790929420	18248	34	a6793fa90f05	2778600
1790931509	67293	13	15d4f1c57cec	1253400
1790934821	41481	7	b41a59af1dd6	1987200
1790940051	646	70	faa0eb64d849	3138000
1790945197	61556	5	da161d98b66a	3087600
1790945497	1001	84	63d8590db243	180000
1790946568	472861	19	0967a4fd4b61	642600
1790946617	472861	19	8856f92ecf35	29400
1790949482	472861	19	f8f0f31a141c	1719000
1790955772	18248	34	0f1268d4981a	3774000
1790963685	41533	7	08792299f38c	4747800
1790965923	1004	84	37b0125630b6	1342800
1790966573	472861	19	63e29f156017	390000
1790966626	472861	19	75e31d3f55da	31800
1790969096	472861	19	c6079a9951d9	1482000
1790973529	18248	34	c67d022b31f5	2659800
1790979597	41585	7	1b85839f143e	3640800
1790979629	61570	5	6b6bf3d377a7	19200
1790980547	472861	19	de19abab3675	550800
1790980598	472861	19	e1848ece1252	30600
1790982279	1008	84	f43ff36e2bb8	1008600
1790985134	472861	19	73a7ecc1bc34	1713000
1790987035	18248	34	a6296e18a7a2	1140600
1790990759	472861	19	df20d5496d21	2234400
1790990804	472821	19	006b87291d45	27000
1790991895	30011	3	718911a12b2f	654600
1790991969	30092	3	663a93fd6c87	44400
1790991970	30031	3	0d883d10f370	600
1790992050	30061	3	336e7d151b4c	48000
1790992105	30003	3	dd2654f320a6	33000
1790993042	30038	3	069d685a78bd	562200
1790993196	1011	84	65f7b2dd57c5	92400
1790997310	36785347	66	02393294d11f	2468400
1790997920	36785622	66	d50cf7342f93	366000
1790997922	36785347	66	ab903f46e76b	1200
1790999943	36785931	66	64c117226a97	1212600
1791005164	41637	7	5e6d201c54b1	3132600
1791005173	61590	5	fc51c28a29bb	5400
1791005384	472821	19	51cceda716b3	126600
1791008537	18248	34	0b03d81aa6d5	1891800
1791011204	473531	19	6d92d6457449	1600200
1791011255	473531	19	a869424b6f74	30600
1791015485	1016	84	14acc35bb03d	2538000
1791016349	67293	13	46015b30e7b0	518400
1791028023	61599	5	fa94ab016b32	7004400
1791028084	41689	7	e27792be2a58	36600
1791028249	473531	19	0e551bfd7832	99000
1791030392	18248	34	c3c046e438e4	1285800
1791031506	473531	19	745f3ade9b0f	668400
1791031550	473531	19	6bb8c2555d5d	26400
1791034280	1021	84	85b339f32651	1638000
1791044911	61607	5	9eb04becd19f	6378600
1791044953	41741	7	a2e057ab201c	25200
1791045149	473531	19	6e065f0dce54	117600
1791049046	473531	19	70c6770cb789	2338200
1791049093	473531	19	7c91125e79c4	28200
1791050493	1024	84	99f8c7330abb	840000
1791057649	473531	19	14c47c3f3522	4293600
1791058384	473531	19	1d0fed9b380f	441000
1791058427	473531	19	7435bb555f5e	25800
1791061608	18248	34	5fcf1e180ad5	1908600
1791062663	61618	5	bfc9d0e3c046	633000
1791062719	41793	7	1b53fce7b02d	33600
1791062899	1028	84	f2f021ea3a0c	108000
1791069072	473531	19	090e80080bac	3703800
1791069695	473531	19	efa1f0de53a3	373800
1791069744	473531	19	ed3f8d3afabb	29400
1791071095	18248	34	832afff8864a	810600
1791077238	1030	84	59f44d22d24d	3685800
1791081968	473675	19	3f67955f92cc	2838000
1791082395	473675	19	df18589479d3	256200
1791082441	473675	19	f957f703ffb6	27600
1791092456	18248	34	2c9f792d2b3c	6009000
1791093689	41845	7	6fd8d90f3e37	739800
1791093787	61632	5	f1a5fbbb5228	58800
1791102757	1034	84	962871e9e11d	5382000
1791103472	67293	13	f414c054a46f	429000
1791107853	473675	19	f3c832148714	2628600
1791108406	473675	19	509c3630d8e8	331800
1791108457	473675	19	7269318ed6a6	30600
1791116057	18248	34	cea097b163b8	4560000
1791117007	61640	5	3aedb73046e3	570000
1791117029	41897	7	85928b95732f	13200
1791117328	42070	7	c3da993d4769	179400
1791117660	42243	7	0a703a716746	199200
1791121268	42416	7	7044595dd88c	2164800
1791123001	4	94	1f15bf0732ce	1039800
1791123301	38	94	559fe065b244	180000
1791123303	113	94	e4274a513700	1200
1791123306	201	94	65a87a0704b3	1800
1791123372	278	94	b4f56f3dea66	39600
1791123374	357	94	1b1dac3660db	1200
1791123376	460	94	572b983b376d	1200
1791123379	539	94	e51d9834d106	1800
1791123381	628	94	71958c112a20	1200
1791123383	721	94	040375108c9e	1200
1791123385	820	94	b8b09eb7c391	1200
1791123386	948	94	01c3034935e6	600
1791123388	1042	94	b472284236d6	1200
1791123636	1042	94	4aa891eea478	148800
1791124864	42589	7	2a688c99c558	736800
1791125545	1041	84	c034602d01cc	408600
1791126486	61846	5	7a65dd315b0c	564600
1791126502	36785931	66	1d806959947d	9600
1791127558	473675	19	428304e45e6e	633600
1791127926	473828	19	ca7704dbda69	220800
1791127976	473828	19	22ece8f2bcf0	30000
1791128491	42762	7	d0ad529275be	309000
1791131117	36785950	66	6779aa9225d5	1575600
1791131133	36785960	66	0b136c516bd6	9600
1791131463	36785960	66	65d6f29458a0	198000
1791131790	5275	61	8540ee2ee353	196200
1791131793	5294	61	bc1dd661f734	1800
1791131796	5304	61	00bf0502826b	1800
1791131940	36785960	66	85f59c8c04c9	86400
1791132065	42935	7	ec9e71b5c07c	75000
1791132952	5307	61	09740606491b	532200
1791133213	36786055	66	c5ac5219288b	156600
1791134803	18248	34	2dfa10e678b5	954000
1791135670	43108	7	fd39e7ace694	520200
1791139215	43160	7	18da8223d8fb	2127000
1791139229	1047	84	930bf09bdcf9	8400
1791139801	473842	19	fde921507125	343200
1791139852	473842	19	1186111d9e85	30600
1791142989	473842	19	29feed8e7cd5	1882200
1791144116	1042	94	232c6fa1a83b	676200
1791144159	1107	94	9e236d48286a	25800
1791144193	1268	94	6dfa50c8e351	20400
1791144244	1542	94	368185090a3e	30600
1791148532	18248	34	8a8130b52bbc	2572800
1791149194	62651	5	bb55165e384e	397200
