# commit	front_door
000fb6730385	https://globalgrid2050.com/
0013a774e3d4	https://globalgrid2050.com/
0017bf239f98	https://globalgrid2050.com/
00186f4cb86d	https://globalgrid2050.com/
002d81d51ae5	https://globalgrid2050.com/
0034b98c7753	https://globalgrid2050.com/
0039596f6b45	https://globalgrid2050.com/
003a6a6e3301	https://globalgrid2050.com/
003b2d085cfc	https://globalgrid2050.com/
0051b3dc25f8	https://globalgrid2050.com/
00651d68cbbd	https://ventusltd.github.io/solar-electrical-topology-analysis-engine-text-based/
007cdfcf4cb9	https://globalgrid2050.com/
007eb31d24ee	https://globalgrid2050.com/
008ead32911a	https://ventusltd.github.io/solar-electrical-topology-analysis-engine-text-based/
00961573b207	https://globalgrid2050.com/
00a7596798b7	https://globalgrid2050.com/
00a83f1371ca	https://globalgrid2050.com/
00afae005c11	https://globalgrid2050.com/
00b0607af3da	https://globalgrid2050.com/
00c5d1f237b6	https://ventusltd.github.io/stars/
00d71af1b0b4	https://globalgrid2050.com/
00de552ed960	https://globalgrid2050.com/
00e0d36f5994	https://ventusltd.github.io/solar-electrical-topology-analysis-engine-text-based/
00e6b8a2896f	https://globalgrid2050.com/
00ea48883065	https://ventusltd.github.io/solar-electrical-topology-analysis-engine-text-based/
00f683b34965	https://globalgrid2050.com/
00fd6e613f97	https://globalgrid2050.com/
00feab51d466	https://globalgrid2050.com/
0107ab12731e	https://ventusltd.github.io/gridatlas/
0147e153ad51	https://ventusltd.github.io/star-electron-star/
014aa5fc92fb	https://ventusltd.github.io/stars/
014c51fce8b6	https://globalgrid2050.com/
01509045cee7	https://globalgrid2050.com/
01532692cac6	https://ventusltd.github.io/spiders/
01598a0f5a17	https://ventusltd.github.io/solar-electrical-topology-analysis-engine-text-based/
015c66943f71	https://globalgrid2050.com/
015f2a9a10eb	https://globalgrid2050.com/
016e893f99b5	https://globalgrid2050.com/
017731e150b2	https://globalgrid2050.com/
017cedcf98a7	https://globalgrid2050.com/
01829158d99b	https://globalgrid2050.com/
0183bdb26a0c	https://ventusltd.github.io/solar-electrical-topology-analysis-engine-text-based/
01848705cdec	https://globalgrid2050.com/
01849c14f245	https://globalgrid2050.com/
01874b302ecc	https://ventusltd.github.io/kuiper-belt/
01bdfd0b2153	https://globalgrid2050.com/
01ea743fc0bf	https://globalgrid2050.com/
01f6f1d0f488	https://globalgrid2050.com/
01f79b41ab75	https://globalgrid2050.com/
01fe297f79c5	https://globalgrid2050.com/
020dc6a27c26	https://globalgrid2050.com/
02114e28cd47	https://globalgrid2050.com/
0217d0647ef0	https://globalgrid2050.com/
02327face735	https://globalgrid2050.com/
0232ad51a9a0	https://globalgrid2050.com/
0232b277b45a	https://ventusltd.github.io/solar-electrical-topology-analysis-engine-text-based/
02338c1681de	https://globalgrid2050.com/
023ec2f8539b	https://ventusltd.github.io/gridatlas/
025241460d78	https://globalgrid2050.com/
025acc25a8ee	https://globalgrid2050.com/
025ff1cbaed9	https://ventusltd.github.io/solar-electrical-topology-analysis-engine-text-based/
02776ec5c266	https://globalgrid2050.com/
027da303d05a	https://ventusltd.github.io/ventus-grid-engine/
028ed70f8c49	https://ventusltd.github.io/solar-electrical-topology-analysis-engine-text-based/
0297e0d9961b	https://globalgrid2050.com/
02a78b61b8da	https://globalgrid2050.com/
02b3acc58b14	https://globalgrid2050.com/
02b44f8c07f7	https://globalgrid2050.com/
02c0b4267535	https://ventusltd.github.io/gridatlas/
02c95fef5c3f	https://ventusltd.github.io/solar-electrical-topology-analysis-engine-text-based/
02d43f4ccbaf	https://globalgrid2050.com/
02ee76f8ec45	https://globalgrid2050.com/
02fa8a230e12	https://ventusltd.github.io/solar-electrical-topology-analysis-engine-text-based/
0318b5543f4c	https://ventusltd.github.io/solar-electrical-topology-analysis-engine-text-based/
0327b2195881	https://ventusltd.github.io/gridatlas/
032c928c9f45	https://ventusltd.github.io/solar-electrical-topology-analysis-engine-text-based/
034229dea4ef	https://ventusltd.github.io/globalgrid2050-hompage/
034676fad9a8	https://globalgrid2050.com/
0375df0c9769	https://globalgrid2050.com/
037626c5fbc8	https://ventusltd.github.io/solar-electrical-topology-analysis-engine-text-based/
03887340dde3	https://globalgrid2050.com/
03ab9492e28a	https://globalgrid2050.com/
03b3cb85ab7c	https://globalgrid2050.com/
03cb6ff2ecfd	https://ventusltd.github.io/ventus-grid-engine/
03d78031a63d	https://ventusltd.github.io/gridatlas/
03e63635ae97	https://globalgrid2050.com/
03ee8ab46738	https://globalgrid2050.com/
040732d76b93	https://ventusltd.github.io/data_uk_dno_and_tso/
0408e2f70408	https://globalgrid2050.com/
040ef66fee2a	https://ventusltd.github.io/solar-electrical-topology-analysis-engine-text-based/
04264db170b7	https://globalgrid2050.com/
0432046ce5d5	https://globalgrid2050.com/
04440eb25201	https://globalgrid2050.com/
0454c456a459	https://ventusltd.github.io/gridatlas/
045df1a60d4d	https://ventusltd.github.io/gridatlas/
0484f1b028eb	https://ventusltd.github.io/kuiper-belt/
049a9e613930	https://ventusltd.github.io/solar-electrical-topology-analysis-engine-text-based/
04a4f5e8bc23	https://ventusltd.github.io/registry_of_all_content_in_repos_and_dependencies/
04aa50d0d79d	https://ventusltd.github.io/solar-electrical-topology-analysis-engine-text-based/
04ad9f599f81	https://ventusltd.github.io/solar-electrical-topology-analysis-engine-text-based/
04b04457d460	https://globalgrid2050.com/
04b3cf7ba579	https://ventusltd.github.io/galaxies-wafers/
04baa3de1e9c	https://globalgrid2050.com/
04bf5a558e73	https://globalgrid2050.com/
04c3e75e724a	https://globalgrid2050.com/
04d9d55b6820	https://ventusltd.github.io/registry_of_all_content_in_repos_and_dependencies/
04e55c87d072	https://globalgrid2050.com/
04e6b80cf936	https://globalgrid2050.com/
04fd3a6c050e	https://globalgrid2050.com/
050ba778be2f	https://ventusltd.github.io/solar-electrical-topology-analysis-engine-text-based/
050c2daca976	https://globalgrid2050.com/
0516397c88a9	https://globalgrid2050.com/
051a70476f99	https://globalgrid2050.com/
051c2d985653	https://ventusltd.github.io/solar-electrical-topology-analysis-engine-text-based/
052c01c7e34e	https://globalgrid2050.com/
052eb215774b	https://globalgrid2050.com/
053c2a34e796	https://ventusltd.github.io/solar-electrical-topology-analysis-engine-text-based/
053ef9cf2a75	https://globalgrid2050.com/
055d1888820b	https://globalgrid2050.com/
0561b2579a7a	https://ventusltd.github.io/solar-electrical-topology-analysis-engine-text-based/
0575da2e2b1b	https://globalgrid2050.com/
0589d1c937e6	https://globalgrid2050.com/
058af3910b88	https://globalgrid2050.com/
0597f4654a67	https://ventusltd.github.io/gridatlas/
05a1150f2eb7	https://globalgrid2050.com/
05a2e55a3444	https://ventusltd.github.io/stars/
05a52678e0e1	https://globalgrid2050.com/
05c2559be031	https://ventusltd.github.io/solar-electrical-topology-analysis-engine-text-based/
05c4efd8ddce	https://globalgrid2050.com/
05c97da5e79a	https://globalgrid2050.com/
05e8b4863b76	https://globalgrid2050.com/
05f444df1236	https://globalgrid2050.com/
060a3dd021d5	https://globalgrid2050.com/
060d1046f6e9	https://globalgrid2050.com/
060e66a8e227	https://globalgrid2050.com/
06197b327f54	https://globalgrid2050.com/
0622e09c8ab8	https://globalgrid2050.com/
06284d087899	https://ventusltd.github.io/solar-electrical-topology-analysis-engine-text-based/
06375bbcb08a	https://ventusltd.github.io/solar-electrical-topology-analysis-engine-text-based/
065c94fdc26b	https://globalgrid2050.com/
0662549d8747	https://globalgrid2050.com/
0664049a7ee0	https://ventusltd.github.io/solar-electrical-topology-analysis-engine-text-based/
06732ce34955	https://ventusltd.github.io/solar-electrical-topology-analysis-engine-text-based/
0678c3005567	https://globalgrid2050.com/
068445930438	https://ventusltd.github.io/solar-electrical-topology-analysis-engine-text-based/
068b1e3035c7	https://globalgrid2050.com/
068d85114b41	https://globalgrid2050.com/
06acbc78eb4b	https://globalgrid2050.com/
06ae2ec5aeaf	https://globalgrid2050.com/
06b10bdac8dc	https://globalgrid2050.com/
06c05e4d35b6	https://ventusltd.github.io/ventus-grid-engine/
06cef5f05d6d	https://globalgrid2050.com/
06da14754795	https://globalgrid2050.com/
06ded1b10f22	https://globalgrid2050.com/
06e45cf94d2c	https://ventusltd.github.io/solar-electrical-topology-analysis-engine-text-based/
06e92c8cf125	https://globalgrid2050.com/
06ec7434c8bf	https://globalgrid2050.com/
06f29a4618fc	https://globalgrid2050.com/
06f3305822e3	https://ventusltd.github.io/star-electron-star/
07175eacea84	https://ventusltd.github.io/youengineer-code-review/
071c7f3c2510	https://ventusltd.github.io/stars/
072764e37e40	https://ventusltd.github.io/solar-electrical-topology-analysis-engine-text-based/
072d84100332	https://globalgrid2050.com/
072dd37d83f5	https://globalgrid2050.com/
072e8b29f3b4	https://ventusltd.github.io/registry_of_all_content_in_repos_and_dependencies/
0734f353f64d	https://ventusltd.github.io/solar-electrical-topology-analysis-engine-text-based/
0738954c7275	https://globalgrid2050.com/
073c28add003	https://globalgrid2050.com/
07464d7bbb9e	https://ventusltd.github.io/gridatlas/
074e1020729c	https://ventusltd.github.io/solar-electrical-topology-analysis-engine-text-based/
075e9c61f4ce	https://globalgrid2050.com/
076bf96bb913	https://globalgrid2050.com/
0777b7ceb9d3	https://globalgrid2050.com/
0777dc75c075	https://ventusltd.github.io/gridatlas/
077fe29ef354	https://globalgrid2050.com/
07910972f4b4	https://globalgrid2050.com/
0792f67658e0	https://globalgrid2050.com/
079a60692089	https://ventusltd.github.io/gridatlas/
07a0a9b5a9fb	https://globalgrid2050.com/
07a436b14107	https://globalgrid2050.com/
07ac64247612	https://globalgrid2050.com/
07ae02564ba5	https://globalgrid2050.com/
07b0e9eb7fd2	https://globalgrid2050.com/
07c0902cccf9	https://globalgrid2050.com/
07c6e5a66354	https://ventusltd.github.io/gridatlas/
07cc7bae3cb3	https://globalgrid2050.com/
07d0b4a5a818	https://globalgrid2050.com/
07d5107f932b	https://globalgrid2050.com/
07eeb52573dd	https://globalgrid2050.com/
07f8c0345527	https://globalgrid2050.com/
08021db1c987	https://globalgrid2050.com/
080e582cb495	https://globalgrid2050.com/
081695619dd8	https://globalgrid2050.com/
083a0ab9b6a0	https://ventusltd.github.io/gridatlas/
084040ff5eb8	https://globalgrid2050.com/
084c4dc79989	https://globalgrid2050.com/
084c830ab81e	https://globalgrid2050.com/
08537d1bc108	https://globalgrid2050.com/
087c647e2391	https://globalgrid2050.com/
087c65580945	https://globalgrid2050.com/
087cf25123c1	https://globalgrid2050.com/
089ae1e6eff5	https://globalgrid2050.com/
08ac7f86cf51	https://globalgrid2050.com/
08b5b8cc06f8	https://ventusltd.github.io/stars/
08f9d6995832	https://ventusltd.github.io/stars/
09091d5e4374	https://globalgrid2050.com/
090a78ca6eb6	https://ventusltd.github.io/solar-electrical-topology-analysis-engine-text-based/
09137176da49	https://ventusltd.github.io/solar-electrical-topology-analysis-engine-text-based/
0919c0d0376c	https://ventusltd.github.io/globalgrid2050-hompage/
091dc296af40	https://globalgrid2050.com/
092508d69845	https://globalgrid2050.com/
0939e3c735f4	https://ventusltd.github.io/data-centres-gb/
0939f0dcb7ef	https://globalgrid2050.com/
093ab6a4b3a5	https://globalgrid2050.com/
095278bb267a	https://globalgrid2050.com/
0956eef8f05e	https://globalgrid2050.com/
096bdd3e003c	https://globalgrid2050.com/
096f7f9414db	https://globalgrid2050.com/
097637b10a1f	https://globalgrid2050.com/
097f105dc77f	https://globalgrid2050.com/
098a81f635ac	https://ventusltd.github.io/spiders/
098df18c8a4d	https://ventusltd.github.io/youengineer-code-review/
0991524486e9	https://globalgrid2050.com/
0995d426f9ab	https://ventusltd.github.io/youengineer-code-review/
09a83358a6b7	https://globalgrid2050.com/
09dcb9868d1f	https://globalgrid2050.com/
09f59b49838f	https://globalgrid2050.com/
0a00fa75abfd	https://globalgrid2050.com/
0a1470ee0ea3	https://globalgrid2050.com/
0a3755871530	https://globalgrid2050.com/
0a4371798908	https://globalgrid2050.com/
0a48b0f7f95d	https://globalgrid2050.com/
0a508554de02	https://globalgrid2050.com/
0a57758e7241	https://globalgrid2050.com/
0a6a262be439	https://ventusltd.github.io/kuiper-belt/
0a6b0f2bc63c	https://globalgrid2050.com/
0a7da7ff724c	https://globalgrid2050.com/
0a95ab822f8b	https://globalgrid2050.com/
0a99b368160c	https://globalgrid2050.com/
0abe6c1aa6bd	https://ventusltd.github.io/solar-electrical-topology-analysis-engine-text-based/
0ae3a698406f	https://globalgrid2050.com/
0ae3c17405c3	https://globalgrid2050.com/
0af0befb2a7e	https://ventusltd.github.io/solar-electrical-topology-analysis-engine-text-based/
0b305388b153	https://ventusltd.github.io/solar-electrical-topology-analysis-engine-text-based/
0b376ebdc1b4	https://ventusltd.github.io/gridatlas/
0b4bbd4cf671	https://globalgrid2050.com/
0b5b5192c4a9	https://globalgrid2050.com/
0b5c0e753b48	https://globalgrid2050.com/
0b71fbaf68cc	https://ventusltd.github.io/solar-electrical-topology-analysis-engine-text-based/
0b73d722499d	https://globalgrid2050.com/
0b956f3d4c69	https://globalgrid2050.com/
0b985841282b	https://globalgrid2050.com/
0bbf5f461d47	https://globalgrid2050.com/
0bcaf6fccbef	https://ventusltd.github.io/solar-electrical-topology-analysis-engine-text-based/
0bd7fb5f5e84	https://globalgrid2050.com/
0bdee52dcdcf	https://ventusltd.github.io/solar-electrical-topology-analysis-engine-text-based/
0be76a053866	https://ventusltd.github.io/stars/
0bef5572ea49	https://globalgrid2050.com/
0bfb5c527f2a	https://ventusltd.github.io/data_uk_dno_and_tso/
0c1ac23b003b	https://globalgrid2050.com/
0c27e63cd62f	https://globalgrid2050.com/
0c4075ac67b1	https://ventusltd.github.io/solar-electrical-topology-analysis-engine-text-based/
0c5c3cf35564	https://ventusltd.github.io/solar-electrical-topology-analysis-engine-text-based/
0c5d71bf8dd6	https://globalgrid2050.com/
0c6719ebd568	https://ventusltd.github.io/stars/
0c802b0d1740	https://globalgrid2050.com/
0c93001feb21	https://ventusltd.github.io/grid-dictionary/
0c9860a95177	https://globalgrid2050.com/
0ca3e893da2d	https://globalgrid2050.com/
0caadda62198	https://globalgrid2050.com/
0ccc2f061274	https://globalgrid2050.com/
0cd91a4d1218	https://globalgrid2050.com/
0ce1839b1623	https://ventusltd.github.io/solar-electrical-topology-analysis-engine-text-based/
0ce20d6a1ca2	https://globalgrid2050.com/
0ce52dd50c3d	https://globalgrid2050.com/
0ce5d4c4720d	https://globalgrid2050.com/
0ce764f6f5b4	https://ventusltd.github.io/globalgrid2050-hompage/
0cea876f1cb5	https://ventusltd.github.io/globalgrid2050-hompage/
0d078445ca31	https://globalgrid2050.com/
0d1c4fd113b1	https://globalgrid2050.com/
0d379071f032	https://globalgrid2050.com/
0d5436974a71	https://ventusltd.github.io/registry_of_all_content_in_repos_and_dependencies/
0d610e958fbf	https://globalgrid2050.com/
0d730f557454	https://globalgrid2050.com/
0d7f323a9b0c	https://globalgrid2050.com/
0d94a3d19607	https://ventusltd.github.io/solar-electrical-topology-analysis-engine-text-based/
0d99d750fef3	https://globalgrid2050.com/
0da479c2be6c	https://globalgrid2050.com/
0db272f36cd7	https://globalgrid2050.com/
0db3a85f312d	https://ventusltd.github.io/solar-electrical-topology-analysis-engine-text-based/
0dbbcfc9e51d	https://globalgrid2050.com/
0dbd103840d5	https://globalgrid2050.com/
0dbfb28451be	https://globalgrid2050.com/
0dc0c5037803	https://globalgrid2050.com/
0dc5048cbc39	https://globalgrid2050.com/
0de35ddcb86d	https://globalgrid2050.com/
0e0fbbf16fce	https://globalgrid2050.com/
0e2582d40462	https://globalgrid2050.com/
0e2dec8d9a49	https://ventusltd.github.io/solar-electrical-topology-analysis-engine-text-based/
0e31624efd96	https://ventusltd.github.io/spiders/
0e4dd35d259f	https://globalgrid2050.com/
0e59f4ad04f7	https://ventusltd.github.io/solar-electrical-topology-analysis-engine-text-based/
0e6b1425f34d	https://globalgrid2050.com/
0e6f1938f32d	https://ventusltd.github.io/solar-electrical-topology-analysis-engine-text-based/
0e7e5a56347d	https://globalgrid2050.com/
0e8376124f87	https://globalgrid2050.com/
0eaa6e925730	https://globalgrid2050.com/
0eaaa02b2e29	https://globalgrid2050.com/
0eb166b6f55b	https://globalgrid2050.com/
0ef47cad66f4	https://globalgrid2050.com/
0f061eea0e08	https://ventusltd.github.io/ventus-grid-engine/
0f1bd1167433	https://globalgrid2050.com/
0f1bdda8924f	https://globalgrid2050.com/
0f4469a5c34b	https://globalgrid2050.com/
0f4e8ac8bdb9	https://ventusltd.github.io/data-centres-gb/
0f7138c01eb1	https://globalgrid2050.com/
0f734cb322f8	https://ventusltd.github.io/spiders/
0f8a729c541f	https://ventusltd.github.io/solar-electrical-topology-analysis-engine-text-based/
0faafc1219ba	https://globalgrid2050.com/
0fb07a818d63	https://globalgrid2050.com/
0fb0a0693715	https://globalgrid2050.com/
0fb27a7b571a	https://ventusltd.github.io/globalgrid2050-hompage/
0fb9cf6eace5	https://globalgrid2050.com/
0fd80a7ba9c6	https://globalgrid2050.com/
0fdbf8da88af	https://globalgrid2050.com/
0fe44e884037	https://globalgrid2050.com/
0fe541335c17	https://globalgrid2050.com/
0ffdeb2d70f1	https://globalgrid2050.com/
100c25ca7ab9	https://globalgrid2050.com/
102b1d68d38d	https://globalgrid2050.com/
10327111f974	https://ventusltd.github.io/solar-electrical-topology-analysis-engine-text-based/
104bc01a1991	https://globalgrid2050.com/
106c1a4062ec	https://globalgrid2050.com/
1090ab2656d4	https://globalgrid2050.com/
109c02030b51	https://globalgrid2050.com/
10bde88e30b3	https://globalgrid2050.com/
10c8faf9958f	https://globalgrid2050.com/
10ce36411e5e	https://globalgrid2050.com/
10d92388a621	https://ventusltd.github.io/solar-electrical-topology-analysis-engine-text-based/
10dcb21222d1	https://globalgrid2050.com/
10dcd5037685	https://globalgrid2050.com/
10e70b0a5ed1	https://globalgrid2050.com/
10f1a6e97828	https://ventusltd.github.io/solar-electrical-topology-analysis-engine-text-based/
10f4108daf19	https://globalgrid2050.com/
10f8bdfb9a79	https://globalgrid2050.com/
10fc1d9189a4	https://globalgrid2050.com/
10fdb3cc0055	https://globalgrid2050.com/
10fe083a84ac	https://globalgrid2050.com/
10fe472c7d4d	https://ventusltd.github.io/solar-electrical-topology-analysis-engine-text-based/
110c57f226c4	https://globalgrid2050.com/
1124f248e18e	https://globalgrid2050.com/
11424f9a9d17	https://globalgrid2050.com/
114914b4f8c2	https://globalgrid2050.com/
114af0318dc8	https://globalgrid2050.com/
11585f959682	https://globalgrid2050.com/
11614fb05269	https://globalgrid2050.com/
119b227163b6	https://globalgrid2050.com/
11aa252c5245	https://globalgrid2050.com/
11d23b76a1b4	https://globalgrid2050.com/
11e8b0e129f9	https://globalgrid2050.com/
11f9ae09a982	https://ventusltd.github.io/stars/
11fb8eaf3e52	https://globalgrid2050.com/
1203b6e1b853	https://globalgrid2050.com/
120cd9380ed1	https://globalgrid2050.com/
121512eabbca	https://globalgrid2050.com/
12164e5d1c38	https://globalgrid2050.com/
128adf70356a	https://globalgrid2050.com/
128afb4e3221	https://ventusltd.github.io/solar-electrical-topology-analysis-engine-text-based/
128d82ea6b27	https://globalgrid2050.com/
129098e17284	https://globalgrid2050.com/
12b3b4dcd492	https://globalgrid2050.com/
12b3cbde8bf2	https://ventusltd.github.io/solar-electrical-topology-analysis-engine-text-based/
12cba3573d87	https://globalgrid2050.com/
12cf9e3d1b0c	https://globalgrid2050.com/
12ddc19a957b	https://globalgrid2050.com/
12de98ea86c7	https://ventusltd.github.io/solar-electrical-topology-analysis-engine-text-based/
12e4730a99f4	https://globalgrid2050.com/
12e6ee4988c5	https://globalgrid2050.com/
12f3ccf6e26c	https://ventusltd.github.io/solar-electrical-topology-analysis-engine-text-based/
12f4034969c8	https://ventusltd.github.io/youengineer-code-review/
12fc818ae159	https://globalgrid2050.com/
13033ddbf216	https://globalgrid2050.com/
1304f420299d	https://globalgrid2050.com/
13055b1906e4	https://ventusltd.github.io/globalgrid2050-homepage/
130a182bd4ec	https://ventusltd.github.io/code-generator/
131ebc8cba7a	https://globalgrid2050.com/
1330b97ac326	https://globalgrid2050.com/
1339f401f269	https://globalgrid2050.com/
133ec5cfa514	https://ventusltd.github.io/spiders/
133ef204d766	https://ventusltd.github.io/solar-electrical-topology-analysis-engine-text-based/
135178b6fac4	https://ventusltd.github.io/solar-electrical-topology-analysis-engine-text-based/
1355782575b6	https://globalgrid2050.com/
1367fce2e584	https://globalgrid2050.com/
13738b8ab76f	https://globalgrid2050.com/
13739984a167	https://ventusltd.github.io/gridatlas/
1378a86afc0e	https://ventusltd.github.io/stars/
137b2d83ddcb	https://ventusltd.github.io/stars/
13838ae3ed22	https://globalgrid2050.com/
13891244a64f	https://ventusltd.github.io/stars/
138b70fddfbf	https://globalgrid2050.com/
1390836d70aa	https://globalgrid2050.com/
1398dd8f5737	https://globalgrid2050.com/
13a1d679aafc	https://globalgrid2050.com/
13a69ee2a5a9	https://ventusltd.github.io/ventus-grid-engine/
13ad48e69a60	https://globalgrid2050.com/
13ca3125aa84	https://globalgrid2050.com/
13d9fdfe8d08	https://globalgrid2050.com/
13f782dd29b1	https://ventusltd.github.io/gridatlas/
143ff76f7efd	https://ventusltd.github.io/stars/
1443d1744c44	https://globalgrid2050.com/
14514e094762	https://ventusltd.github.io/solar-electrical-topology-analysis-engine-text-based/
14557078cf87	https://globalgrid2050.com/
145585f68663	https://globalgrid2050.com/
14823f745682	https://ventusltd.github.io/registry_of_all_content_in_repos_and_dependencies/
1486da8fbab8	https://globalgrid2050.com/
148883da9868	https://globalgrid2050.com/
148bae9080f2	https://globalgrid2050.com/
149148a54f18	https://globalgrid2050.com/
149a1d2f26d9	https://globalgrid2050.com/
14bf0c084a9f	https://globalgrid2050.com/
14c2ac88c96f	https://globalgrid2050.com/
14e983f09ba6	https://globalgrid2050.com/
14f05c73d15e	https://globalgrid2050.com/
15071fc439e1	https://globalgrid2050.com/
150c4ad7b046	https://ventusltd.github.io/gridatlas/
152739a05853	https://globalgrid2050.com/
152b11bbbf2d	https://ventusltd.github.io/stars/
152b2b8fe76e	https://globalgrid2050.com/
153d73aa221f	https://globalgrid2050.com/
154183b7c222	https://globalgrid2050.com/
1553c6a254fe	https://globalgrid2050.com/
15667ee5bdd5	https://ventusltd.github.io/stars/
1566c9cdba0e	https://ventusltd.github.io/solar-electrical-topology-analysis-engine-text-based/
1576e7f0a0db	https://globalgrid2050.com/
157a756c6737	https://globalgrid2050.com/
1586d0394a14	https://ventusltd.github.io/gridatlas/
158cddbc985c	https://ventusltd.github.io/solar-electrical-topology-analysis-engine-text-based/
158df9615cb8	https://globalgrid2050.com/
1592f8bb002b	https://globalgrid2050.com/
15a292533f92	https://globalgrid2050.com/
15a827a0a0b9	https://globalgrid2050.com/
15aaad02c74c	https://ventusltd.github.io/gridatlas/
15b7fdd01682	https://globalgrid2050.com/
15ca8256511c	https://globalgrid2050.com/
15fff3d258dd	https://globalgrid2050.com/
16047430db80	https://globalgrid2050.com/
165387ecacab	https://ventusltd.github.io/solar-electrical-topology-analysis-engine-text-based/
1669dded701b	https://globalgrid2050.com/
166b5f113a9b	https://globalgrid2050.com/
1677575af058	https://ventusltd.github.io/gridatlas/
1679bed901c1	https://globalgrid2050.com/
16852c5827a9	https://globalgrid2050.com/
169630defc08	https://ventusltd.github.io/solar-electrical-topology-analysis-engine-text-based/
16b783654164	https://globalgrid2050.com/
16bbf3c46820	https://globalgrid2050.com/
16bd8af5dde6	https://globalgrid2050.com/
16da787e6b77	https://globalgrid2050.com/
16db2bdfb882	https://globalgrid2050.com/
16e99b44ff3d	https://globalgrid2050.com/
16ed9b76b725	https://globalgrid2050.com/
16fcc98a5cab	https://globalgrid2050.com/
17186812f37f	https://globalgrid2050.com/
173dfd4a3744	https://globalgrid2050.com/
17440e6bcf0d	https://globalgrid2050.com/
1749b42ed743	https://globalgrid2050.com/
17515304e75e	https://ventusltd.github.io/spiders/
17581c52fde8	https://globalgrid2050.com/
175e50b0e488	https://globalgrid2050.com/
1762170b3274	https://ventusltd.github.io/gridatlas/
1763f478a5c9	https://globalgrid2050.com/
1779a4c7030a	https://globalgrid2050.com/
177c9fbde9d3	https://globalgrid2050.com/
17896640f127	https://ventusltd.github.io/gridatlas/
179138119215	https://globalgrid2050.com/
17a88c6fe641	https://globalgrid2050.com/
17b3955b8578	https://ventusltd.github.io/globalgrid2050-hompage/
17b3a3144842	https://globalgrid2050.com/
17b3d414364e	https://ventusltd.github.io/gridatlas/
17b528747132	https://globalgrid2050.com/
17b618dd8c2e	https://globalgrid2050.com/
17bb7c873cda	https://ventusltd.github.io/globalgrid2050-hompage/
17c8e534232c	https://ventusltd.github.io/solar-electrical-topology-analysis-engine-text-based/
17d96edb3b4b	https://ventusltd.github.io/gridatlas/
17e49ad49063	https://ventusltd.github.io/solar-electrical-topology-analysis-engine-text-based/
17e761bd191e	https://ventusltd.github.io/solar-electrical-topology-analysis-engine-text-based/
1804e2196c4d	https://globalgrid2050.com/
1805726cd354	https://globalgrid2050.com/
1806ecddbf97	https://ventusltd.github.io/solar-electrical-topology-analysis-engine-text-based/
183094ee70e1	https://ventusltd.github.io/gridatlas/
185337311e5d	https://globalgrid2050.com/
1886b822f25f	https://globalgrid2050.com/
18878301b551	https://ventusltd.github.io/data_uk_dno_and_tso/
1888767448fc	https://globalgrid2050.com/
188ec33fbae9	https://globalgrid2050.com/
1898184ccbf5	https://ventusltd.github.io/gridatlas/
18ab182ac33e	https://ventusltd.github.io/spiders/
18b8ac85a0a5	https://globalgrid2050.com/
18d0bec0b361	https://globalgrid2050.com/
18ea215b85cf	https://globalgrid2050.com/
18ec3b22cbee	https://globalgrid2050.com/
18f28365cd15	https://ventusltd.github.io/gridatlas/
18fa795e51c4	https://globalgrid2050.com/
1900366ab822	https://globalgrid2050.com/
19056fdcb473	https://globalgrid2050.com/
1910fffd1553	https://ventusltd.github.io/data_uk_dno_and_tso/
191a8c8bebaf	https://globalgrid2050.com/
1928d97e9bf4	https://globalgrid2050.com/
1933ff7800c9	https://globalgrid2050.com/
1939338cf337	https://ventusltd.github.io/solar-electrical-topology-analysis-engine-text-based/
194e25032b3f	https://globalgrid2050.com/
1954864306a6	https://globalgrid2050.com/
19731ddf7832	https://ventusltd.github.io/gridatlas/
1975c00619a2	https://globalgrid2050.com/
1993aa106b66	https://globalgrid2050.com/
19946a6437b5	https://globalgrid2050.com/
1999b3423517	https://globalgrid2050.com/
199badb34dd1	https://ventusltd.github.io/stars/
199f6003fcee	https://globalgrid2050.com/
19a20b010ac6	https://ventusltd.github.io/gridatlas/
19ab9d5b24e0	https://ventusltd.github.io/solar-electrical-topology-analysis-engine-text-based/
19af3d15efea	https://globalgrid2050.com/
19b75353a25e	https://globalgrid2050.com/
19bc95aee172	https://globalgrid2050.com/
19bfebdb7812	https://globalgrid2050.com/
19c32c74c9da	https://globalgrid2050.com/
19c8e2b2d89c	https://ventusltd.github.io/stars/
19dfdd426717	https://globalgrid2050.com/
19e34e7dc5f4	https://globalgrid2050.com/
19e9a3c2a611	https://globalgrid2050.com/
19ea4b96d12e	https://globalgrid2050.com/
19ed668fcafe	https://globalgrid2050.com/
19f6b621a2b8	https://globalgrid2050.com/
1a08d999cc7c	https://globalgrid2050.com/
1a1036eabf9c	https://globalgrid2050.com/
1a192c776e32	https://globalgrid2050.com/
1a33ae405e2d	https://globalgrid2050.com/
1a3a4dc85d4f	https://globalgrid2050.com/
1a4ba0095c1a	https://globalgrid2050.com/
1a505dc54c6e	https://globalgrid2050.com/
1a53b23c47ae	https://ventusltd.github.io/stars/
1a6445cc52f3	https://globalgrid2050.com/
1a65b3a7e93b	https://globalgrid2050.com/
1a6cc00f512d	https://globalgrid2050.com/
1a6cd145be3d	https://globalgrid2050.com/
1a6ff06c0e40	https://globalgrid2050.com/
1a8615e5f6ed	https://globalgrid2050.com/
1a9a65222ace	https://globalgrid2050.com/
1aa69a61cfc0	https://ventusltd.github.io/stars/
1aab0fa31ac8	https://globalgrid2050.com/
1ab2a5bdc121	https://globalgrid2050.com/
1ab3d07964f2	https://globalgrid2050.com/
1ad3d84b94bc	https://globalgrid2050.com/
1ada13f9ea9f	https://ventusltd.github.io/globalgrid2050-hompage/
1ae057773f9e	https://ventusltd.github.io/youengineer-code-review/
1afbab6beafe	https://ventusltd.github.io/solar-electrical-topology-analysis-engine-text-based/
1b00508c042f	https://globalgrid2050.com/
1b01e4074104	https://globalgrid2050.com/
1b025db465cd	https://globalgrid2050.com/
1b225c47def6	https://globalgrid2050.com/
1b33499c90f3	https://globalgrid2050.com/
1b36a2abd87a	https://globalgrid2050.com/
1b5310344933	https://ventusltd.github.io/stars/
1b5639e58ea9	https://globalgrid2050.com/
1b5ca84f0d84	https://globalgrid2050.com/
1b6d9294985e	https://ventusltd.github.io/stars/
1b957e05fda2	https://globalgrid2050.com/
1bbc5c50f227	https://globalgrid2050.com/
1bc0d33715d9	https://ventusltd.github.io/solar-electrical-topology-analysis-engine-text-based/
1bdc09a70b6e	https://ventusltd.github.io/solar-electrical-topology-analysis-engine-text-based/
1be1425030cc	https://globalgrid2050.com/
1bec07bf3a15	https://globalgrid2050.com/
1bec450daeae	https://globalgrid2050.com/
1c059e791a2d	https://globalgrid2050.com/
1c074948da43	https://globalgrid2050.com/
1c109b9f742d	https://globalgrid2050.com/
1c1d38a9867b	https://globalgrid2050.com/
1c23579ea2fc	https://ventusltd.github.io/solar-electrical-topology-analysis-engine-text-based/
1c265eef1126	https://globalgrid2050.com/
1c2bac4ebcf9	https://globalgrid2050.com/
1c300a8807a8	https://globalgrid2050.com/
1c406ba45cee	https://globalgrid2050.com/
1c46a7fac13d	https://ventusltd.github.io/stars/
1c4b4e666aa3	https://globalgrid2050.com/
1c4e19676b95	https://ventusltd.github.io/stars/
1c50905ba2cf	https://globalgrid2050.com/
1c543664b2eb	https://globalgrid2050.com/
1c680a178419	https://globalgrid2050.com/
1c68f1c21e3f	https://globalgrid2050.com/
1c6d55433c90	https://globalgrid2050.com/
1c7cd65a692b	https://globalgrid2050.com/
1c84c18c3657	https://globalgrid2050.com/
1c913419e91f	https://globalgrid2050.com/
1c9ad1dac24a	https://globalgrid2050.com/
1c9cdf8dfad1	https://ventusltd.github.io/youengineer-code-review/
1ca2bb7122ae	https://globalgrid2050.com/
1ca3cf924a10	https://globalgrid2050.com/
1ca4b0150459	https://globalgrid2050.com/
1ca9094f60cf	https://ventusltd.github.io/solar-electrical-topology-analysis-engine-text-based/
1ca98b78aaf0	https://globalgrid2050.com/
1cad84e69746	https://globalgrid2050.com/
1cb851c0a068	https://ventusltd.github.io/stars/
1cdd0df7a31d	https://globalgrid2050.com/
1cebf23423c0	https://globalgrid2050.com/
1cf911f9243d	https://globalgrid2050.com/
1cfe12ce8ceb	https://globalgrid2050.com/
1d32c435179e	https://globalgrid2050.com/
1d3b9d943f24	https://globalgrid2050.com/
1d412d49cd94	https://globalgrid2050.com/
1d6d79c3c2e4	https://globalgrid2050.com/
1d7db2d081c5	https://globalgrid2050.com/
1d802d102a0b	https://ventusltd.github.io/gridatlas/
1d80656777e6	https://globalgrid2050.com/
1d8bdf8a2283	https://globalgrid2050.com/
1da2b7d7769f	https://ventusltd.github.io/solar-electrical-topology-analysis-engine-text-based/
1dc5b0454b0c	https://globalgrid2050.com/
1dca389e015b	https://globalgrid2050.com/
1dca90f6fb9d	https://globalgrid2050.com/
1dd04396b386	https://ventusltd.github.io/spiders/
1de49e12b327	https://globalgrid2050.com/
1deaf6aee899	https://ventusltd.github.io/solar-electrical-topology-analysis-engine-text-based/
1deb6f67a65b	https://globalgrid2050.com/
1dee14db5d40	https://ventusltd.github.io/solar-electrical-topology-analysis-engine-text-based/
1e09464521ac	https://ventusltd.github.io/globalgrid2050-hompage/
1e2081d2c27b	https://globalgrid2050.com/
1e24ab4aa53c	https://globalgrid2050.com/
1e290fd312f5	https://ventusltd.github.io/solar-electrical-topology-analysis-engine-text-based/
1e327a99408a	https://globalgrid2050.com/
1e36e54dc500	https://globalgrid2050.com/
1e3ad52620e6	https://globalgrid2050.com/
1e3ca4d9ed6f	https://globalgrid2050.com/
1e4589810855	https://globalgrid2050.com/
1e744fbaba97	https://globalgrid2050.com/
1e77eb7a7a59	https://globalgrid2050.com/
1e82c81a36fa	https://globalgrid2050.com/
1e868674eef4	https://ventusltd.github.io/solar-electrical-topology-analysis-engine-text-based/
1e925675d644	https://globalgrid2050.com/
1e950b8872c2	https://globalgrid2050.com/
1ea9e723d736	https://ventusltd.github.io/solar-electrical-topology-analysis-engine-text-based/
1eab4c5f6961	https://globalgrid2050.com/
1ebd46fe873b	https://ventusltd.github.io/solar-electrical-topology-analysis-engine-text-based/
1ec7dd90c566	https://globalgrid2050.com/
1eca91785a15	https://globalgrid2050.com/
1ed190b7f10d	https://globalgrid2050.com/
1ed871c58804	https://globalgrid2050.com/
1edede67a374	https://globalgrid2050.com/
1ee03db106b8	https://globalgrid2050.com/
1ee8a982f797	https://globalgrid2050.com/
1ef1b84f83bb	https://ventusltd.github.io/solar-electrical-topology-analysis-engine-text-based/
1ef507a93725	https://ventusltd.github.io/solar-electrical-topology-analysis-engine-text-based/
1ef7ac6ed856	https://globalgrid2050.com/
1f00e7f4685c	https://globalgrid2050.com/
1f017d6823e8	https://ventusltd.github.io/stars/
1f0850186c3f	https://ventusltd.github.io/ventus-grid-engine/
1f0f856f7555	https://globalgrid2050.com/
1f1fe10bf668	https://globalgrid2050.com/
1f20571c6489	https://globalgrid2050.com/
1f22a84556c6	https://globalgrid2050.com/
1f48dfc8c45b	https://globalgrid2050.com/
1f517c01c579	https://ventusltd.github.io/stars/
1f68aefbe86d	https://ventusltd.github.io/gridatlas/
1f755b3b72e3	https://globalgrid2050.com/
1f75aabbfb3b	https://ventusltd.github.io/gridatlas/
1f75f5148497	https://globalgrid2050.com/
1f828e4ccf6b	https://globalgrid2050.com/
1f8a75ade493	https://globalgrid2050.com/
1f8d64c44bbc	https://globalgrid2050.com/
1f92c57374de	https://globalgrid2050.com/
1f9c200f41b6	https://ventusltd.github.io/stars/
1f9f1ae28892	https://ventusltd.github.io/solar-electrical-topology-analysis-engine-text-based/
1fa113b2ea36	https://globalgrid2050.com/
1fa225f3ac5d	https://globalgrid2050.com/
1fae65e826cf	https://ventusltd.github.io/solar-electrical-topology-analysis-engine-text-based/
1fb5d9f2c03d	https://globalgrid2050.com/
1fc04e6d5eb1	https://globalgrid2050.com/
1fc70cd224cd	https://ventusltd.github.io/gridatlas/
1fc7e2c59dbd	https://globalgrid2050.com/
1fcc45e95aa3	https://globalgrid2050.com/
1feca254f847	https://globalgrid2050.com/
1ff1c13f34e4	https://globalgrid2050.com/
200225d6d7d1	https://globalgrid2050.com/
2008caf0cb3a	https://globalgrid2050.com/
2010374f29b7	https://ventusltd.github.io/globalgrid2050-hompage/
20197d3d3525	https://globalgrid2050.com/
20215e07a9cc	https://globalgrid2050.com/
20360418e163	https://globalgrid2050.com/
204aae6462a9	https://globalgrid2050.com/
204c78da5b53	https://globalgrid2050.com/
2053d343562a	https://globalgrid2050.com/
20581bdb65ad	https://ventusltd.github.io/stars/
206908c8ee1a	https://ventusltd.github.io/registry_of_all_content_in_repos_and_dependencies/
20711d654faa	https://globalgrid2050.com/
20715485e010	https://globalgrid2050.com/
2071c620fde7	https://ventusltd.github.io/data-centres-gb/
2072d44b2d41	https://globalgrid2050.com/
20923a57bf3d	https://globalgrid2050.com/
20966fc716ac	https://ventusltd.github.io/galaxies-wafers/
20985f425131	https://globalgrid2050.com/
20b32b9bfe8c	https://globalgrid2050.com/
20bff93d76fd	https://ventusltd.github.io/solar-electrical-topology-analysis-engine-text-based/
20c4b37e0bef	https://globalgrid2050.com/
20da79302641	https://globalgrid2050.com/
20df08e5325e	https://globalgrid2050.com/
20e993ddc0de	https://globalgrid2050.com/
20ecdbdfdf95	https://globalgrid2050.com/
20ef4c17f861	https://ventusltd.github.io/globalgrid2050-hompage/
20f04462e2ee	https://globalgrid2050.com/
210618cebc93	https://ventusltd.github.io/stars/
2108772ef64b	https://globalgrid2050.com/
211aaf62c9b6	https://globalgrid2050.com/
211e8561d1c8	https://globalgrid2050.com/
212e4e1073d0	https://globalgrid2050.com/
212f920ca2e0	https://globalgrid2050.com/
213575cd6212	https://globalgrid2050.com/
2147f1052dd0	https://globalgrid2050.com/
21586844d5bd	https://globalgrid2050.com/
215aec894e7d	https://globalgrid2050.com/
21918c1efa8d	https://globalgrid2050.com/
2194126059df	https://ventusltd.github.io/stars/
21a576bf8908	https://globalgrid2050.com/
21ae77c721ff	https://globalgrid2050.com/
21b828360435	https://ventusltd.github.io/youengineer-code-review/
21be12dffa80	https://globalgrid2050.com/
21c4f452dc05	https://globalgrid2050.com/
21cf4619415e	https://globalgrid2050.com/
21e06f69d388	https://ventusltd.github.io/gridatlas/
21e4bec8ac06	https://globalgrid2050.com/
21ebc51d1e2f	https://globalgrid2050.com/
21f3f7f25431	https://globalgrid2050.com/
21f917f3430d	https://globalgrid2050.com/
220bf64a03e7	https://globalgrid2050.com/
2237efa434cd	https://globalgrid2050.com/
22395315dd2b	https://ventusltd.github.io/solar-electrical-topology-analysis-engine-text-based/
2252a701b9bc	https://ventusltd.github.io/solar-electrical-topology-analysis-engine-text-based/
22597cc0db08	https://globalgrid2050.com/
225ec4fb8402	https://globalgrid2050.com/
226051e5bf27	https://globalgrid2050.com/
22695d30b476	https://globalgrid2050.com/
2271c32e5c9e	https://ventusltd.github.io/gridatlas/
227c4eceb32b	https://ventusltd.github.io/solar-electrical-topology-analysis-engine-text-based/
2295bfd85227	https://globalgrid2050.com/
229f5b479295	https://globalgrid2050.com/
22a58233e959	https://globalgrid2050.com/
22b3bc78481c	https://globalgrid2050.com/
22b512378839	https://globalgrid2050.com/
22bd573d0922	https://ventusltd.github.io/stars/
22e6b7feda25	https://globalgrid2050.com/
22ecad9d8647	https://ventusltd.github.io/gridatlas/
22eefb58d086	https://ventusltd.github.io/spiders/
22ff145eeaf7	https://globalgrid2050.com/
2301464f0386	https://ventusltd.github.io/solar-electrical-topology-analysis-engine-text-based/
231a65fbd52b	https://ventusltd.github.io/solar-electrical-topology-analysis-engine-text-based/
232bad54b1ea	https://ventusltd.github.io/stars/
233c69c4f1a3	https://ventusltd.github.io/solar-electrical-topology-analysis-engine-text-based/
23456f2d4cbe	https://ventusltd.github.io/spiders/
2356b2aaea6b	https://globalgrid2050.com/
235709ea65cf	https://globalgrid2050.com/
235c7d92ec68	https://globalgrid2050.com/
2368a1d72a42	https://ventusltd.github.io/stars/
23745b2896f1	https://globalgrid2050.com/
2374c43f76e2	https://ventusltd.github.io/ventus-grid-engine/
23839fb90642	https://globalgrid2050.com/
238578f05707	https://ventusltd.github.io/gridatlas/
2389b8db14cd	https://globalgrid2050.com/
238fdbea9c26	https://globalgrid2050.com/
239238fc9116	https://globalgrid2050.com/
239a33a02106	https://globalgrid2050.com/
239f09805069	https://ventusltd.github.io/solar-electrical-topology-analysis-engine-text-based/
23a5eb449ac0	https://globalgrid2050.com/
23b95518aae0	https://ventusltd.github.io/solar-electrical-topology-analysis-engine-text-based/
23bc10acb5fb	https://ventusltd.github.io/ventus-grid-engine/
23ce70d6e0e6	https://globalgrid2050.com/
23cea547ee8c	https://ventusltd.github.io/gridatlas/
23d283018065	https://globalgrid2050.com/
23d853af35e7	https://globalgrid2050.com/
23d9b2780f13	https://globalgrid2050.com/
23da4f1f6d62	https://globalgrid2050.com/
23e021344596	https://ventusltd.github.io/gridatlas/
23fac829810f	https://globalgrid2050.com/
23fc7034f27f	https://globalgrid2050.com/
2400479a47e1	https://globalgrid2050.com/
241915a3014c	https://globalgrid2050.com/
2421dd45df7e	https://globalgrid2050.com/
243a79124ec4	https://globalgrid2050.com/
244a44d692bf	https://globalgrid2050.com/
2450695d4128	https://ventusltd.github.io/solar-electrical-topology-analysis-engine-text-based/
2451fcaed0b4	https://ventusltd.github.io/solar-electrical-topology-analysis-engine-text-based/
246f4a57e42c	https://ventusltd.github.io/solar-electrical-topology-analysis-engine-text-based/
2471cb921107	https://ventusltd.github.io/data_uk_dno_and_tso/
247646a4b6a1	https://globalgrid2050.com/
248fdf52cf3e	https://ventusltd.github.io/solar-electrical-topology-analysis-engine-text-based/
249f0e55ae44	https://globalgrid2050.com/
24adf143dcfe	https://globalgrid2050.com/
24b4eac60b48	https://globalgrid2050.com/
24cdd2d9d3b8	https://ventusltd.github.io/solar-electrical-topology-analysis-engine-text-based/
24d5236537dd	https://globalgrid2050.com/
24d7622cf7b5	https://ventusltd.github.io/gridatlas/
24d8220b0979	https://globalgrid2050.com/
24dc9f7fb623	https://globalgrid2050.com/
24dc9fd07ca1	https://globalgrid2050.com/
24e44c55529e	https://globalgrid2050.com/
24e96442e4f1	https://ventusltd.github.io/stars/
24eae5be8f7a	https://globalgrid2050.com/
24ef9b0e70f1	https://globalgrid2050.com/
24fb81f7e519	https://globalgrid2050.com/
24fdb11c8237	https://globalgrid2050.com/
25157d66d52b	https://globalgrid2050.com/
2524e3d81cc0	https://ventusltd.github.io/gridatlas/
252f4f555085	https://globalgrid2050.com/
2564cbcc2e3d	https://globalgrid2050.com/
256f5c061f33	https://globalgrid2050.com/
257a05affae3	https://globalgrid2050.com/
25847bf97a54	https://globalgrid2050.com/
25928b7cf466	https://ventusltd.github.io/gb-electricity-ui/
25b0e038db68	https://ventusltd.github.io/solar-electrical-topology-analysis-engine-text-based/
25c7c86b7101	https://globalgrid2050.com/
25d434266146	https://globalgrid2050.com/
25df11a94c21	https://ventusltd.github.io/star-quantum-twin/
25e147123160	https://ventusltd.github.io/gridatlas/
25e1e9c35ff4	https://globalgrid2050.com/
25ee16fa872e	https://globalgrid2050.com/
25f31c83bbb7	https://globalgrid2050.com/
261498aa5a1b	https://globalgrid2050.com/
262a95b12b87	https://globalgrid2050.com/
262d4dd339c1	https://globalgrid2050.com/
2639f10012a5	https://ventusltd.github.io/solar-electrical-topology-analysis-engine-text-based/
263d9aa1af16	https://ventusltd.github.io/solar-electrical-topology-analysis-engine-text-based/
263f0a8c9859	https://ventusltd.github.io/solar-electrical-topology-analysis-engine-text-based/
263faba93b8e	https://globalgrid2050.com/
264d1f9e1be2	https://globalgrid2050.com/
264e0a455609	https://globalgrid2050.com/
264e52d36d18	https://globalgrid2050.com/
2673f679ef0d	https://ventusltd.github.io/gridatlas/
268364701379	https://globalgrid2050.com/
2691b7dc7161	https://globalgrid2050.com/
26949d305fe3	https://globalgrid2050.com/
26a42c16ee97	https://ventusltd.github.io/gridatlas/
26ac863244e3	https://globalgrid2050.com/
26ad63555f06	https://globalgrid2050.com/
26b04db03012	https://globalgrid2050.com/
26bb0bc9ee1e	https://ventusltd.github.io/solar-electrical-topology-analysis-engine-text-based/
26cbe2d8a032	https://globalgrid2050.com/
26d3b0eb717a	https://ventusltd.github.io/solar-electrical-topology-analysis-engine-text-based/
26d858b1b795	https://ventusltd.github.io/solar-electrical-topology-analysis-engine-text-based/
26e354b3ba6b	https://ventusltd.github.io/kuiper-belt/
26ee92720d19	https://globalgrid2050.com/
2707556b8028	https://globalgrid2050.com/
270762f2f503	https://ventusltd.github.io/solar-electrical-topology-analysis-engine-text-based/
270c99940d53	https://ventusltd.github.io/gridatlas/
27160ecfb391	https://globalgrid2050.com/
271bbb150296	https://globalgrid2050.com/
2733d56710e2	https://globalgrid2050.com/
273a0a7e113e	https://globalgrid2050.com/
273b075a739b	https://globalgrid2050.com/
274a82d24ca1	https://globalgrid2050.com/
275eb396130d	https://globalgrid2050.com/
278c243ac3d0	https://globalgrid2050.com/
279f6a505e6c	https://ventusltd.github.io/spiders/
27d30c9eb185	https://globalgrid2050.com/
2808a7c5acf5	https://globalgrid2050.com/
2814be94b4d4	https://globalgrid2050.com/
2832aa90b4fd	https://globalgrid2050.com/
2837b2268ba5	https://globalgrid2050.com/
283881cc6664	https://globalgrid2050.com/
283fd0f79229	https://globalgrid2050.com/
285aba4f14bc	https://globalgrid2050.com/
28683230b16c	https://ventusltd.github.io/solar-electrical-topology-analysis-engine-text-based/
288573c9c925	https://globalgrid2050.com/
28a855f91726	https://globalgrid2050.com/
28ba9671fbf6	https://globalgrid2050.com/
28bdb7a6e559	https://ventusltd.github.io/youengineer-code-review/
28c746c86610	https://ventusltd.github.io/solar-electrical-topology-analysis-engine-text-based/
28d590ad8dcc	https://globalgrid2050.com/
28e41f129d80	https://globalgrid2050.com/
28f14ac20b05	https://globalgrid2050.com/
28f40770b29b	https://ventusltd.github.io/solar-electrical-topology-analysis-engine-text-based/
28f6ef8ade0c	https://globalgrid2050.com/
28fc34dec810	https://globalgrid2050.com/
292f780798c7	https://ventusltd.github.io/solar-electrical-topology-analysis-engine-text-based/
2939e3907f7f	https://globalgrid2050.com/
293e97e5d936	https://globalgrid2050.com/
2962dfa64fc2	https://globalgrid2050.com/
29695abc26ad	https://ventusltd.github.io/solar-electrical-topology-analysis-engine-text-based/
297564dacfdb	https://globalgrid2050.com/
2975b4cc4301	https://globalgrid2050.com/
297d03abd5dc	https://globalgrid2050.com/
298507c22cee	https://globalgrid2050.com/
29987b6557df	https://globalgrid2050.com/
29ca24098d59	https://globalgrid2050.com/
2a256973155b	https://globalgrid2050.com/
2a294f5e7846	https://ventusltd.github.io/gridatlas/
2a2beefd4550	https://ventusltd.github.io/solar-electrical-topology-analysis-engine-text-based/
2a2c36c2802e	https://ventusltd.github.io/registry_of_all_content_in_repos_and_dependencies/
2a3094112175	https://globalgrid2050.com/
2a3b712a4cac	https://ventusltd.github.io/globalgrid2050-hompage/
2a454e3d7e86	https://ventusltd.github.io/globalgrid2050-hompage/
2a4a9da6ee87	https://globalgrid2050.com/
2a4f246a2a05	https://globalgrid2050.com/
2a5341bce425	https://globalgrid2050.com/
2a583a15ee4a	https://globalgrid2050.com/
2a61306221d8	https://globalgrid2050.com/
2a6205f948b0	https://globalgrid2050.com/
2a6436b6ec42	https://ventusltd.github.io/solar-electrical-topology-analysis-engine-text-based/
2a772974f1f5	https://globalgrid2050.com/
2a872eb48030	https://globalgrid2050.com/
2a98cc43ec76	https://globalgrid2050.com/
2a9ba086665f	https://ventusltd.github.io/stars/
2aa8b75ba174	https://globalgrid2050.com/
2ab1d8f5ee4b	https://ventusltd.github.io/solar-electrical-topology-analysis-engine-text-based/
2ac50cf7b5ab	https://globalgrid2050.com/
2acd4b04d5b5	https://ventusltd.github.io/solar-electrical-topology-analysis-engine-text-based/
2acefc3261bb	https://globalgrid2050.com/
2ad5b0a1ddb0	https://globalgrid2050.com/
2adb335283b4	https://globalgrid2050.com/
2add8a21efa6	https://globalgrid2050.com/
2aef08bb6c02	https://ventusltd.github.io/solar-electrical-topology-analysis-engine-text-based/
2af303fb11e3	https://ventusltd.github.io/gridatlas/
2af6e2051a91	https://globalgrid2050.com/
2b18f6b526a8	https://globalgrid2050.com/
2b1bcf23588c	https://ventusltd.github.io/youengineer-code-review/
2b25f56309f0	https://globalgrid2050.com/
2b2eee35ad21	https://globalgrid2050.com/
2b3f481d3b43	https://ventusltd.github.io/spiders/
2b4253ef5079	https://ventusltd.github.io/star-electron-star/
2b458da1f09f	https://globalgrid2050.com/
2b4a858c331a	https://globalgrid2050.com/
2b50ecd7e9c8	https://globalgrid2050.com/
2b705ac10037	https://globalgrid2050.com/
2b997c9bcd3a	https://globalgrid2050.com/
2ba277b9bcc8	https://globalgrid2050.com/
2bc8b3581e96	https://globalgrid2050.com/
2bca49f8b7dc	https://globalgrid2050.com/
2bd916f6b99e	https://ventusltd.github.io/stars/
2bdb004879e1	https://ventusltd.github.io/solar-electrical-topology-analysis-engine-text-based/
2bdbc778a10d	https://globalgrid2050.com/
2bf25fdcc1ff	https://globalgrid2050.com/
2bfd24bcb0df	https://ventusltd.github.io/youengineer-code-review/
2c03a0f7ff94	https://globalgrid2050.com/
2c047230a408	https://globalgrid2050.com/
2c06066001ac	https://globalgrid2050.com/
2c064e5e4acb	https://globalgrid2050.com/
2c065ba4be66	https://globalgrid2050.com/
2c1ad091088a	https://globalgrid2050.com/
2c1f38ab4d1d	https://ventusltd.github.io/galaxies-wafers/
2c30b29236fd	https://globalgrid2050.com/
2c387afe4706	https://globalgrid2050.com/
2c42c9b42b84	https://globalgrid2050.com/
2c767276e546	https://globalgrid2050.com/
2c81895083ee	https://ventusltd.github.io/stars/
2c8498f7ccc8	https://globalgrid2050.com/
2ca2bbd69bf9	https://globalgrid2050.com/
2cbd56703246	https://globalgrid2050.com/
2cccb66998c9	https://ventusltd.github.io/solar-electrical-topology-analysis-engine-text-based/
2cd26975faef	https://globalgrid2050.com/
2cdf1b189708	https://ventusltd.github.io/solar-electrical-topology-analysis-engine-text-based/
2ce1d4f5d2e5	https://globalgrid2050.com/
2cf933aefd2b	https://globalgrid2050.com/
2d09b5158dac	https://globalgrid2050.com/
2d0cc5d06e39	https://globalgrid2050.com/
2d0dff2fe121	https://globalgrid2050.com/
2d18a50f6167	https://globalgrid2050.com/
2d1d113fc554	https://globalgrid2050.com/
2d2518a85b04	https://globalgrid2050.com/
2d2e6f71bc4d	https://globalgrid2050.com/
2d2edbda2c0e	https://ventusltd.github.io/solar-electrical-topology-analysis-engine-text-based/
2d458eee03bb	https://globalgrid2050.com/
2d49ab74b025	https://globalgrid2050.com/
2d55096ee6b4	https://globalgrid2050.com/
2d5afc1d3b80	https://globalgrid2050.com/
2d6128171ec6	https://ventusltd.github.io/stars/
2d626334dda2	https://ventusltd.github.io/solar-electrical-topology-analysis-engine-text-based/
2d685f2ab05b	https://globalgrid2050.com/
2d6b38156874	https://ventusltd.github.io/spiders/
2d71a087f04d	https://globalgrid2050.com/
2d8bb4ec399c	https://ventusltd.github.io/ventus-grid-engine/
2db72bf9130a	https://ventusltd.github.io/solar-electrical-topology-analysis-engine-text-based/
2dd309cd6bf3	https://globalgrid2050.com/
2de4a9923dd0	https://globalgrid2050.com/
2dee0f1f2721	https://globalgrid2050.com/
2dff3c87eb34	https://globalgrid2050.com/
2e0059f97093	https://ventusltd.github.io/stars/
2e0a258328b8	https://globalgrid2050.com/
2e0d6d75b2f3	https://globalgrid2050.com/
2e0e781ab56a	https://globalgrid2050.com/
2e1923803ee9	https://ventusltd.github.io/stars/
2e1b35e6eaab	https://globalgrid2050.com/
2e36dbf4d796	https://ventusltd.github.io/ventus-grid-engine/
2e44fc5b8149	https://ventusltd.github.io/solar-electrical-topology-analysis-engine-text-based/
2e45f26c4efb	https://globalgrid2050.com/
2e535f7d22fa	https://globalgrid2050.com/
2e600140b581	https://globalgrid2050.com/
2e6b0ecc14c0	https://globalgrid2050.com/
2e6f0d3a2f6c	https://globalgrid2050.com/
2e8a255439a0	https://globalgrid2050.com/
2e96d7c5a30f	https://globalgrid2050.com/
2e9eba4b3088	https://globalgrid2050.com/
2ea2ed081a05	https://globalgrid2050.com/
2eb3c3e99834	https://globalgrid2050.com/
2ec60487b6f0	https://globalgrid2050.com/
2ecf0cffdffa	https://ventusltd.github.io/data_uk_dno_and_tso/
2ed2bf7de47d	https://ventusltd.github.io/solar-electrical-topology-analysis-engine-text-based/
2eeb4719cd58	https://globalgrid2050.com/
2ef4197f0bb2	https://globalgrid2050.com/
2f0cc1b77044	https://globalgrid2050.com/
2f16c74401f3	https://globalgrid2050.com/
2f19c2e8145e	https://ventusltd.github.io/gridatlas/
2f20408aa657	https://globalgrid2050.com/
2f2dd9fa3911	https://globalgrid2050.com/
2f432883d59d	https://globalgrid2050.com/
2f464e6ae49b	https://globalgrid2050.com/
2f4df33052d5	https://ventusltd.github.io/ventus-grid-engine/
2f57cc506274	https://globalgrid2050.com/
2f58eca408db	https://globalgrid2050.com/
2f64601dc49a	https://globalgrid2050.com/
2f6cbb0364ff	https://ventusltd.github.io/solar-electrical-topology-analysis-engine-text-based/
2f71466c7a51	https://globalgrid2050.com/
2f775e155b08	https://globalgrid2050.com/
2f78001e50d4	https://ventusltd.github.io/gridatlas/
2f7acc18c18a	https://globalgrid2050.com/
2f8074ff0570	https://ventusltd.github.io/gridatlas/
2f85a9a85003	https://globalgrid2050.com/
2f94aaeaabcb	https://ventusltd.github.io/ventus-grid-engine/
2f9c19ec43d1	https://ventusltd.github.io/solar-electrical-topology-analysis-engine-text-based/
2fa7d53cb818	https://globalgrid2050.com/
2fb56b3671f0	https://globalgrid2050.com/
2fd55f853dde	https://globalgrid2050.com/
2fe0911ae897	https://globalgrid2050.com/
2fe39df1130c	https://globalgrid2050.com/
2ffbd04689fb	https://globalgrid2050.com/
3001ad5b9970	https://globalgrid2050.com/
30094ef0da08	https://globalgrid2050.com/
300fa2b0f2a5	https://globalgrid2050.com/
3010050315a2	https://ventusltd.github.io/solar-electrical-topology-analysis-engine-text-based/
301a426a3c4e	https://globalgrid2050.com/
301bee76d1c6	https://globalgrid2050.com/
301dd8a1707b	https://globalgrid2050.com/
30241d20da49	https://globalgrid2050.com/
3030aa1e3217	https://globalgrid2050.com/
303439c36c11	https://globalgrid2050.com/
303640f6d2d4	https://ventusltd.github.io/ventus-grid-engine/
3036be4cf0e7	https://globalgrid2050.com/
30384fff9f57	https://globalgrid2050.com/
30386cc0f447	https://ventusltd.github.io/gridatlas/
304a3791dc0b	https://ventusltd.github.io/code-generator/
304b93477be9	https://globalgrid2050.com/
3061dfcc8901	https://ventusltd.github.io/gridatlas/
30780b5dcfc4	https://ventusltd.github.io/spiders/
307b5f9664c9	https://globalgrid2050.com/
307e74a9adff	https://globalgrid2050.com/
307f0c3f8847	https://globalgrid2050.com/
308b9abee7b9	https://globalgrid2050.com/
308eb0e03726	https://globalgrid2050.com/
30925d435dd7	https://globalgrid2050.com/
30a6ca11ba20	https://globalgrid2050.com/
30a6ce5ce9ef	https://globalgrid2050.com/
30a9bc04b988	https://ventusltd.github.io/solar-electrical-topology-analysis-engine-text-based/
30b0a4d75a99	https://ventusltd.github.io/stars/
30c2567cc89d	https://globalgrid2050.com/
30cf63e7c33a	https://ventusltd.github.io/gridatlas/
30d794f57d0d	https://globalgrid2050.com/
30dc535968d5	https://globalgrid2050.com/
30e6f8804a97	https://globalgrid2050.com/
30efa2bab228	https://ventusltd.github.io/ventus-grid-engine/
30feaa721f29	https://globalgrid2050.com/
312be456146e	https://globalgrid2050.com/
3138aa143fe9	https://ventusltd.github.io/spiders/
314c2adfb1bd	https://globalgrid2050.com/
314d00dadafa	https://ventusltd.github.io/solar-electrical-topology-analysis-engine-text-based/
3158f6991e04	https://ventusltd.github.io/solar-electrical-topology-analysis-engine-text-based/
3159de6eb8d6	https://globalgrid2050.com/
31784cad08e1	https://globalgrid2050.com/
318b033db14d	https://globalgrid2050.com/
31980d824ae5	https://ventusltd.github.io/kuiper-belt/
31a268ca1375	https://globalgrid2050.com/
31a993acd409	https://globalgrid2050.com/
31bd40acdc1d	https://globalgrid2050.com/
31bf43ff4f38	https://globalgrid2050.com/
31d1d524bfb1	https://ventusltd.github.io/spiders/
31dc71bdc845	https://globalgrid2050.com/
31fa1e1a7569	https://ventusltd.github.io/solar-electrical-topology-analysis-engine-text-based/
31fec5ef3057	https://ventusltd.github.io/gridatlas/
320893c4702b	https://globalgrid2050.com/
321934344a57	https://globalgrid2050.com/
321e08866795	https://ventusltd.github.io/stars/
322057f7ebb9	https://globalgrid2050.com/
3227e1f6cba9	https://globalgrid2050.com/
323f1f21a88b	https://globalgrid2050.com/
32453973b5ad	https://globalgrid2050.com/
325275300e55	https://globalgrid2050.com/
326a64f2eea9	https://globalgrid2050.com/
326d9793409c	https://globalgrid2050.com/
328c5084b7ec	https://globalgrid2050.com/
32a9e1965615	https://globalgrid2050.com/
32aeaa299b18	https://globalgrid2050.com/
32b1345998b4	https://globalgrid2050.com/
32b5c17167f7	https://globalgrid2050.com/
32bc3bbe60e1	https://ventusltd.github.io/gridatlas/
32c0e414e60a	https://globalgrid2050.com/
32c2cdc308e6	https://globalgrid2050.com/
32d8a4fe8d6a	https://globalgrid2050.com/
32dbcd512fab	https://globalgrid2050.com/
32e9840455b3	https://globalgrid2050.com/
3300b8257028	https://ventusltd.github.io/solar-electrical-topology-analysis-engine-text-based/
3306686492a9	https://ventusltd.github.io/gridatlas/
33091820af3e	https://globalgrid2050.com/
3314e7abcab8	https://globalgrid2050.com/
333c6e3ce5b8	https://ventusltd.github.io/solar-electrical-topology-analysis-engine-text-based/
336492eeaa1f	https://ventusltd.github.io/solar-electrical-topology-analysis-engine-text-based/
337f447becbb	https://globalgrid2050.com/
33af572c0fd7	https://globalgrid2050.com/
33b139b0754e	https://ventusltd.github.io/stars/
33ba47345c14	https://globalgrid2050.com/
33d173c4cac2	https://globalgrid2050.com/
33e929f027c4	https://globalgrid2050.com/
33ebcd89728f	https://globalgrid2050.com/
3402111a4b6b	https://globalgrid2050.com/
342134dd9236	https://ventusltd.github.io/solar-electrical-topology-analysis-engine-text-based/
342fed623e51	https://globalgrid2050.com/
3447f6fb89f8	https://globalgrid2050.com/
3457fc6b84dd	https://ventusltd.github.io/solar-electrical-topology-analysis-engine-text-based/
3460f5990386	https://ventusltd.github.io/stars/
347766bbf79b	https://globalgrid2050.com/
348ef44f5dd0	https://ventusltd.github.io/solar-electrical-topology-analysis-engine-text-based/
34a8c1655df7	https://globalgrid2050.com/
34b07badb063	https://globalgrid2050.com/
34b69583fd87	https://globalgrid2050.com/
34bca010bb49	https://ventusltd.github.io/stars/
34be2791e7f5	https://globalgrid2050.com/
34c6f1435479	https://globalgrid2050.com/
34c8b25ee783	https://ventusltd.github.io/stars/
34c995fbb63b	https://globalgrid2050.com/
34dd8703c01e	https://globalgrid2050.com/
34e02eb95b98	https://ventusltd.github.io/solar-electrical-topology-analysis-engine-text-based/
34ff442488fc	https://globalgrid2050.com/
35007d8c9cc8	https://globalgrid2050.com/
352632a924b8	https://globalgrid2050.com/
352a185d2a24	https://globalgrid2050.com/
352aff1f8dcd	https://globalgrid2050.com/
3530451a1530	https://globalgrid2050.com/
3554c1e5bc2b	https://ventusltd.github.io/gridatlas/
355a0dee18db	https://globalgrid2050.com/
355a14d84f17	https://globalgrid2050.com/
355cbdec1629	https://globalgrid2050.com/
35642a23934d	https://globalgrid2050.com/
356ca261cf54	https://globalgrid2050.com/
35c530170476	https://ventusltd.github.io/registry_of_all_content_in_repos_and_dependencies/
35cddc182a16	https://globalgrid2050.com/
35d6d0830e04	https://globalgrid2050.com/
35e0e01fc306	https://globalgrid2050.com/
35eb66d59c22	https://globalgrid2050.com/
35fe545075cd	https://globalgrid2050.com/
36090bbb728f	https://globalgrid2050.com/
36152fc09896	https://ventusltd.github.io/star-electron-star/
3619addab091	https://globalgrid2050.com/
362d61031bcc	https://globalgrid2050.com/
362ee0c4a21a	https://globalgrid2050.com/
36359455d88c	https://globalgrid2050.com/
363c3593bc53	https://globalgrid2050.com/
3646d7300749	https://ventusltd.github.io/gridatlas/
364ae5bb0245	https://globalgrid2050.com/
365690dcbf5f	https://globalgrid2050.com/
367c02c316f7	https://globalgrid2050.com/
367ddd883991	https://globalgrid2050.com/
36816d49adc3	https://globalgrid2050.com/
3688cc02fbda	https://globalgrid2050.com/
3690694992e5	https://globalgrid2050.com/
36a74e5485d7	https://globalgrid2050.com/
36c92b433e6c	https://ventusltd.github.io/kuiper-belt/
36cbd875528f	https://ventusltd.github.io/stars/
36cd81fb2007	https://globalgrid2050.com/
36ceec73e008	https://globalgrid2050.com/
36e4e538543d	https://ventusltd.github.io/solar-electrical-topology-analysis-engine-text-based/
36f1ab756d7a	https://ventusltd.github.io/solar-electrical-topology-analysis-engine-text-based/
3705f3d8dd86	https://globalgrid2050.com/
3709ff818ba1	https://globalgrid2050.com/
37125d5a6382	https://ventusltd.github.io/data_uk_dno_and_tso/
3717e1fd9e91	https://ventusltd.github.io/kuiper-belt/
3717edadcaab	https://ventusltd.github.io/gridatlas/
373186e0947a	https://globalgrid2050.com/
373f105eb52a	https://globalgrid2050.com/
374870526947	https://globalgrid2050.com/
374974a6a6fa	https://ventusltd.github.io/solar-electrical-topology-analysis-engine-text-based/
374ab71451b8	https://globalgrid2050.com/
3756ac77c5bf	https://globalgrid2050.com/
376f0d7de60e	https://globalgrid2050.com/
378d74c8aa7c	https://globalgrid2050.com/
37a3669c4946	https://ventusltd.github.io/solar-electrical-topology-analysis-engine-text-based/
37aa52de2833	https://ventusltd.github.io/star-quantum-twin/
37ae61ad185e	https://globalgrid2050.com/
37b00106d007	https://ventusltd.github.io/solar-electrical-topology-analysis-engine-text-based/
37b9276ee97d	https://globalgrid2050.com/
37d22b139c38	https://globalgrid2050.com/
37f58c111fea	https://globalgrid2050.com/
37f97bdef9e8	https://globalgrid2050.com/
380b9bf495c3	https://globalgrid2050.com/
380d261aa9ad	https://globalgrid2050.com/
381f43f70e81	https://globalgrid2050.com/
3826fa198762	https://ventusltd.github.io/stars/
3828716c096a	https://ventusltd.github.io/solar-electrical-topology-analysis-engine-text-based/
383a444d1e20	https://globalgrid2050.com/
384bcd4b8add	https://globalgrid2050.com/
386e3fff48f6	https://globalgrid2050.com/
389836693e06	https://globalgrid2050.com/
389d69917117	https://globalgrid2050.com/
38a9e0200bf0	https://ventusltd.github.io/gb-electricity-ui/
38d4bdd82e9f	https://globalgrid2050.com/
38dce10f96f4	https://globalgrid2050.com/
38eadfdbb43f	https://globalgrid2050.com/
38fac07e5aa7	https://ventusltd.github.io/youengineer-code-review/
390f8b48b54e	https://ventusltd.github.io/gridatlas/
391b69f08566	https://globalgrid2050.com/
393837ab5b06	https://globalgrid2050.com/
394b8bcd55db	https://globalgrid2050.com/
3960d403436b	https://globalgrid2050.com/
39652f6b46d6	https://ventusltd.github.io/gridatlas/
396c5321ca41	https://globalgrid2050.com/
397066b426a5	https://globalgrid2050.com/
397283a7bca9	https://globalgrid2050.com/
3978685ab827	https://globalgrid2050.com/
399038c41254	https://globalgrid2050.com/
39a3205c6bd0	https://globalgrid2050.com/
39bf99942a16	https://ventusltd.github.io/solar-electrical-topology-analysis-engine-text-based/
39c3da6e03e5	https://ventusltd.github.io/galaxies-wafers/
39dadee69b97	https://ventusltd.github.io/spiders/
3a0a7f5a32f7	https://globalgrid2050.com/
3a1a0b8080f5	https://globalgrid2050.com/
3a269f04bd06	https://globalgrid2050.com/
3a3b1b009d57	https://globalgrid2050.com/
3a41fea2c1ca	https://globalgrid2050.com/
3a46ef416fb1	https://globalgrid2050.com/
3a47eb83de5d	https://globalgrid2050.com/
3a50637a6626	https://globalgrid2050.com/
3a5219c7ac4b	https://globalgrid2050.com/
3a5a351cf6b9	https://ventusltd.github.io/youengineer-code-review/
3a62a113f545	https://globalgrid2050.com/
3a6a80f2cf28	https://globalgrid2050.com/
3a7498922110	https://ventusltd.github.io/solar-electrical-topology-analysis-engine-text-based/
3a7ada4bb9b5	https://globalgrid2050.com/
3a9b55a66b94	https://globalgrid2050.com/
3aae6054691c	https://globalgrid2050.com/
3abf9a2a76ea	https://ventusltd.github.io/solar-electrical-topology-analysis-engine-text-based/
3ac08eda5df3	https://ventusltd.github.io/spiders/
3ac5baddd9b2	https://globalgrid2050.com/
3ae103c677bf	https://globalgrid2050.com/
3aec2a06c617	https://globalgrid2050.com/
3af377f7ce06	https://ventusltd.github.io/globalgrid2050-hompage/
3af397b0ad67	https://globalgrid2050.com/
3b015742aa05	https://globalgrid2050.com/
3b042fce590d	https://globalgrid2050.com/
3b09b3a22cc9	https://globalgrid2050.com/
3b142ca06b5b	https://ventusltd.github.io/solar-electrical-topology-analysis-engine-text-based/
3b20eb26a476	https://globalgrid2050.com/
3b21baf030e3	https://globalgrid2050.com/
3b21cc5a74a0	https://globalgrid2050.com/
3b2ced45f072	https://globalgrid2050.com/
3b2d046d4151	https://globalgrid2050.com/
3b2d22493023	https://globalgrid2050.com/
3b3f0c8adfb6	https://ventusltd.github.io/gridatlas/
3b4d6369a50a	https://ventusltd.github.io/solar-electrical-topology-analysis-engine-text-based/
3b5f5b6f30ab	https://globalgrid2050.com/
3b6411dee9ad	https://globalgrid2050.com/
3b669396d413	https://globalgrid2050.com/
3b696533566f	https://globalgrid2050.com/
3b70f987957d	https://globalgrid2050.com/
3b73912dbfe1	https://globalgrid2050.com/
3b7b05957965	https://ventusltd.github.io/solar-electrical-topology-analysis-engine-text-based/
3b7cc6f161d7	https://ventusltd.github.io/ventus-grid-engine/
3b821a170a42	https://globalgrid2050.com/
3b989ad1478b	https://ventusltd.github.io/code-generator/
3b9b4b337b7d	https://globalgrid2050.com/
3ba05154da6b	https://globalgrid2050.com/
3ba92d4f9f88	https://globalgrid2050.com/
3bb4c98370b6	https://ventusltd.github.io/globalgrid2050-hompage/
3bc064385fa4	https://globalgrid2050.com/
3bc276d1a08f	https://ventusltd.github.io/globalgrid2050-hompage/
3be1cabe4dd2	https://globalgrid2050.com/
3beb872dba21	https://globalgrid2050.com/
3c030a2f9b30	https://globalgrid2050.com/
3c1d9ea4cc5a	https://globalgrid2050.com/
3c31ccdd05d2	https://globalgrid2050.com/
3c31f4bc297a	https://globalgrid2050.com/
3c3533fba3d0	https://ventusltd.github.io/stars/
3c419707e5c2	https://globalgrid2050.com/
3c42ef3919f0	https://globalgrid2050.com/
3c44f7743b91	https://globalgrid2050.com/
3c720a16284b	https://globalgrid2050.com/
3c8197607124	https://globalgrid2050.com/
3c8b2cf0f979	https://globalgrid2050.com/
3c96c07c453b	https://globalgrid2050.com/
3ca2e7d5ade6	https://ventusltd.github.io/gridatlas/
3cb5adc3851e	https://globalgrid2050.com/
3cc7c498fcac	https://globalgrid2050.com/
3ccd7ac167a9	https://globalgrid2050.com/
3ce2e4fe2412	https://globalgrid2050.com/
3ce3b3371b47	https://globalgrid2050.com/
3cec2fbfa582	https://globalgrid2050.com/
3cf110a2eb05	https://globalgrid2050.com/
3d050b83c733	https://globalgrid2050.com/
3d0bbc192b22	https://globalgrid2050.com/
3d0e38cbef57	https://globalgrid2050.com/
3d191c996f1f	https://ventusltd.github.io/stars/
3d1a70fe9909	https://ventusltd.github.io/solar-electrical-topology-analysis-engine-text-based/
3d2fae79dab6	https://globalgrid2050.com/
3d33f02067ae	https://globalgrid2050.com/
3d39203f7865	https://globalgrid2050.com/
3d3a56182f0c	https://ventusltd.github.io/ventus-grid-engine/
3d42f0553a8b	https://globalgrid2050.com/
3d46dd63ce9b	https://ventusltd.github.io/data_uk_dno_and_tso/
3d52314fee12	https://globalgrid2050.com/
3d5c5372d0d7	https://globalgrid2050.com/
3d6efc84babb	https://globalgrid2050.com/
3d6fe8a33eae	https://globalgrid2050.com/
3d70650a64de	https://globalgrid2050.com/
3d809bf921e7	https://globalgrid2050.com/
3d9aff8d6795	https://globalgrid2050.com/
3da7ca8a00cf	https://ventusltd.github.io/registry_of_all_content_in_repos_and_dependencies/
3db95ec30f37	https://ventusltd.github.io/solar-electrical-topology-analysis-engine-text-based/
3dd0db97d665	https://globalgrid2050.com/
3de63afb20be	https://globalgrid2050.com/
3ded899dc547	https://globalgrid2050.com/
3df03958a76a	https://ventusltd.github.io/solar-electrical-topology-analysis-engine-text-based/
3e2f55377fda	https://globalgrid2050.com/
3e31346eb455	https://globalgrid2050.com/
3e45bb7f49bf	https://ventusltd.github.io/registry_of_all_content_in_repos_and_dependencies/
3e55b76988d3	https://ventusltd.github.io/solar-electrical-topology-analysis-engine-text-based/
3e5ef4f9ff25	https://ventusltd.github.io/ventus-grid-engine/
3e603c028475	https://ventusltd.github.io/solar-electrical-topology-analysis-engine-text-based/
3e66eec168ac	https://globalgrid2050.com/
3e69e904ab26	https://globalgrid2050.com/
3e70ba27d35c	https://globalgrid2050.com/
3e89b1d96e83	https://globalgrid2050.com/
3eaf01e6c2f6	https://ventusltd.github.io/solar-electrical-topology-analysis-engine-text-based/
3eb5ea730ae4	https://globalgrid2050.com/
3ebd067ef984	https://ventusltd.github.io/ventus-grid-engine/
3ee6a34aa2c6	https://ventusltd.github.io/gridatlas/
3ef4707b6410	https://ventusltd.github.io/solar-electrical-topology-analysis-engine-text-based/
3ef6e63ffe6a	https://globalgrid2050.com/
3efca09f98c1	https://globalgrid2050.com/
3f198236071e	https://globalgrid2050.com/
3f2c6058ade9	https://globalgrid2050.com/
3f3e61171b22	https://globalgrid2050.com/
3f49fc71216d	https://globalgrid2050.com/
3f4f49e6bf9e	https://globalgrid2050.com/
3f5e0792d553	https://globalgrid2050.com/
3fac783cb685	https://ventusltd.github.io/gridatlas/
3fb66ca93c0a	https://globalgrid2050.com/
3fbc00cec054	https://ventusltd.github.io/solar-electrical-topology-analysis-engine-text-based/
3fc70fabf99d	https://ventusltd.github.io/stars/
3fcf28b1793b	https://globalgrid2050.com/
3fda8e15aead	https://globalgrid2050.com/
3fdbeb31aabb	https://ventusltd.github.io/kuiper-belt/
3fde161ab028	https://ventusltd.github.io/registry_of_all_content_in_repos_and_dependencies/
3fecc6038f51	https://globalgrid2050.com/
3fed15c3f847	https://globalgrid2050.com/
3ff7438c311f	https://globalgrid2050.com/
3ff89d347c4d	https://globalgrid2050.com/
3ffb3a6799cb	https://ventusltd.github.io/solar-electrical-topology-analysis-engine-text-based/
4011cc35911f	https://globalgrid2050.com/
402924b02a9d	https://globalgrid2050.com/
4041abdd2d7d	https://globalgrid2050.com/
404a25fd9bdd	https://ventusltd.github.io/gridatlas/
406526b70a1c	https://globalgrid2050.com/
4075c47c70b3	https://globalgrid2050.com/
4088117acd2c	https://ventusltd.github.io/registry_of_all_content_in_repos_and_dependencies/
408affeb153b	https://globalgrid2050.com/
408c6313ed84	https://globalgrid2050.com/
40a1baca3ec8	https://globalgrid2050.com/
40a450d62cd3	https://globalgrid2050.com/
40ab760c453f	https://ventusltd.github.io/gridatlas/
40ac2e79b68c	https://globalgrid2050.com/
40b008f82dba	https://ventusltd.github.io/solar-electrical-topology-analysis-engine-text-based/
40c528c98edf	https://ventusltd.github.io/solar-electrical-topology-analysis-engine-text-based/
40d13e4fc982	https://globalgrid2050.com/
40d275e645eb	https://ventusltd.github.io/registry_of_all_content_in_repos_and_dependencies/
40e26b0a1299	https://globalgrid2050.com/
40e486698f9a	https://globalgrid2050.com/
40f00200412e	https://globalgrid2050.com/
40f92eff0a30	https://ventusltd.github.io/solar-electrical-topology-analysis-engine-text-based/
4102deb2faca	https://ventusltd.github.io/solar-electrical-topology-analysis-engine-text-based/
410318926b63	https://globalgrid2050.com/
4113bde301cb	https://globalgrid2050.com/
412414304a13	https://globalgrid2050.com/
41466070f728	https://globalgrid2050.com/
4153e9942c24	https://globalgrid2050.com/
415ee398435a	https://globalgrid2050.com/
416668c0f739	https://ventusltd.github.io/data_uk_dno_and_tso/
41733639dc3e	https://globalgrid2050.com/
41740340f863	https://ventusltd.github.io/spiders/
418347de70ca	https://globalgrid2050.com/
418fa6b861bc	https://ventusltd.github.io/spiders/
4197dff205a4	https://globalgrid2050.com/
41ada4ed3f61	https://globalgrid2050.com/
41b198d7fca5	https://ventusltd.github.io/spiders/
41bef1e906c6	https://globalgrid2050.com/
41c2358a9061	https://ventusltd.github.io/ventus-grid-engine/
41cc568873e7	https://ventusltd.github.io/solar-electrical-topology-analysis-engine-text-based/
41d3fa05a6a7	https://ventusltd.github.io/spiders/
41dc5611944d	https://globalgrid2050.com/
41df13173273	https://ventusltd.github.io/registry_of_all_content_in_repos_and_dependencies/
41e608ab1f71	https://globalgrid2050.com/
41e7489456ea	https://globalgrid2050.com/
41fe05f37047	https://globalgrid2050.com/
4203360a5a61	https://globalgrid2050.com/
420e8bd5cee3	https://globalgrid2050.com/
42132fd6d2ee	https://globalgrid2050.com/
4223fdf5610a	https://globalgrid2050.com/
422400053e81	https://globalgrid2050.com/
424077202aa5	https://globalgrid2050.com/
4246046f60bc	https://ventusltd.github.io/solar-electrical-topology-analysis-engine-text-based/
4246171ed7a3	https://globalgrid2050.com/
42554a14ad22	https://globalgrid2050.com/
4266c5fefffe	https://globalgrid2050.com/
426f48212ea7	https://ventusltd.github.io/solar-electrical-topology-analysis-engine-text-based/
42828e1b2e47	https://globalgrid2050.com/
4292d4f98165	https://globalgrid2050.com/
4297c93db4a7	https://ventusltd.github.io/solar-electrical-topology-analysis-engine-text-based/
42a63aa3feca	https://ventusltd.github.io/kuiper-belt/
42b999d02fb8	https://globalgrid2050.com/
42e22b4a7fa7	https://globalgrid2050.com/
42e54f6ad8b9	https://ventusltd.github.io/solar-electrical-topology-analysis-engine-text-based/
43017093794c	https://globalgrid2050.com/
43060e79076d	https://globalgrid2050.com/
431f0033c75d	https://ventusltd.github.io/solar-electrical-topology-analysis-engine-text-based/
4325b77e5e07	https://globalgrid2050.com/
432864748d3a	https://ventusltd.github.io/data-centres-gb/
432f29538611	https://ventusltd.github.io/stars/
433aa4faa433	https://ventusltd.github.io/spiders/
434a21335e6e	https://globalgrid2050.com/
436590547bd0	https://globalgrid2050.com/
436a851dcba9	https://ventusltd.github.io/registry_of_all_content_in_repos_and_dependencies/
436c3c1732bc	https://globalgrid2050.com/
437d330a345d	https://globalgrid2050.com/
437eef61ccfb	https://ventusltd.github.io/registry_of_all_content_in_repos_and_dependencies/
439f3d51af47	https://ventusltd.github.io/solar-electrical-topology-analysis-engine-text-based/
43ab380c8247	https://globalgrid2050.com/
43abab9b22fc	https://globalgrid2050.com/
43ad741cb8e5	https://globalgrid2050.com/
43b418ab0dac	https://ventusltd.github.io/solar-electrical-topology-analysis-engine-text-based/
43c054b26a85	https://globalgrid2050.com/
43d2b969115e	https://globalgrid2050.com/
43dc2f7d0590	https://globalgrid2050.com/
43e2b5cc3d3c	https://globalgrid2050.com/
43e7d9da9065	https://globalgrid2050.com/
43e9e3fe609e	https://ventusltd.github.io/solar-electrical-topology-analysis-engine-text-based/
43efe3851372	https://globalgrid2050.com/
44030a096465	https://globalgrid2050.com/
4409d2d0186f	https://globalgrid2050.com/
441ae7a15565	https://globalgrid2050.com/
44407decd3bb	https://globalgrid2050.com/
445e386c085d	https://globalgrid2050.com/
445fbcd8b29c	https://globalgrid2050.com/
446af1814749	https://globalgrid2050.com/
446f662bb616	https://ventusltd.github.io/gridatlas/
44740721dcd4	https://globalgrid2050.com/
448254515114	https://ventusltd.github.io/solar-electrical-topology-analysis-engine-text-based/
44903fdd5b01	https://ventusltd.github.io/galaxies-wafers/
44a32d173ca4	https://ventusltd.github.io/gridatlas/
44ad9b39cfa1	https://globalgrid2050.com/
44c2ef0f7030	https://globalgrid2050.com/
44cad7711bf0	https://ventusltd.github.io/gridatlas/
44ceb5fa7f28	https://ventusltd.github.io/solar-electrical-topology-analysis-engine-text-based/
44d035362e35	https://ventusltd.github.io/gridatlas/
44d1cf9f0c7a	https://globalgrid2050.com/
44df2f292c8a	https://globalgrid2050.com/
44ea850daa9c	https://ventusltd.github.io/stars/
44f56a8a2262	https://globalgrid2050.com/
450d954e9765	https://ventusltd.github.io/gridatlas/
450e60432f66	https://globalgrid2050.com/
45173317d6c0	https://globalgrid2050.com/
451db6d3c399	https://globalgrid2050.com/
4522c9266dd5	https://ventusltd.github.io/gridatlas/
4533cb7f2e33	https://ventusltd.github.io/globalgrid2050-hompage/
45349ebe8f7e	https://ventusltd.github.io/solar-electrical-topology-analysis-engine-text-based/
453b6f73227c	https://globalgrid2050.com/
453d30dd2677	https://globalgrid2050.com/
455e7c4459bd	https://ventusltd.github.io/solar-electrical-topology-analysis-engine-text-based/
4569fb3764f3	https://globalgrid2050.com/
4594229ab6cb	https://globalgrid2050.com/
45a12cd1f75c	https://ventusltd.github.io/solar-electrical-topology-analysis-engine-text-based/
45b24bb1da4a	https://globalgrid2050.com/
45b65bb6e47f	https://globalgrid2050.com/
45b9f37a91ac	https://ventusltd.github.io/solar-electrical-topology-analysis-engine-text-based/
45c57f415c47	https://ventusltd.github.io/solar-electrical-topology-analysis-engine-text-based/
45c75d060f46	https://ventusltd.github.io/solar-electrical-topology-analysis-engine-text-based/
45c85d85cc5d	https://globalgrid2050.com/
45c99d455c5c	https://globalgrid2050.com/
45da5dd15d1b	https://globalgrid2050.com/
45e55bb44ad6	https://globalgrid2050.com/
45f2c196b9ce	https://globalgrid2050.com/
460143297f38	https://ventusltd.github.io/solar-electrical-topology-analysis-engine-text-based/
462682367b41	https://globalgrid2050.com/
46289b5e2226	https://globalgrid2050.com/
4628a03e590c	https://globalgrid2050.com/
4646d279b67d	https://ventusltd.github.io/solar-electrical-topology-analysis-engine-text-based/
465f7f9e2b80	https://globalgrid2050.com/
466a6a8b711e	https://ventusltd.github.io/gridatlas/
466f35912172	https://globalgrid2050.com/
467f3d56a8c0	https://globalgrid2050.com/
46932f8cddbf	https://globalgrid2050.com/
469bd588de85	https://globalgrid2050.com/
469ce34c738c	https://ventusltd.github.io/stars/
46a163c15263	https://ventusltd.github.io/galaxies-wafers/
46c15f82769b	https://globalgrid2050.com/
46c723042f46	https://globalgrid2050.com/
46cc2a518280	https://globalgrid2050.com/
46dffc34aca0	https://ventusltd.github.io/solar-electrical-topology-analysis-engine-text-based/
46e540d94a5d	https://globalgrid2050.com/
46ee64b3d9ac	https://globalgrid2050.com/
470708a2cb58	https://globalgrid2050.com/
470a088d1ba3	https://globalgrid2050.com/
470bd38e3506	https://globalgrid2050.com/
471b85aa51d1	https://globalgrid2050.com/
47211cb9e660	https://ventusltd.github.io/solar-electrical-topology-analysis-engine-text-based/
47338dc904cf	https://globalgrid2050.com/
473437c7802c	https://globalgrid2050.com/
4735cf89188e	https://ventusltd.github.io/stars/
4745ead9cd67	https://globalgrid2050.com/
475883b06e2f	https://globalgrid2050.com/
47695cc7b720	https://globalgrid2050.com/
47745f764268	https://ventusltd.github.io/solar-electrical-topology-analysis-engine-text-based/
477b8ffa057b	https://globalgrid2050.com/
479cf609875d	https://globalgrid2050.com/
47a33030a458	https://globalgrid2050.com/
47ab9cb8ee33	https://globalgrid2050.com/
47b3ba6bfc88	https://globalgrid2050.com/
47bb5cbea8e2	https://globalgrid2050.com/
47c510c6b47e	https://globalgrid2050.com/
47daf3128dcc	https://globalgrid2050.com/
47e5e0fa3a0d	https://globalgrid2050.com/
47eaa839b83b	https://ventusltd.github.io/stars/
48016a2fd02f	https://ventusltd.github.io/stars/
4805935b10de	https://globalgrid2050.com/
4805b9921e8d	https://globalgrid2050.com/
4810ffd3c7ce	https://globalgrid2050.com/
4814bdd39e3f	https://globalgrid2050.com/
481a110844be	https://ventusltd.github.io/solar-electrical-topology-analysis-engine-text-based/
4822f0f49a36	https://globalgrid2050.com/
4828bec7dff1	https://globalgrid2050.com/
482985f0496d	https://globalgrid2050.com/
482dc7722ac8	https://ventusltd.github.io/kuiper-belt/
4847b60b5acb	https://globalgrid2050.com/
484b38ad8c2a	https://globalgrid2050.com/
48514ee3d5be	https://globalgrid2050.com/
48587f37c2f3	https://globalgrid2050.com/
4863f917977d	https://ventusltd.github.io/stars/
486b8c19e684	https://ventusltd.github.io/spiders/
486c69a745ed	https://globalgrid2050.com/
4875c554fad5	https://globalgrid2050.com/
487e635fac71	https://globalgrid2050.com/
487f612be61e	https://globalgrid2050.com/
488c91ae5e5b	https://globalgrid2050.com/
48c64d15243d	https://globalgrid2050.com/
48d3a509b607	https://globalgrid2050.com/
48d4dac4319d	https://globalgrid2050.com/
48d873e0e160	https://globalgrid2050.com/
48de96ec9e97	https://globalgrid2050.com/
49046c23318e	https://globalgrid2050.com/
490d30b051ed	https://globalgrid2050.com/
490eb142314c	https://ventusltd.github.io/solar-electrical-topology-analysis-engine-text-based/
49131bd4dd8b	https://globalgrid2050.com/
491419343e63	https://ventusltd.github.io/ventus-grid-engine/
49355301d366	https://globalgrid2050.com/
493d2632ba05	https://ventusltd.github.io/gridatlas/
493f766276c1	https://globalgrid2050.com/
495d6c4c76e1	https://globalgrid2050.com/
4960c8c2aa14	https://ventusltd.github.io/gridatlas/
496ae4d6d74a	https://globalgrid2050.com/
49802c9506a7	https://ventusltd.github.io/globalgrid2050-hompage/
498fd88c0039	https://globalgrid2050.com/
49a3d8bb4813	https://globalgrid2050.com/
49ac61d7e78b	https://ventusltd.github.io/solar-electrical-topology-analysis-engine-text-based/
49af79cd163b	https://globalgrid2050.com/
49b59bf728be	https://globalgrid2050.com/
49b6ab769faa	https://ventusltd.github.io/solar-electrical-topology-analysis-engine-text-based/
49b7da533518	https://globalgrid2050.com/
49bb38feec16	https://globalgrid2050.com/
49c4505f6dc8	https://globalgrid2050.com/
49cc56c82309	https://globalgrid2050.com/
49e2ba109580	https://globalgrid2050.com/
4a1eccbd3d6a	https://globalgrid2050.com/
4a22ebd6a8ec	https://ventusltd.github.io/solar-electrical-topology-analysis-engine-text-based/
4a283c05e85e	https://globalgrid2050.com/
4a348a1d409d	https://globalgrid2050.com/
4a368bf0bdac	https://globalgrid2050.com/
4a391ed6c111	https://globalgrid2050.com/
4a62719ef79c	https://globalgrid2050.com/
4a63a99ff877	https://globalgrid2050.com/
4a6a0f22a150	https://ventusltd.github.io/solar-electrical-topology-analysis-engine-text-based/
4a70ba169e8a	https://globalgrid2050.com/
4a73e1321ce1	https://globalgrid2050.com/
4a9e67a43966	https://globalgrid2050.com/
4aa5cce6e616	https://globalgrid2050.com/
4ab2123acf11	https://globalgrid2050.com/
4ab885f70c1c	https://globalgrid2050.com/
4ab9327de2f8	https://globalgrid2050.com/
4aba08b4b5b8	https://ventusltd.github.io/spiders/
4abcfc707603	https://globalgrid2050.com/
4ac18748ba48	https://ventusltd.github.io/solar-electrical-topology-analysis-engine-text-based/
4ad1a50b4132	https://globalgrid2050.com/
4aec1be8c313	https://globalgrid2050.com/
4af848c618f8	https://ventusltd.github.io/solar-electrical-topology-analysis-engine-text-based/
4b1641e0b044	https://ventusltd.github.io/gridatlas/
4b2f9b203064	https://globalgrid2050.com/
4b364dd20525	https://globalgrid2050.com/
4b4586aae719	https://globalgrid2050.com/
4b57649bfb3e	https://globalgrid2050.com/
4b6040e9dcf8	https://globalgrid2050.com/
4b69ae57029d	https://globalgrid2050.com/
4b6c94538c9f	https://globalgrid2050.com/
4b8800d62b91	https://globalgrid2050.com/
4b8e596998ed	https://globalgrid2050.com/
4b93e5ae8f62	https://globalgrid2050.com/
4b9f3e1fc180	https://globalgrid2050.com/
4ba0503e8859	https://globalgrid2050.com/
4bae697e880d	https://globalgrid2050.com/
4bb6f85a6ec6	https://globalgrid2050.com/
4bc6be231bfc	https://globalgrid2050.com/
4bd0ae8f0053	https://globalgrid2050.com/
4bd3058b3276	https://globalgrid2050.com/
4bd7dfc31267	https://ventusltd.github.io/globalgrid2050-homepage/
4be977ed6882	https://globalgrid2050.com/
4c0a5a04883c	https://globalgrid2050.com/
4c0f5845910b	https://globalgrid2050.com/
4c21bbbe7942	https://ventusltd.github.io/stars/
4c377c65c399	https://ventusltd.github.io/stars/
4c3dfff543f9	https://globalgrid2050.com/
4c3e30faab65	https://globalgrid2050.com/
4c3fa1c442d2	https://globalgrid2050.com/
4c621f5d58ce	https://ventusltd.github.io/globalgrid2050-hompage/
4c655a3fabaa	https://globalgrid2050.com/
4c6bfd000fc3	https://globalgrid2050.com/
4c71b0a0ffb7	https://ventusltd.github.io/solar-electrical-topology-analysis-engine-text-based/
4c763fe67d07	https://globalgrid2050.com/
4c7ad9898fb1	https://ventusltd.github.io/gridatlas/
4c8937317c78	https://globalgrid2050.com/
4c8a1b8280ca	https://globalgrid2050.com/
4c8c62eb42d9	https://globalgrid2050.com/
4ca560d02496	https://globalgrid2050.com/
4cba68ee5aee	https://globalgrid2050.com/
4cc8bf29f62c	https://ventusltd.github.io/stars/
4cc9246b3a99	https://globalgrid2050.com/
4ccbf301b739	https://ventusltd.github.io/solar-electrical-topology-analysis-engine-text-based/
4cd7b67df23e	https://globalgrid2050.com/
4ce13f0da010	https://globalgrid2050.com/
4cea2404ac2a	https://ventusltd.github.io/solar-electrical-topology-analysis-engine-text-based/
4cef31177590	https://globalgrid2050.com/
4cf0e19257bc	https://globalgrid2050.com/
4d05e2dd12f4	https://ventusltd.github.io/solar-electrical-topology-analysis-engine-text-based/
4d084a192387	https://globalgrid2050.com/
4d2056ac18e1	https://globalgrid2050.com/
4d23778caf45	https://globalgrid2050.com/
4d26bf9cd42a	https://globalgrid2050.com/
4d49374c381e	https://globalgrid2050.com/
4d4e54a5402a	https://ventusltd.github.io/gridatlas/
4d5195f889f1	https://ventusltd.github.io/stars/
4d5aa9bf3bf2	https://ventusltd.github.io/solar-electrical-topology-analysis-engine-text-based/
4d5d2053330d	https://globalgrid2050.com/
4d67bf811b18	https://globalgrid2050.com/
4d6d3d60e1e0	https://globalgrid2050.com/
4d6d9c2de378	https://globalgrid2050.com/
4d7781f59d1b	https://globalgrid2050.com/
4d7c6b7d0c8e	https://ventusltd.github.io/solar-electrical-topology-analysis-engine-text-based/
4d7e7d981ae9	https://globalgrid2050.com/
4d86d495a11c	https://globalgrid2050.com/
4d8eece0ceab	https://globalgrid2050.com/
4d9569f97f70	https://ventusltd.github.io/solar-electrical-topology-analysis-engine-text-based/
4d9f32c3cbc9	https://globalgrid2050.com/
4da115dcf123	https://ventusltd.github.io/solar-electrical-topology-analysis-engine-text-based/
4daaac20587e	https://globalgrid2050.com/
4dbfb8ef4cd5	https://globalgrid2050.com/
4dc642627c7e	https://ventusltd.github.io/solar-electrical-topology-analysis-engine-text-based/
4ddc2eedf378	https://globalgrid2050.com/
4ddd03b1c383	https://globalgrid2050.com/
4de665e5b0fb	https://ventusltd.github.io/solar-electrical-topology-analysis-engine-text-based/
4df3c1ba5701	https://globalgrid2050.com/
4e25c4942ee8	https://globalgrid2050.com/
4e2bd403b099	https://globalgrid2050.com/
4e3fbe5c9e1c	https://ventusltd.github.io/gridatlas/
4e42c911f842	https://globalgrid2050.com/
4e46cf317160	https://globalgrid2050.com/
4e482787f3ff	https://globalgrid2050.com/
4e554fe8fb01	https://globalgrid2050.com/
4e82e3b7cf36	https://globalgrid2050.com/
4e84868f9098	https://globalgrid2050.com/
4e8d2b721eb3	https://globalgrid2050.com/
4eb697c65797	https://globalgrid2050.com/
4ec3a3d4de47	https://ventusltd.github.io/stars/
4ed49c97aac2	https://globalgrid2050.com/
4ed655666a8a	https://globalgrid2050.com/
4edfd0078795	https://globalgrid2050.com/
4ee1db109297	https://ventusltd.github.io/globalgrid2050-hompage/
4ef6e87a3643	https://globalgrid2050.com/
4f3685b3dc8c	https://globalgrid2050.com/
4f3e2395acbf	https://ventusltd.github.io/solar-electrical-topology-analysis-engine-text-based/
4f3e8fc5c7ea	https://ventusltd.github.io/gridatlas/
4f44cd74946a	https://globalgrid2050.com/
4f554fa7522a	https://ventusltd.github.io/stars/
4f60a400de54	https://globalgrid2050.com/
4f69d4e867c1	https://globalgrid2050.com/
4f7dc6eae1ab	https://globalgrid2050.com/
4f85144f37ba	https://globalgrid2050.com/
4f95c5d6e694	https://globalgrid2050.com/
4fa646b9c06f	https://globalgrid2050.com/
4fbc2163de93	https://globalgrid2050.com/
4fc0bcea197f	https://globalgrid2050.com/
4fc157c3a8a8	https://globalgrid2050.com/
4fc518b79baa	https://globalgrid2050.com/
4fc7a3ef196e	https://globalgrid2050.com/
4ffcced5b853	https://ventusltd.github.io/kuiper-belt/
5001e949a701	https://ventusltd.github.io/solar-electrical-topology-analysis-engine-text-based/
50092b3a34e8	https://globalgrid2050.com/
501d5cdea325	https://globalgrid2050.com/
5030f1e963e1	https://globalgrid2050.com/
5038c096d77d	https://globalgrid2050.com/
5040330bc26a	https://globalgrid2050.com/
50479a4c03e1	https://ventusltd.github.io/solar-electrical-topology-analysis-engine-text-based/
5050cf31c079	https://globalgrid2050.com/
505c19205c7f	https://globalgrid2050.com/
506629d1fa42	https://ventusltd.github.io/solar-electrical-topology-analysis-engine-text-based/
506f65085fe5	https://globalgrid2050.com/
50752825370e	https://globalgrid2050.com/
50883769dd59	https://ventusltd.github.io/stars/
50a3f8d3de2c	https://globalgrid2050.com/
50a6a43bb5df	https://globalgrid2050.com/
50a6cc35a7bb	https://globalgrid2050.com/
50bd93efb46f	https://ventusltd.github.io/solar-electrical-topology-analysis-engine-text-based/
50befb7c5182	https://globalgrid2050.com/
50c1181dc9c7	https://ventusltd.github.io/gridatlas/
50c5276802ee	https://globalgrid2050.com/
50d44ccf5102	https://globalgrid2050.com/
50e4ed1d796c	https://globalgrid2050.com/
50f83b62599b	https://globalgrid2050.com/
5107e6541f1c	https://globalgrid2050.com/
510b52cc210c	https://globalgrid2050.com/
512c9a0eff66	https://globalgrid2050.com/
513bb0e0fdfd	https://globalgrid2050.com/
514e170ee13b	https://globalgrid2050.com/
514fce2f3605	https://ventusltd.github.io/gridatlas/
518240092ba0	https://globalgrid2050.com/
51909e92cd56	https://globalgrid2050.com/
5194721b6e7d	https://globalgrid2050.com/
5199ab47e3f5	https://globalgrid2050.com/
51a66554c445	https://globalgrid2050.com/
51b4f4263a0e	https://globalgrid2050.com/
51e15ea872ec	https://globalgrid2050.com/
51e373879785	https://ventusltd.github.io/globalgrid2050-hompage/
51e9c6eb0880	https://globalgrid2050.com/
51f84c3c0740	https://ventusltd.github.io/globalgrid2050-hompage/
51fca0b29392	https://ventusltd.github.io/gridatlas/
5211a891ddf1	https://ventusltd.github.io/code-generator/
521997225538	https://globalgrid2050.com/
521a1dd2976a	https://globalgrid2050.com/
522135081c5b	https://globalgrid2050.com/
522193d546d6	https://globalgrid2050.com/
526bad25f111	https://ventusltd.github.io/gridatlas/
529085eaca73	https://ventusltd.github.io/solar-electrical-topology-analysis-engine-text-based/
52952b177153	https://globalgrid2050.com/
5295bf8edbaa	https://globalgrid2050.com/
5296d842cb9f	https://globalgrid2050.com/
5298782dd5f9	https://globalgrid2050.com/
52acf4ad9fa9	https://globalgrid2050.com/
52b574a25f5b	https://ventusltd.github.io/stars/
52bb3c2de457	https://globalgrid2050.com/
52cc51b512c5	https://ventusltd.github.io/solar-electrical-topology-analysis-engine-text-based/
53025b639eab	https://globalgrid2050.com/
531370b9fb15	https://globalgrid2050.com/
531772a9b326	https://globalgrid2050.com/
532f483fc8b3	https://globalgrid2050.com/
5332ad175bb8	https://globalgrid2050.com/
5338506fa0ae	https://globalgrid2050.com/
533b279b3699	https://globalgrid2050.com/
533f3c85391b	https://globalgrid2050.com/
534a2c8a39fd	https://globalgrid2050.com/
534fd13a684c	https://globalgrid2050.com/
5352687260d0	https://globalgrid2050.com/
5353534865f8	https://ventusltd.github.io/solar-electrical-topology-analysis-engine-text-based/
53568c063282	https://globalgrid2050.com/
536028d2ba18	https://ventusltd.github.io/solar-electrical-topology-analysis-engine-text-based/
53668e6eea1d	https://globalgrid2050.com/
53724bd130be	https://globalgrid2050.com/
537914fd5086	https://ventusltd.github.io/gridatlas/
537a91df5461	https://ventusltd.github.io/gridatlas/
5380548a6b76	https://globalgrid2050.com/
53822bf8cd97	https://globalgrid2050.com/
539be7155bb9	https://globalgrid2050.com/
539d3dd15a17	https://globalgrid2050.com/
53aac11ba661	https://globalgrid2050.com/
53b105b56d97	https://globalgrid2050.com/
53b6d34b881b	https://ventusltd.github.io/ventus-grid-engine/
53b75c58cf7a	https://globalgrid2050.com/
53cc07e60692	https://globalgrid2050.com/
53e0f2c79613	https://globalgrid2050.com/
53f21325e0ca	https://ventusltd.github.io/solar-electrical-topology-analysis-engine-text-based/
540d60467d4d	https://globalgrid2050.com/
541782a035c0	https://globalgrid2050.com/
542000c83bba	https://globalgrid2050.com/
5420c9170047	https://globalgrid2050.com/
5421c4f0b472	https://ventusltd.github.io/kuiper-belt/
543bc1e33c64	https://globalgrid2050.com/
543dc75f0cc2	https://ventusltd.github.io/solar-electrical-topology-analysis-engine-text-based/
5442cfa8aa4a	https://ventusltd.github.io/solar-electrical-topology-analysis-engine-text-based/
54442eb02548	https://globalgrid2050.com/
544f09ba96d2	https://globalgrid2050.com/
5462993b53bd	https://globalgrid2050.com/
547ea73db4ab	https://globalgrid2050.com/
54824e9d8465	https://globalgrid2050.com/
5491bf75026a	https://ventusltd.github.io/youengineer-code-review/
549bbe22cbcc	https://globalgrid2050.com/
54addc94c541	https://globalgrid2050.com/
54bd72f97d6f	https://ventusltd.github.io/code-generator/
54c4d5516e5c	https://globalgrid2050.com/
54f2324c4fa3	https://globalgrid2050.com/
54ffed8d29d7	https://ventusltd.github.io/solar-electrical-topology-analysis-engine-text-based/
55083d76c8fd	https://globalgrid2050.com/
550c32c06034	https://globalgrid2050.com/
5510625bce85	https://globalgrid2050.com/
551cbb2c0e9d	https://globalgrid2050.com/
551ee029a503	https://globalgrid2050.com/
5522f9e6ae06	https://ventusltd.github.io/spiders/
55342e3e5968	https://globalgrid2050.com/
55356c55e6e9	https://globalgrid2050.com/
5539998a2791	https://globalgrid2050.com/
55405a8002c2	https://globalgrid2050.com/
5556000c46e1	https://ventusltd.github.io/gridatlas/
55584188157a	https://ventusltd.github.io/gridatlas/
557287f8018e	https://ventusltd.github.io/solar-electrical-topology-analysis-engine-text-based/
5575e70a2820	https://ventusltd.github.io/spiders/
557c98049aed	https://globalgrid2050.com/
5584e0b4b923	https://globalgrid2050.com/
5592414401a5	https://globalgrid2050.com/
55a1d238e7dd	https://globalgrid2050.com/
55a857571541	https://globalgrid2050.com/
55ac377b6fbd	https://globalgrid2050.com/
55ae91247ca0	https://globalgrid2050.com/
55b8eae2411b	https://globalgrid2050.com/
55c3a9086a62	https://globalgrid2050.com/
55e33c7108c2	https://globalgrid2050.com/
55ebff281298	https://globalgrid2050.com/
55fd7f557aca	https://globalgrid2050.com/
561222a5be8c	https://globalgrid2050.com/
5616e8ec817b	https://ventusltd.github.io/spiders/
5622cd91016d	https://globalgrid2050.com/
5625eceec0a1	https://globalgrid2050.com/
562b58606004	https://globalgrid2050.com/
563483a587fe	https://globalgrid2050.com/
5634e5c11d41	https://ventusltd.github.io/ventus-grid-engine/
56421ae34f08	https://globalgrid2050.com/
5671d92cda23	https://globalgrid2050.com/
569b5b96571e	https://globalgrid2050.com/
56ad82ac87e5	https://globalgrid2050.com/
56c3e4a81ee9	https://globalgrid2050.com/
56c61b3958db	https://ventusltd.github.io/registry_of_all_content_in_repos_and_dependencies/
56cbcc8bebc1	https://ventusltd.github.io/solar-electrical-topology-analysis-engine-text-based/
56cde5a34b10	https://globalgrid2050.com/
56d9fc5daf15	https://globalgrid2050.com/
56da1c2e564f	https://globalgrid2050.com/
56e0f05ee410	https://globalgrid2050.com/
56e12e4dc442	https://ventusltd.github.io/galaxies-wafers/
56f5096c5797	https://globalgrid2050.com/
57011530a666	https://ventusltd.github.io/solar-electrical-topology-analysis-engine-text-based/
5704d6e4c74d	https://ventusltd.github.io/solar-electrical-topology-analysis-engine-text-based/
570c78c7a4ca	https://globalgrid2050.com/
5712290441f2	https://globalgrid2050.com/
571cba1076c8	https://ventusltd.github.io/galaxies-wafers/
57207ed6b02f	https://globalgrid2050.com/
5724f2e86f2e	https://globalgrid2050.com/
573dde29c66d	https://ventusltd.github.io/solar-electrical-topology-analysis-engine-text-based/
57400858ee9b	https://globalgrid2050.com/
5744aeb3b16e	https://ventusltd.github.io/kuiper-belt/
575ca36b0ab7	https://globalgrid2050.com/
575f7e9b2db0	https://globalgrid2050.com/
577f0da6e392	https://globalgrid2050.com/
578f15c9f08d	https://ventusltd.github.io/spiders/
579af27ab673	https://globalgrid2050.com/
57a3e3c3ba33	https://globalgrid2050.com/
57a54047c46e	https://globalgrid2050.com/
57ae10ea01a2	https://globalgrid2050.com/
57aeaba762c2	https://globalgrid2050.com/
57b561a86224	https://globalgrid2050.com/
57c8aaea1957	https://globalgrid2050.com/
57d83995a868	https://globalgrid2050.com/
57db23de9436	https://globalgrid2050.com/
57ea3e834968	https://ventusltd.github.io/solar-electrical-topology-analysis-engine-text-based/
57f187926e52	https://globalgrid2050.com/
5811f5f23304	https://globalgrid2050.com/
5819ac288a46	https://globalgrid2050.com/
5819ffca9bab	https://ventusltd.github.io/gridatlas/
58211acf6499	https://globalgrid2050.com/
582132dedbb5	https://globalgrid2050.com/
5828660cda86	https://globalgrid2050.com/
58328c6b9b10	https://ventusltd.github.io/stars/
58517f75a48e	https://globalgrid2050.com/
58529c7e6d19	https://globalgrid2050.com/
585c1784c5a8	https://globalgrid2050.com/
5864498d3dc7	https://ventusltd.github.io/gb-electricity-ui/
5879ebc11330	https://ventusltd.github.io/stars/
587b7bc54e2b	https://globalgrid2050.com/
587dc8cdf569	https://globalgrid2050.com/
58834316a178	https://globalgrid2050.com/
588d851a7ee0	https://ventusltd.github.io/solar-electrical-topology-analysis-engine-text-based/
58967ae4cad0	https://globalgrid2050.com/
5898161810e4	https://ventusltd.github.io/gridatlas/
589bee2e9d68	https://ventusltd.github.io/solar-electrical-topology-analysis-engine-text-based/
58b1427c3e10	https://globalgrid2050.com/
58b27286027e	https://globalgrid2050.com/
58b6e0f6b9e6	https://globalgrid2050.com/
58b8d125fb69	https://ventusltd.github.io/stars/
58baace1df19	https://ventusltd.github.io/data_uk_dno_and_tso/
58f3d84fe5db	https://globalgrid2050.com/
5903b4c2ef76	https://ventusltd.github.io/solar-electrical-topology-analysis-engine-text-based/
5904f0889b30	https://ventusltd.github.io/solar-electrical-topology-analysis-engine-text-based/
5910d9e72528	https://globalgrid2050.com/
5912bc58932c	https://globalgrid2050.com/
591a9847fa3d	https://ventusltd.github.io/solar-electrical-topology-analysis-engine-text-based/
5921d36989b4	https://globalgrid2050.com/
592572516a45	https://globalgrid2050.com/
5938dc30d0d7	https://globalgrid2050.com/
593da28b24b8	https://globalgrid2050.com/
593f696174cf	https://globalgrid2050.com/
5943c79ea9b1	https://globalgrid2050.com/
59459677a5ec	https://globalgrid2050.com/
59660fd68dee	https://globalgrid2050.com/
5998385edf84	https://globalgrid2050.com/
599d02ed1565	https://globalgrid2050.com/
59b5336ba87d	https://globalgrid2050.com/
59b5a84fe1b1	https://globalgrid2050.com/
59ba6bcf40c6	https://globalgrid2050.com/
59df41884d9a	https://globalgrid2050.com/
5a0d4ad20d3c	https://globalgrid2050.com/
5a2000fdac1c	https://globalgrid2050.com/
5a3c4eee00e6	https://globalgrid2050.com/
5a457ca8c775	https://globalgrid2050.com/
5a5a6ff51fec	https://globalgrid2050.com/
5a5e4339ab35	https://ventusltd.github.io/solar-electrical-topology-analysis-engine-text-based/
5a63635bfc5b	https://globalgrid2050.com/
5a659e5f354c	https://globalgrid2050.com/
5a8e4ab3aae1	https://globalgrid2050.com/
5a8f6f6f3309	https://ventusltd.github.io/stars/
5a96cfb0096e	https://globalgrid2050.com/
5a9a7cd89908	https://globalgrid2050.com/
5aa20ca81993	https://globalgrid2050.com/
5aab87625eb2	https://globalgrid2050.com/
5ab3525beb7d	https://globalgrid2050.com/
5ad56d93be2f	https://globalgrid2050.com/
5ad723661e94	https://globalgrid2050.com/
5af13a1fccf3	https://globalgrid2050.com/
5af4917391df	https://ventusltd.github.io/spiders/
5af838cb5b30	https://globalgrid2050.com/
5b05db12be06	https://globalgrid2050.com/
5b1bc71ae8e0	https://globalgrid2050.com/
5b208423ef98	https://globalgrid2050.com/
5b2df96fab31	https://globalgrid2050.com/
5b4533914bb2	https://ventusltd.github.io/gb-electricity-ui/
5b58ea8cfa88	https://globalgrid2050.com/
5b685f45c30b	https://globalgrid2050.com/
5b7b570d7f2a	https://ventusltd.github.io/gridatlas/
5ba019669888	https://ventusltd.github.io/solar-electrical-topology-analysis-engine-text-based/
5ba40651c46b	https://globalgrid2050.com/
5bba15df8bcf	https://globalgrid2050.com/
5bcacc1544ee	https://globalgrid2050.com/
5bd0d3cce433	https://globalgrid2050.com/
5be33458917a	https://globalgrid2050.com/
5be5240cc644	https://ventusltd.github.io/galaxies-wafers/
5c07c2a9ce2c	https://globalgrid2050.com/
5c0a95251b81	https://globalgrid2050.com/
5c0bfeb4bbb0	https://globalgrid2050.com/
5c4aac8dbfff	https://globalgrid2050.com/
5c5f0fdda4cd	https://globalgrid2050.com/
5c72763e7d8f	https://globalgrid2050.com/
5c752735f89b	https://globalgrid2050.com/
5c8e1fa65237	https://ventusltd.github.io/gridatlas/
5c92255442fb	https://globalgrid2050.com/
5c9586538f81	https://globalgrid2050.com/
5c97f34eef0d	https://ventusltd.github.io/gridatlas/
5ca53fd890de	https://globalgrid2050.com/
5caf1406e9ee	https://globalgrid2050.com/
5cd7a00fc680	https://ventusltd.github.io/globalgrid2050-hompage/
5ceb6c8d51c3	https://globalgrid2050.com/
5cf0077c43de	https://globalgrid2050.com/
5cf1ac9fadb8	https://globalgrid2050.com/
5cf2959363a1	https://globalgrid2050.com/
5d0000add7d5	https://ventusltd.github.io/gridatlas/
5d1412f12bf5	https://globalgrid2050.com/
5d1725b5594b	https://ventusltd.github.io/spiders/
5d1ba3ebcb1d	https://globalgrid2050.com/
5d3d6fd947fd	https://globalgrid2050.com/
5d444ee35719	https://globalgrid2050.com/
5d462a23302e	https://globalgrid2050.com/
5d46a1b0b422	https://globalgrid2050.com/
5d491d80804b	https://ventusltd.github.io/stars/
5d5b58a46c7d	https://globalgrid2050.com/
5d694bd981de	https://globalgrid2050.com/
5d9eda3f3e02	https://ventusltd.github.io/solar-electrical-topology-analysis-engine-text-based/
5dcf32c3084d	https://ventusltd.github.io/spiders/
5dd645bd4da9	https://globalgrid2050.com/
5dd874ec4b17	https://ventusltd.github.io/solar-electrical-topology-analysis-engine-text-based/
5dfa2534c802	https://globalgrid2050.com/
5dffc698265d	https://globalgrid2050.com/
5e009e462401	https://globalgrid2050.com/
5e0c024e650f	https://globalgrid2050.com/
5e16ffe0acca	https://ventusltd.github.io/solar-electrical-topology-analysis-engine-text-based/
5e218e9e55d2	https://globalgrid2050.com/
5e21e216569a	https://globalgrid2050.com/
5e234e1069e7	https://globalgrid2050.com/
5e2b9fa59f3c	https://globalgrid2050.com/
5e454d930f52	https://globalgrid2050.com/
5e5c9af33d0e	https://globalgrid2050.com/
5e834cf3aa67	https://ventusltd.github.io/solar-electrical-topology-analysis-engine-text-based/
5e8e7219a1a0	https://globalgrid2050.com/
5e98212533bf	https://ventusltd.github.io/gridatlas/
5e9d2380f685	https://ventusltd.github.io/solar-electrical-topology-analysis-engine-text-based/
5ea3daa174bb	https://ventusltd.github.io/ventus-grid-engine/
5ec21c89ee41	https://ventusltd.github.io/gridatlas/
5ec40cd93842	https://globalgrid2050.com/
5ec4a1196063	https://globalgrid2050.com/
5ec73f25e671	https://globalgrid2050.com/
5eca0643799f	https://globalgrid2050.com/
5ed24cbb3731	https://globalgrid2050.com/
5ed441256c44	https://ventusltd.github.io/stars/
5ede7b500db2	https://ventusltd.github.io/solar-electrical-topology-analysis-engine-text-based/
5eeb41661d99	https://globalgrid2050.com/
5efdc5ef493b	https://globalgrid2050.com/
5f06dddee2e2	https://globalgrid2050.com/
5f0c025e2722	https://globalgrid2050.com/
5f13ee1bb2a3	https://globalgrid2050.com/
5f2893a17d51	https://globalgrid2050.com/
5f2a5d5eb0e8	https://ventusltd.github.io/stars/
5f5b16b49067	https://ventusltd.github.io/solar-electrical-topology-analysis-engine-text-based/
5f5eee11405d	https://globalgrid2050.com/
5f67753eda90	https://globalgrid2050.com/
5f8736e33d60	https://globalgrid2050.com/
5f95596249af	https://globalgrid2050.com/
5fab7e32a553	https://ventusltd.github.io/ventus-grid-engine/
5fadc002d61f	https://globalgrid2050.com/
5fafd392a0e8	https://globalgrid2050.com/
5fb0bc2cf15c	https://globalgrid2050.com/
5fb5e13de6d0	https://ventusltd.github.io/ventus-grid-engine/
5fc7f5733ec1	https://globalgrid2050.com/
5fc9f2434a51	https://globalgrid2050.com/
5fcda270d0e0	https://globalgrid2050.com/
5fd05420468d	https://globalgrid2050.com/
5fe9eb338e90	https://globalgrid2050.com/
5fed77db528c	https://globalgrid2050.com/
5ffb05481a3f	https://ventusltd.github.io/stars/
5ffcfac5e897	https://globalgrid2050.com/
600525dbfbb5	https://ventusltd.github.io/gridatlas/
6008ad7f575e	https://ventusltd.github.io/solar-electrical-topology-analysis-engine-text-based/
600bb7fd4eb6	https://globalgrid2050.com/
600fec26c0d6	https://globalgrid2050.com/
601865ac6823	https://globalgrid2050.com/
601b02e66efa	https://ventusltd.github.io/globalgrid2050-hompage/
6034a167a973	https://globalgrid2050.com/
606adc118016	https://globalgrid2050.com/
6071205f60c7	https://globalgrid2050.com/
609e575188e5	https://globalgrid2050.com/
60a1d7de6346	https://globalgrid2050.com/
60afbce9ce58	https://globalgrid2050.com/
60ceb68b6f0e	https://globalgrid2050.com/
60d2c83400d0	https://ventusltd.github.io/stars/
60d8f139abb0	https://ventusltd.github.io/solar-electrical-topology-analysis-engine-text-based/
60dd479645ec	https://ventusltd.github.io/solar-electrical-topology-analysis-engine-text-based/
60e0fb38a011	https://globalgrid2050.com/
60f2d7e823b1	https://globalgrid2050.com/
60f8884121f2	https://ventusltd.github.io/solar-electrical-topology-analysis-engine-text-based/
61194f32bf45	https://globalgrid2050.com/
6125149b8ad3	https://ventusltd.github.io/ventus-grid-engine/
6128e2f9ad2b	https://ventusltd.github.io/stars/
615278e4b97a	https://globalgrid2050.com/
615bf80008c9	https://ventusltd.github.io/gridatlas/
615fdf71edc5	https://globalgrid2050.com/
61626f7d1bcc	https://globalgrid2050.com/
61627b8e11c6	https://globalgrid2050.com/
616c22722a9d	https://globalgrid2050.com/
61868652405c	https://ventusltd.github.io/solar-electrical-topology-analysis-engine-text-based/
61895155c67b	https://ventusltd.github.io/grid-dictionary/
619ef7da89d9	https://globalgrid2050.com/
61b9e05352c4	https://globalgrid2050.com/
61c47b142ef6	https://ventusltd.github.io/data_uk_dno_and_tso/
61d546b277ac	https://globalgrid2050.com/
61dc79896a06	https://ventusltd.github.io/solar-electrical-topology-analysis-engine-text-based/
6212a48c4c79	https://globalgrid2050.com/
62233b862eba	https://globalgrid2050.com/
62269fefd912	https://ventusltd.github.io/ventus-grid-engine/
62293eef2cf3	https://ventusltd.github.io/gb-electricity-ui/
622f0966d89c	https://globalgrid2050.com/
622f5d5acc99	https://globalgrid2050.com/
6237b20985f6	https://ventusltd.github.io/gridatlas/
6273551cf1bf	https://globalgrid2050.com/
6286cd96c404	https://globalgrid2050.com/
62874ba728af	https://globalgrid2050.com/
629dfece7191	https://ventusltd.github.io/solar-electrical-topology-analysis-engine-text-based/
62b8ab414b7c	https://globalgrid2050.com/
62c906852073	https://globalgrid2050.com/
62ccd3274a96	https://globalgrid2050.com/
6304a75ecaca	https://globalgrid2050.com/
6304dfbbe7f4	https://ventusltd.github.io/stars/
63070b47a661	https://globalgrid2050.com/
630cd699b213	https://globalgrid2050.com/
630fd5c58de7	https://globalgrid2050.com/
631daaa621ad	https://globalgrid2050.com/
631f62e939ac	https://ventusltd.github.io/spiders/
632f8bcd4c63	https://globalgrid2050.com/
6332d008d6c9	https://globalgrid2050.com/
634e2b74b3a1	https://globalgrid2050.com/
63587007edd7	https://ventusltd.github.io/stars/
636c69ff0650	https://ventusltd.github.io/solar-electrical-topology-analysis-engine-text-based/
63776611d635	https://globalgrid2050.com/
63899679c1d4	https://globalgrid2050.com/
63a32976e2bc	https://globalgrid2050.com/
63ab7ee3e677	https://globalgrid2050.com/
63bb92990aca	https://ventusltd.github.io/solar-electrical-topology-analysis-engine-text-based/
63c05754af2e	https://globalgrid2050.com/
63c2aadd1912	https://ventusltd.github.io/gridatlas/
63ca2a570de7	https://ventusltd.github.io/solar-electrical-topology-analysis-engine-text-based/
63fef7d5ed09	https://globalgrid2050.com/
640b7391a8ef	https://ventusltd.github.io/solar-electrical-topology-analysis-engine-text-based/
641088bf168f	https://globalgrid2050.com/
6410a1262db1	https://ventusltd.github.io/registry_of_all_content_in_repos_and_dependencies/
6413dbb76955	https://globalgrid2050.com/
6420ea70f301	https://ventusltd.github.io/globalgrid2050-hompage/
642bdb01d687	https://globalgrid2050.com/
6430105ae3f4	https://globalgrid2050.com/
645217eb5de0	https://globalgrid2050.com/
646c7e430bd9	https://ventusltd.github.io/stars/
646ccdfd8f9e	https://globalgrid2050.com/
6472d55698ce	https://globalgrid2050.com/
648095080eb6	https://globalgrid2050.com/
648493fef129	https://ventusltd.github.io/gridatlas/
648ecd787e59	https://globalgrid2050.com/
649a6559aa8e	https://globalgrid2050.com/
649b3036b2df	https://globalgrid2050.com/
649b9795e031	https://ventusltd.github.io/solar-electrical-topology-analysis-engine-text-based/
64cd5815ff02	https://ventusltd.github.io/stars/
64d14d24b791	https://globalgrid2050.com/
65018535a57f	https://globalgrid2050.com/
6511b041dbda	https://globalgrid2050.com/
6514865cbcc3	https://ventusltd.github.io/stars/
651d15756b83	https://globalgrid2050.com/
651e4e28ff49	https://globalgrid2050.com/
651ed627507d	https://globalgrid2050.com/
65247e0e2834	https://ventusltd.github.io/stars/
652bd33c38e4	https://globalgrid2050.com/
653429b8410b	https://globalgrid2050.com/
654277529053	https://globalgrid2050.com/
654e74bcf26a	https://globalgrid2050.com/
65536234e8e5	https://globalgrid2050.com/
655b290d1e7c	https://globalgrid2050.com/
655e2bc9a0d5	https://globalgrid2050.com/
65777ba63c44	https://ventusltd.github.io/solar-electrical-topology-analysis-engine-text-based/
657c2d74f898	https://ventusltd.github.io/globalgrid2050-hompage/
657c3e1e249b	https://globalgrid2050.com/
657fa6ef1c8c	https://ventusltd.github.io/solar-electrical-topology-analysis-engine-text-based/
658feeb797a7	https://ventusltd.github.io/stars/
65a506f770fc	https://globalgrid2050.com/
65acb31c198b	https://ventusltd.github.io/stars/
65b20435a49c	https://globalgrid2050.com/
65b4abc470b6	https://globalgrid2050.com/
65bf947b70f6	https://ventusltd.github.io/gridatlas/
65c2a057ec82	https://globalgrid2050.com/
65d6d6b254ef	https://ventusltd.github.io/solar-electrical-topology-analysis-engine-text-based/
65dd73156c9d	https://globalgrid2050.com/
65fb5480436e	https://globalgrid2050.com/
661e758d1ab8	https://globalgrid2050.com/
661ec25c6a68	https://ventusltd.github.io/solar-electrical-topology-analysis-engine-text-based/
66217a84f0a7	https://globalgrid2050.com/
66331939d30d	https://globalgrid2050.com/
6649d65899cd	https://globalgrid2050.com/
666feed3087f	https://globalgrid2050.com/
6680655757c2	https://globalgrid2050.com/
668442f5eecd	https://globalgrid2050.com/
66abd01418ff	https://globalgrid2050.com/
66b99a470161	https://globalgrid2050.com/
66be8b62062d	https://ventusltd.github.io/gridatlas/
66c748bf1d9d	https://ventusltd.github.io/solar-electrical-topology-analysis-engine-text-based/
66d533dfe01e	https://globalgrid2050.com/
66dca16ccf59	https://globalgrid2050.com/
66fcd0d0b99f	https://globalgrid2050.com/
67190bda326f	https://globalgrid2050.com/
671a5771694c	https://globalgrid2050.com/
671e45e6894d	https://ventusltd.github.io/solar-electrical-topology-analysis-engine-text-based/
672873ba0692	https://globalgrid2050.com/
6729a196b72c	https://globalgrid2050.com/
6733c3a138b8	https://ventusltd.github.io/solar-electrical-topology-analysis-engine-text-based/
6739fc555c0f	https://globalgrid2050.com/
673d0abd5e16	https://ventusltd.github.io/gridatlas/
6741a0380760	https://globalgrid2050.com/
67434e0de14c	https://globalgrid2050.com/
675f8181f20e	https://ventusltd.github.io/solar-electrical-topology-analysis-engine-text-based/
6786100c8d17	https://globalgrid2050.com/
6789aa25b530	https://globalgrid2050.com/
678fd336be44	https://ventusltd.github.io/solar-electrical-topology-analysis-engine-text-based/
67b7c46baa73	https://globalgrid2050.com/
67be1d2eca3b	https://ventusltd.github.io/solar-electrical-topology-analysis-engine-text-based/
67c19168aa67	https://ventusltd.github.io/ventus-grid-engine/
67e29c8fc220	https://globalgrid2050.com/
67e387d41ad1	https://globalgrid2050.com/
67ebd9892d30	https://globalgrid2050.com/
67f843261901	https://ventusltd.github.io/gridatlas/
67fa320cf29d	https://globalgrid2050.com/
67fb5a2e72dd	https://ventusltd.github.io/solar-electrical-topology-analysis-engine-text-based/
6800a55f3fd4	https://globalgrid2050.com/
6802dac6a283	https://globalgrid2050.com/
68081e97fa6d	https://globalgrid2050.com/
681767c4d36b	https://globalgrid2050.com/
68192958cb49	https://globalgrid2050.com/
6826f9424204	https://globalgrid2050.com/
682f1c8ae805	https://globalgrid2050.com/
6833608d4cc9	https://ventusltd.github.io/solar-electrical-topology-analysis-engine-text-based/
683a5bb791cc	https://globalgrid2050.com/
683e03bc53e4	https://globalgrid2050.com/
684923e2817e	https://globalgrid2050.com/
68504930041f	https://globalgrid2050.com/
685335bf07d9	https://globalgrid2050.com/
685a84bc5cdc	https://globalgrid2050.com/
6869631c6c1e	https://globalgrid2050.com/
686f3ac8788a	https://globalgrid2050.com/
687702da3bea	https://globalgrid2050.com/
688d7cb78bb1	https://globalgrid2050.com/
68996e52ab5e	https://globalgrid2050.com/
6899f666f0c7	https://ventusltd.github.io/solar-electrical-topology-analysis-engine-text-based/
68a50486f996	https://ventusltd.github.io/solar-electrical-topology-analysis-engine-text-based/
68af38033a4a	https://globalgrid2050.com/
68b6b20ef4d9	https://globalgrid2050.com/
68c973443496	https://globalgrid2050.com/
68d58372b67b	https://globalgrid2050.com/
68e4abe83354	https://ventusltd.github.io/solar-electrical-topology-analysis-engine-text-based/
68ec84fc244e	https://ventusltd.github.io/ventus-grid-engine/
68f12567cf84	https://ventusltd.github.io/stars/
68fc1503f969	https://globalgrid2050.com/
690209e43074	https://ventusltd.github.io/stars/
690777cb4880	https://ventusltd.github.io/gridatlas/
6923816e47f0	https://ventusltd.github.io/registry_of_all_content_in_repos_and_dependencies/
6928cffdc342	https://globalgrid2050.com/
69345b862a62	https://globalgrid2050.com/
6949e72dadac	https://globalgrid2050.com/
694bb919c3e2	https://ventusltd.github.io/globalgrid2050-hompage/
694f0108b03f	https://globalgrid2050.com/
6972a609cc77	https://ventusltd.github.io/solar-electrical-topology-analysis-engine-text-based/
699cab31db5b	https://globalgrid2050.com/
69b567d6a82e	https://globalgrid2050.com/
69b58db546d7	https://globalgrid2050.com/
69bc449ebc0f	https://globalgrid2050.com/
69ce9ef29c01	https://globalgrid2050.com/
69cee58ded6e	https://globalgrid2050.com/
69eec1d4d49c	https://globalgrid2050.com/
6a0441a7e635	https://globalgrid2050.com/
6a0d76d73c81	https://globalgrid2050.com/
6a145285c756	https://globalgrid2050.com/
6a28a53f7d86	https://globalgrid2050.com/
6a40e49278d9	https://globalgrid2050.com/
6a41d00eeffb	https://ventusltd.github.io/kuiper-belt/
6a598d4fc152	https://globalgrid2050.com/
6a648a90414a	https://globalgrid2050.com/
6a6c0ba24740	https://ventusltd.github.io/spiders/
6a7803d3b6cf	https://ventusltd.github.io/stars/
6a887da6b38e	https://ventusltd.github.io/stars/
6a9863f774c3	https://globalgrid2050.com/
6ac6de9f7f44	https://ventusltd.github.io/stars/
6ac751683104	https://globalgrid2050.com/
6ad51f18208b	https://globalgrid2050.com/
6adac36450b3	https://globalgrid2050.com/
6adb922ca177	https://ventusltd.github.io/solar-electrical-topology-analysis-engine-text-based/
6aea91085b8f	https://ventusltd.github.io/solar-electrical-topology-analysis-engine-text-based/
6af0de293471	https://globalgrid2050.com/
6afd5dea7216	https://globalgrid2050.com/
6b086513bf7d	https://ventusltd.github.io/data_uk_dno_and_tso/
6b0e6da61013	https://globalgrid2050.com/
6b18abb20b48	https://ventusltd.github.io/stars/
6b30bdf4f01d	https://globalgrid2050.com/
6b3a2cbfd990	https://globalgrid2050.com/
6b3b3e069672	https://globalgrid2050.com/
6b4303b99be7	https://globalgrid2050.com/
6b44b6b5652d	https://globalgrid2050.com/
6b45dc216c02	https://globalgrid2050.com/
6b4d145974a1	https://globalgrid2050.com/
6b58ed12bb58	https://ventusltd.github.io/solar-electrical-topology-analysis-engine-text-based/
6b632fb239fa	https://globalgrid2050.com/
6b63e17895c5	https://globalgrid2050.com/
6b6af3c24898	https://ventusltd.github.io/spiders/
6b7875b42fd9	https://globalgrid2050.com/
6b7d68172118	https://ventusltd.github.io/gridatlas/
6b8c93aff936	https://globalgrid2050.com/
6b920cf587c1	https://ventusltd.github.io/gridatlas/
6b95f6e364c5	https://globalgrid2050.com/
6b973929b658	https://globalgrid2050.com/
6ba3571d2eca	https://globalgrid2050.com/
6bb0ccd0d8e2	https://globalgrid2050.com/
6bb0e2cdba7f	https://globalgrid2050.com/
6bb12ac25041	https://globalgrid2050.com/
6bb34a6268db	https://globalgrid2050.com/
6bbaaea9f4ca	https://globalgrid2050.com/
6bbceb4251c0	https://globalgrid2050.com/
6bc7b019f525	https://globalgrid2050.com/
6bcca43107fd	https://ventusltd.github.io/solar-electrical-topology-analysis-engine-text-based/
6bccb2578e47	https://globalgrid2050.com/
6be26f440685	https://globalgrid2050.com/
6bf690372603	https://globalgrid2050.com/
6bff2a3f849a	https://globalgrid2050.com/
6c039165b691	https://ventusltd.github.io/solar-electrical-topology-analysis-engine-text-based/
6c2930fbeacd	https://globalgrid2050.com/
6c2fd980fb8e	https://globalgrid2050.com/
6c3555f9d630	https://globalgrid2050.com/
6c4d6560d4c9	https://globalgrid2050.com/
6c6c49cfe192	https://globalgrid2050.com/
6c6d7bc41798	https://globalgrid2050.com/
6c70b426df8a	https://globalgrid2050.com/
6c8cee5c282c	https://globalgrid2050.com/
6c98cd51fe13	https://ventusltd.github.io/spiders/
6c9b365a5f3c	https://globalgrid2050.com/
6c9d4f1350a8	https://globalgrid2050.com/
6ca03a4ac72a	https://globalgrid2050.com/
6ca69145d886	https://ventusltd.github.io/data-centres-gb/
6cb76975c4fd	https://globalgrid2050.com/
6cc0416a0513	https://globalgrid2050.com/
6cc0df260906	https://globalgrid2050.com/
6cdebf272b54	https://globalgrid2050.com/
6cdf467ebd89	https://globalgrid2050.com/
6ce30b20b490	https://globalgrid2050.com/
6ce49aa426a0	https://globalgrid2050.com/
6d162cde83a3	https://globalgrid2050.com/
6d1c9301b6ef	https://ventusltd.github.io/data_uk_dno_and_tso/
6d1f329f069a	https://globalgrid2050.com/
6d2474d61ef0	https://globalgrid2050.com/
6d2596d93bf3	https://globalgrid2050.com/
6d3fb078edab	https://globalgrid2050.com/
6d422dd2fefc	https://globalgrid2050.com/
6d54aefae4e5	https://globalgrid2050.com/
6d5ac01f71e2	https://globalgrid2050.com/
6d901ca15cf1	https://globalgrid2050.com/
6da44459489f	https://globalgrid2050.com/
6da804f59298	https://globalgrid2050.com/
6db2a5ecfda0	https://globalgrid2050.com/
6dd19390ea00	https://globalgrid2050.com/
6dd929ad9966	https://globalgrid2050.com/
6dfb36a92112	https://globalgrid2050.com/
6dfb9725355b	https://globalgrid2050.com/
6dfc4e4ec1ad	https://globalgrid2050.com/
6e04a877f080	https://globalgrid2050.com/
6e392f24118d	https://globalgrid2050.com/
6e4589095734	https://ventusltd.github.io/stars/
6e462c5ca0ff	https://globalgrid2050.com/
6e59d2bcd25f	https://globalgrid2050.com/
6e6799f37f1a	https://globalgrid2050.com/
6e687f629ce1	https://ventusltd.github.io/solar-electrical-topology-analysis-engine-text-based/
6e71d5f77bf2	https://globalgrid2050.com/
6e7711da4ef6	https://globalgrid2050.com/
6e7eb501c50e	https://ventusltd.github.io/gridatlas/
6e87a835a373	https://globalgrid2050.com/
6e9137eb749b	https://ventusltd.github.io/solar-electrical-topology-analysis-engine-text-based/
6e923ac3ae34	https://ventusltd.github.io/solar-electrical-topology-analysis-engine-text-based/
6eb50d48938d	https://globalgrid2050.com/
6ec3605d56fe	https://globalgrid2050.com/
6ec600d409e7	https://globalgrid2050.com/
6ecc0dc04da8	https://globalgrid2050.com/
6f081ee4cb75	https://globalgrid2050.com/
6f0fb577af38	https://globalgrid2050.com/
6f14404e92dd	https://globalgrid2050.com/
6f26a1f1a9db	https://globalgrid2050.com/
6f32324ee47c	https://ventusltd.github.io/solar-electrical-topology-analysis-engine-text-based/
6f351effa28f	https://globalgrid2050.com/
6f442e40b04d	https://ventusltd.github.io/gridatlas/
6f4634b7596b	https://globalgrid2050.com/
6f49bf82af68	https://globalgrid2050.com/
6f4b18dec88e	https://ventusltd.github.io/spiders/
6f4fdb5a1e84	https://globalgrid2050.com/
6f58099d2db8	https://globalgrid2050.com/
6f5de02241d6	https://globalgrid2050.com/
6f6e2a4e18a6	https://globalgrid2050.com/
6f70d9696d3c	https://ventusltd.github.io/gridatlas/
6f711e019507	https://globalgrid2050.com/
6f7c910cc3f6	https://globalgrid2050.com/
6f828d2a6d77	https://globalgrid2050.com/
6f8a2e3e2b89	https://globalgrid2050.com/
6fa5e9ffff2b	https://globalgrid2050.com/
6fb750d9ddb9	https://globalgrid2050.com/
6fbab4f96920	https://globalgrid2050.com/
6fbbba556361	https://ventusltd.github.io/stars/
6fe5cbaf0083	https://ventusltd.github.io/solar-electrical-topology-analysis-engine-text-based/
7000398469bd	https://ventusltd.github.io/data_uk_dno_and_tso/
701c272f42a6	https://globalgrid2050.com/
7034a68db135	https://globalgrid2050.com/
703701d14b64	https://globalgrid2050.com/
70413e92d3d6	https://ventusltd.github.io/data_uk_dno_and_tso/
704148112437	https://globalgrid2050.com/
704f36564b3e	https://globalgrid2050.com/
706688ce36c4	https://globalgrid2050.com/
708d089224c5	https://globalgrid2050.com/
7099fc1479d7	https://ventusltd.github.io/gridatlas/
70aa27b0facd	https://ventusltd.github.io/globalgrid2050-hompage/
70b0e0c56962	https://globalgrid2050.com/
70ba45613484	https://globalgrid2050.com/
70bdad0d77c2	https://ventusltd.github.io/law/
70ca6925cdfb	https://globalgrid2050.com/
70d103938760	https://globalgrid2050.com/
70d1ab394efd	https://globalgrid2050.com/
70d3c8da5a88	https://globalgrid2050.com/
70d40c98ff35	https://globalgrid2050.com/
70e8dbef433d	https://globalgrid2050.com/
70ec8057e733	https://ventusltd.github.io/solar-electrical-topology-analysis-engine-text-based/
70fa9673a4a7	https://globalgrid2050.com/
70fe85f1aff5	https://ventusltd.github.io/gridatlas/
70ffec2f18b5	https://globalgrid2050.com/
7100d6b43dbf	https://globalgrid2050.com/
71125c6d1354	https://globalgrid2050.com/
711d761a1fe4	https://globalgrid2050.com/
7121f6b90d82	https://globalgrid2050.com/
71365bb857e2	https://ventusltd.github.io/gridatlas/
7140a46c7763	https://globalgrid2050.com/
7144930d9e6c	https://ventusltd.github.io/solar-electrical-topology-analysis-engine-text-based/
715be8e762d9	https://globalgrid2050.com/
7160f6cf08bf	https://globalgrid2050.com/
71726cff1457	https://ventusltd.github.io/star-quantum-twin/
7182331d9481	https://globalgrid2050.com/
71aa6a220c9f	https://ventusltd.github.io/gridatlas/
71ae3b4f6007	https://ventusltd.github.io/solar-electrical-topology-analysis-engine-text-based/
71b160dffda5	https://ventusltd.github.io/solar-electrical-topology-analysis-engine-text-based/
71b8ceadcf39	https://globalgrid2050.com/
71c3f2c5b37d	https://globalgrid2050.com/
71e26fd03293	https://globalgrid2050.com/
71e73a577af0	https://globalgrid2050.com/
71f116f942cf	https://globalgrid2050.com/
72072022124e	https://ventusltd.github.io/globalgrid2050-hompage/
720c603e2acc	https://globalgrid2050.com/
7222e6d6a150	https://globalgrid2050.com/
722f43dcc2bc	https://globalgrid2050.com/
7236e410fe77	https://ventusltd.github.io/solar-electrical-topology-analysis-engine-text-based/
724040c958b1	https://globalgrid2050.com/
72449bf04e6a	https://globalgrid2050.com/
724534940bad	https://globalgrid2050.com/
724c5bbcae98	https://ventusltd.github.io/solar-electrical-topology-analysis-engine-text-based/
724e65c94d0b	https://globalgrid2050.com/
724f6925c542	https://ventusltd.github.io/solar-electrical-topology-analysis-engine-text-based/
72586db8c64f	https://globalgrid2050.com/
72a2359fb047	https://globalgrid2050.com/
72afe23a430d	https://globalgrid2050.com/
72b57a2f07ed	https://ventusltd.github.io/ventus-grid-engine/
72cdc31a7960	https://globalgrid2050.com/
72ceb6f95de2	https://ventusltd.github.io/solar-electrical-topology-analysis-engine-text-based/
72dbfc3fa7b7	https://ventusltd.github.io/solar-electrical-topology-analysis-engine-text-based/
72ed9f93737b	https://globalgrid2050.com/
72ef620809cb	https://globalgrid2050.com/
7300025ca01f	https://globalgrid2050.com/
730d74d47cb8	https://globalgrid2050.com/
731daf10075a	https://ventusltd.github.io/spiders/
731fa85481a7	https://globalgrid2050.com/
7325a6eb071b	https://ventusltd.github.io/spiders/
7329eec14681	https://globalgrid2050.com/
732c7bdd0c1b	https://globalgrid2050.com/
73328d47a458	https://globalgrid2050.com/
733316e101b4	https://globalgrid2050.com/
736598a8541d	https://globalgrid2050.com/
7375cbc3335a	https://globalgrid2050.com/
73912878e693	https://globalgrid2050.com/
739723f44018	https://ventusltd.github.io/registry_of_all_content_in_repos_and_dependencies/
739736311242	https://globalgrid2050.com/
73ab5f2ba2df	https://ventusltd.github.io/data_uk_dno_and_tso/
73bab9ff7aa6	https://globalgrid2050.com/
73bc13be0ce6	https://globalgrid2050.com/
73d53bda4d7a	https://globalgrid2050.com/
73dada9e2297	https://globalgrid2050.com/
73f7756af2d6	https://globalgrid2050.com/
740bb3f1e3d4	https://globalgrid2050.com/
7411c796df84	https://ventusltd.github.io/spiders/
742209743453	https://globalgrid2050.com/
742b98818d16	https://ventusltd.github.io/ventus-grid-engine/
74328947c41b	https://ventusltd.github.io/star-quantum-twin/
743c7b02b5af	https://globalgrid2050.com/
7444d6214b52	https://globalgrid2050.com/
744955106c45	https://globalgrid2050.com/
7449fd4f2204	https://ventusltd.github.io/solar-electrical-topology-analysis-engine-text-based/
745ed2616b69	https://globalgrid2050.com/
74601d820f6b	https://ventusltd.github.io/gridatlas/
74639dcea44a	https://ventusltd.github.io/solar-electrical-topology-analysis-engine-text-based/
746e4d0e562f	https://globalgrid2050.com/
7470613b4d74	https://globalgrid2050.com/
747bf5193224	https://globalgrid2050.com/
747ead01f8eb	https://globalgrid2050.com/
747fadca00da	https://ventusltd.github.io/gridatlas/
748c442dc841	https://ventusltd.github.io/stars/
748e9fd58d5f	https://ventusltd.github.io/gridatlas/
74939ba16406	https://globalgrid2050.com/
7493d58fb100	https://globalgrid2050.com/
749edbe417b0	https://globalgrid2050.com/
74a789f627a3	https://globalgrid2050.com/
74bb7ba120ca	https://ventusltd.github.io/solar-electrical-topology-analysis-engine-text-based/
74c07a0db770	https://globalgrid2050.com/
74d440d70b6e	https://globalgrid2050.com/
74dc839b6eab	https://globalgrid2050.com/
74e7492c4626	https://globalgrid2050.com/
74ec7ecb14e0	https://globalgrid2050.com/
74f910615e15	https://globalgrid2050.com/
7501b5285e00	https://globalgrid2050.com/
750496db827a	https://globalgrid2050.com/
75084ac69b82	https://globalgrid2050.com/
750e044e6fa7	https://globalgrid2050.com/
752714fffe68	https://globalgrid2050.com/
7531f2e2f074	https://ventusltd.github.io/galaxies-wafers/
7548035e87cf	https://globalgrid2050.com/
754b4857fbd7	https://ventusltd.github.io/stars/
754bf94f4d93	https://ventusltd.github.io/solar-electrical-topology-analysis-engine-text-based/
754ead1077e4	https://globalgrid2050.com/
754ee4993837	https://ventusltd.github.io/stars/
754fee763376	https://globalgrid2050.com/
755601a74577	https://globalgrid2050.com/
755db94ae2dd	https://globalgrid2050.com/
757175525882	https://globalgrid2050.com/
7585fae5d878	https://globalgrid2050.com/
75903ce8ebaa	https://ventusltd.github.io/solar-electrical-topology-analysis-engine-text-based/
7592178bb453	https://ventusltd.github.io/registry_of_all_content_in_repos_and_dependencies/
7598f33f0b37	https://globalgrid2050.com/
759bee881162	https://globalgrid2050.com/
75b7ddc37dbe	https://globalgrid2050.com/
75c6a1dabedd	https://globalgrid2050.com/
76113dd72b4c	https://globalgrid2050.com/
76149878609c	https://globalgrid2050.com/
761f891f1c29	https://ventusltd.github.io/solar-electrical-topology-analysis-engine-text-based/
762a3035c6c6	https://globalgrid2050.com/
762f422afe4c	https://globalgrid2050.com/
763482383bba	https://ventusltd.github.io/solar-electrical-topology-analysis-engine-text-based/
764b970d57ee	https://ventusltd.github.io/gridatlas/
764d211acebc	https://globalgrid2050.com/
7651367cb2f3	https://globalgrid2050.com/
7653c22ee66f	https://globalgrid2050.com/
7659dc364bb1	https://globalgrid2050.com/
767a304e309d	https://globalgrid2050.com/
767abfbe8624	https://globalgrid2050.com/
76859ca9a42e	https://ventusltd.github.io/stars/
76880215db21	https://globalgrid2050.com/
768862df1bff	https://ventusltd.github.io/stars/
76a9631c362f	https://globalgrid2050.com/
76af4240122d	https://globalgrid2050.com/
76bacd4dcf08	https://ventusltd.github.io/solar-electrical-topology-analysis-engine-text-based/
76baf0a4f654	https://globalgrid2050.com/
76c385907c42	https://globalgrid2050.com/
76c9612bafb5	https://ventusltd.github.io/registry_of_all_content_in_repos_and_dependencies/
76cd675d8472	https://ventusltd.github.io/data-centres-gb/
76d1f9064bdb	https://ventusltd.github.io/solar-electrical-topology-analysis-engine-text-based/
76e50e0b7e6d	https://globalgrid2050.com/
76f9250fdef3	https://globalgrid2050.com/
77164dd4f298	https://ventusltd.github.io/gridatlas/
7720998fdae9	https://globalgrid2050.com/
7728c395898f	https://globalgrid2050.com/
7735d201eb87	https://ventusltd.github.io/kuiper-belt/
7754a2f0d9bb	https://ventusltd.github.io/stars/
77694bcc8738	https://ventusltd.github.io/solar-electrical-topology-analysis-engine-text-based/
776961dfb9ca	https://globalgrid2050.com/
776bbddfeacd	https://globalgrid2050.com/
777c82be3c60	https://ventusltd.github.io/solar-electrical-topology-analysis-engine-text-based/
777c8a3e5dcf	https://ventusltd.github.io/youengineer-code-review/
77976f7a1bb7	https://globalgrid2050.com/
779c3bd5e431	https://globalgrid2050.com/
77a3f70fe681	https://globalgrid2050.com/
77abb7b6346b	https://globalgrid2050.com/
77aebe6ef5fd	https://globalgrid2050.com/
77b5282be2ce	https://globalgrid2050.com/
77c6272f4d0d	https://globalgrid2050.com/
77ddeb907f38	https://globalgrid2050.com/
77df0de7ac0e	https://globalgrid2050.com/
77fc76154862	https://ventusltd.github.io/gridatlas/
7803a8051b7a	https://globalgrid2050.com/
7803b6f0651a	https://globalgrid2050.com/
78175d9b5f8b	https://globalgrid2050.com/
782a29609558	https://globalgrid2050.com/
782ccb2becc5	https://globalgrid2050.com/
783bef541a16	https://globalgrid2050.com/
784286275ba2	https://globalgrid2050.com/
784b799bc994	https://ventusltd.github.io/youengineer-code-review/
7856ee6f25ad	https://globalgrid2050.com/
785b2d53fe65	https://ventusltd.github.io/registry_of_all_content_in_repos_and_dependencies/
78606ff72712	https://globalgrid2050.com/
7877cd02144a	https://globalgrid2050.com/
787a67a37756	https://globalgrid2050.com/
78937d7d4381	https://globalgrid2050.com/
789ecd548735	https://globalgrid2050.com/
78a853200d8d	https://globalgrid2050.com/
78b25426b44b	https://ventusltd.github.io/solar-electrical-topology-analysis-engine-text-based/
78d7c3c8f962	https://globalgrid2050.com/
78da23f245f5	https://globalgrid2050.com/
78e49b0f35f3	https://ventusltd.github.io/gridatlas/
78eecbe491f8	https://globalgrid2050.com/
79083b9ae142	https://globalgrid2050.com/
790da648c576	https://ventusltd.github.io/gridatlas/
79188e5afb31	https://ventusltd.github.io/ventus-grid-engine/
792818ef20c5	https://globalgrid2050.com/
7936b6e16c69	https://ventusltd.github.io/kuiper-belt/
7936e0a6c59a	https://ventusltd.github.io/stars/
794256ea7c5a	https://ventusltd.github.io/globalgrid2050-hompage/
795231fe06ea	https://globalgrid2050.com/
79750d2488ff	https://ventusltd.github.io/registry_of_all_content_in_repos_and_dependencies/
797b62961a93	https://ventusltd.github.io/solar-electrical-topology-analysis-engine-text-based/
797d45a6852f	https://globalgrid2050.com/
798ed2c9b86a	https://globalgrid2050.com/
7999eaa2295c	https://globalgrid2050.com/
79a54d3b4f67	https://ventusltd.github.io/solar-electrical-topology-analysis-engine-text-based/
79aa94adb96d	https://globalgrid2050.com/
79adb64bc43a	https://globalgrid2050.com/
79aea187d01c	https://ventusltd.github.io/solar-electrical-topology-analysis-engine-text-based/
79bad63aca45	https://globalgrid2050.com/
79bd55f5d2ee	https://globalgrid2050.com/
79cb822b8db0	https://globalgrid2050.com/
79d6205e2ee9	https://globalgrid2050.com/
79dadffc00c2	https://ventusltd.github.io/solar-electrical-topology-analysis-engine-text-based/
79e75d27e187	https://globalgrid2050.com/
79e8ffa84765	https://ventusltd.github.io/solar-electrical-topology-analysis-engine-text-based/
79f6c3895c47	https://ventusltd.github.io/gridatlas/
7a03b54e7fda	https://ventusltd.github.io/stars/
7a04b3e38871	https://globalgrid2050.com/
7a273431e0de	https://globalgrid2050.com/
7a2e82ad86af	https://globalgrid2050.com/
7a3cbba34a9b	https://globalgrid2050.com/
7a6ea59c7e34	https://globalgrid2050.com/
7a75ef76ac8b	https://globalgrid2050.com/
7a782129769a	https://globalgrid2050.com/
7a82dfdce407	https://globalgrid2050.com/
7a878d8930b7	https://ventusltd.github.io/solar-electrical-topology-analysis-engine-text-based/
7a91e8fb0bd0	https://globalgrid2050.com/
7a9495c7b756	https://globalgrid2050.com/
7a9ac7f4beb9	https://ventusltd.github.io/star-electron-star/
7aa19fd6b47a	https://globalgrid2050.com/
7aa2f432e555	https://globalgrid2050.com/
7aa90aea946d	https://globalgrid2050.com/
7aa9b64ad943	https://globalgrid2050.com/
7aac80664969	https://globalgrid2050.com/
7aada90dec02	https://globalgrid2050.com/
7ab62ad2fbe8	https://ventusltd.github.io/solar-electrical-topology-analysis-engine-text-based/
7ac086a23046	https://ventusltd.github.io/solar-electrical-topology-analysis-engine-text-based/
7ac73e246864	https://globalgrid2050.com/
7acea8f138a1	https://ventusltd.github.io/solar-electrical-topology-analysis-engine-text-based/
7ad1c5b49187	https://ventusltd.github.io/data_uk_dno_and_tso/
7ad8d94795d4	https://ventusltd.github.io/gridatlas/
7b0fc127d93b	https://globalgrid2050.com/
7b1641a094c6	https://globalgrid2050.com/
7b332d6d30e4	https://globalgrid2050.com/
7b3d20b0a9b1	https://globalgrid2050.com/
7b48a058005c	https://ventusltd.github.io/solar-electrical-topology-analysis-engine-text-based/
7b5d141efec6	https://globalgrid2050.com/
7b634152af2f	https://ventusltd.github.io/globalgrid2050-hompage/
7b735c74e810	https://globalgrid2050.com/
7b767d9eb37f	https://globalgrid2050.com/
7b7e1017d907	https://ventusltd.github.io/stars/
7b8eeedcb2fc	https://globalgrid2050.com/
7b9b0941ab0c	https://globalgrid2050.com/
7b9de6dec56a	https://ventusltd.github.io/solar-electrical-topology-analysis-engine-text-based/
7bb049f13293	https://globalgrid2050.com/
7bb4da22db7f	https://ventusltd.github.io/solar-electrical-topology-analysis-engine-text-based/
7bb571eeaef4	https://globalgrid2050.com/
7bccea88c4ed	https://ventusltd.github.io/stars/
7bdab2b77bc2	https://globalgrid2050.com/
7bdd55a2caf3	https://globalgrid2050.com/
7bebb7260482	https://globalgrid2050.com/
7beffa31bff8	https://globalgrid2050.com/
7bf7cc7eeb3d	https://globalgrid2050.com/
7bf8bc2b4c79	https://ventusltd.github.io/spiders/
7bfcc38f7782	https://globalgrid2050.com/
7c1e7a274400	https://globalgrid2050.com/
7c2f3933ecc5	https://ventusltd.github.io/gridatlas/
7c3d642c7ec2	https://ventusltd.github.io/solar-electrical-topology-analysis-engine-text-based/
7c3f603f49a7	https://ventusltd.github.io/solar-electrical-topology-analysis-engine-text-based/
7c4841ae0176	https://globalgrid2050.com/
7c4dc4de3694	https://globalgrid2050.com/
7c5549cae70d	https://globalgrid2050.com/
7c5f68524107	https://globalgrid2050.com/
7c7d8fd244b8	https://globalgrid2050.com/
7c818fde83f1	https://ventusltd.github.io/star-electron-star/
7c98b0bf5462	https://globalgrid2050.com/
7c9afa86762f	https://globalgrid2050.com/
7ca8882b746e	https://ventusltd.github.io/solar-electrical-topology-analysis-engine-text-based/
7cb517fa3eb4	https://globalgrid2050.com/
7cbfdc3759cd	https://globalgrid2050.com/
7ccbe4a3de35	https://globalgrid2050.com/
7cf23a4e698c	https://globalgrid2050.com/
7d00781b6993	https://globalgrid2050.com/
7d051100caa5	https://globalgrid2050.com/
7d1416023be8	https://ventusltd.github.io/gridatlas/
7d1a9da7d69f	https://ventusltd.github.io/solar-electrical-topology-analysis-engine-text-based/
7d3d161036a6	https://globalgrid2050.com/
7d415ae3fa80	https://globalgrid2050.com/
7d59f39872b4	https://globalgrid2050.com/
7d5d547e539a	https://globalgrid2050.com/
7d605205d867	https://globalgrid2050.com/
7d6cb4baf0c0	https://globalgrid2050.com/
7d7232e9eb08	https://ventusltd.github.io/spiders/
7d784eddec1e	https://globalgrid2050.com/
7d838160ebf9	https://globalgrid2050.com/
7d85079cfc8c	https://ventusltd.github.io/solar-electrical-topology-analysis-engine-text-based/
7d857add9706	https://globalgrid2050.com/
7d89d34c4f29	https://globalgrid2050.com/
7da71b7da661	https://globalgrid2050.com/
7dcb5b1c6673	https://globalgrid2050.com/
7dd87f3a57ad	https://ventusltd.github.io/spiders/
7df4278d5d5c	https://globalgrid2050.com/
7e006a4f6e87	https://globalgrid2050.com/
7e00b3935f33	https://globalgrid2050.com/
7e0947df6d50	https://ventusltd.github.io/youengineer-code-review/
7e1b406d7865	https://globalgrid2050.com/
7e1d01875b20	https://ventusltd.github.io/gridatlas/
7e1e5cac05eb	https://globalgrid2050.com/
7e3984ee8a8b	https://globalgrid2050.com/
7e4ba701445d	https://globalgrid2050.com/
7e4e009d6f92	https://globalgrid2050.com/
7e55c3b92b5e	https://globalgrid2050.com/
7e5a0a9d1306	https://globalgrid2050.com/
7e7b68d7826e	https://globalgrid2050.com/
7e7e28b1fac3	https://globalgrid2050.com/
7e8edf12af9c	https://globalgrid2050.com/
7e964cac03c5	https://globalgrid2050.com/
7e98a64801b9	https://ventusltd.github.io/data-centres-gb/
7e9c279af182	https://globalgrid2050.com/
7ea9da8410c3	https://globalgrid2050.com/
7eadc887749b	https://globalgrid2050.com/
7eb09dfed9ac	https://globalgrid2050.com/
7eb6783fbe6d	https://ventusltd.github.io/solar-electrical-topology-analysis-engine-text-based/
7eb821726497	https://globalgrid2050.com/
7ebda94b2af4	https://ventusltd.github.io/solar-electrical-topology-analysis-engine-text-based/
7ec105fe91c5	https://globalgrid2050.com/
7ec257b2f2eb	https://globalgrid2050.com/
7ec4acb0a7fd	https://ventusltd.github.io/solar-electrical-topology-analysis-engine-text-based/
7ed1e92fd644	https://globalgrid2050.com/
7edc9ca9edf1	https://globalgrid2050.com/
7edeb46c4417	https://globalgrid2050.com/
7ee4ba5eba50	https://globalgrid2050.com/
7eefba1f1ae6	https://globalgrid2050.com/
7efd67e8edc5	https://globalgrid2050.com/
7f06021684f8	https://globalgrid2050.com/
7f0fd9887f2f	https://globalgrid2050.com/
7f1a67d46a19	https://globalgrid2050.com/
7f2b0f5eee80	https://ventusltd.github.io/solar-electrical-topology-analysis-engine-text-based/
7f33a32fab5b	https://globalgrid2050.com/
7f34a502ea0f	https://globalgrid2050.com/
7f37db220fdb	https://globalgrid2050.com/
7f3ec728bc71	https://globalgrid2050.com/
7f4f3bd65a95	https://globalgrid2050.com/
7f5c105b12b2	https://globalgrid2050.com/
7f5d0bc49873	https://ventusltd.github.io/solar-electrical-topology-analysis-engine-text-based/
7f77edc39c72	https://globalgrid2050.com/
7f843550533b	https://ventusltd.github.io/solar-electrical-topology-analysis-engine-text-based/
7f9490a5f6d8	https://ventusltd.github.io/stars/
7f9cfafd716d	https://ventusltd.github.io/solar-electrical-topology-analysis-engine-text-based/
7f9d5582d7d9	https://globalgrid2050.com/
7fc77ba7bec2	https://globalgrid2050.com/
7fd37e278c2e	https://globalgrid2050.com/
7fd6fd345173	https://ventusltd.github.io/solar-electrical-topology-analysis-engine-text-based/
7fe163a16f6d	https://ventusltd.github.io/solar-electrical-topology-analysis-engine-text-based/
7fedc17ecd84	https://globalgrid2050.com/
7ffc985bc62b	https://globalgrid2050.com/
7ffe680871ca	https://globalgrid2050.com/
80057fe4bdfb	https://ventusltd.github.io/solar-electrical-topology-analysis-engine-text-based/
800b90fd9393	https://globalgrid2050.com/
8010db59d26e	https://globalgrid2050.com/
801567e1a14d	https://globalgrid2050.com/
8026c285a329	https://ventusltd.github.io/gridatlas/
8035c2e6d184	https://globalgrid2050.com/
8042af733377	https://ventusltd.github.io/solar-electrical-topology-analysis-engine-text-based/
804e8b0923f3	https://globalgrid2050.com/
805b4b114766	https://ventusltd.github.io/gridatlas/
806213b34bf7	https://ventusltd.github.io/gridatlas/
80782e1619b5	https://globalgrid2050.com/
808e033b5412	https://globalgrid2050.com/
809972d4dd4c	https://globalgrid2050.com/
809cb90029bc	https://globalgrid2050.com/
80b06e5ffd92	https://globalgrid2050.com/
80b912b1d83a	https://globalgrid2050.com/
80baa36832b7	https://globalgrid2050.com/
80c3dfede2fe	https://globalgrid2050.com/
80e69dcdfccc	https://ventusltd.github.io/globalgrid2050-hompage/
80f494932d3a	https://ventusltd.github.io/stars/
80fe0a0c36bf	https://globalgrid2050.com/
8100767c2b00	https://globalgrid2050.com/
810146e9f8e4	https://globalgrid2050.com/
810d5a0dfdeb	https://globalgrid2050.com/
8111ee7f7944	https://globalgrid2050.com/
811c3d65ce2b	https://ventusltd.github.io/solar-electrical-topology-analysis-engine-text-based/
812cfd48a050	https://globalgrid2050.com/
8136cf42437e	https://ventusltd.github.io/solar-electrical-topology-analysis-engine-text-based/
8140b9e51dd6	https://globalgrid2050.com/
81585c1dc0cd	https://globalgrid2050.com/
8173d2f81484	https://globalgrid2050.com/
817a29b17985	https://globalgrid2050.com/
81859e2d3ecd	https://ventusltd.github.io/solar-electrical-topology-analysis-engine-text-based/
819a11d03f0a	https://globalgrid2050.com/
81c90bbbd3ca	https://globalgrid2050.com/
81ca1d0c6534	https://globalgrid2050.com/
81da7fada442	https://globalgrid2050.com/
81df6415a4b3	https://globalgrid2050.com/
81ef1575df1e	https://globalgrid2050.com/
81f15628efa5	https://globalgrid2050.com/
82080094c5c2	https://globalgrid2050.com/
821340d2d459	https://globalgrid2050.com/
8213d7991568	https://globalgrid2050.com/
8226d06ffa6f	https://globalgrid2050.com/
822c4f920a10	https://globalgrid2050.com/
822d64e1b9ec	https://globalgrid2050.com/
8230aca1977f	https://globalgrid2050.com/
82384e95827d	https://globalgrid2050.com/
823ab758c437	https://globalgrid2050.com/
823ae57e196a	https://ventusltd.github.io/globalgrid2050-hompage/
824d835fbb63	https://globalgrid2050.com/
825a8bc04e01	https://ventusltd.github.io/stars/
827364993025	https://globalgrid2050.com/
82742c82a72f	https://ventusltd.github.io/solar-electrical-topology-analysis-engine-text-based/
82761fc15626	https://globalgrid2050.com/
82769b72abc5	https://globalgrid2050.com/
8284f23c5657	https://globalgrid2050.com/
828b0c8caf05	https://globalgrid2050.com/
828d72c4b0ef	https://globalgrid2050.com/
829031eb410f	https://globalgrid2050.com/
829c355374b3	https://globalgrid2050.com/
829f5f783957	https://ventusltd.github.io/gridatlas/
82a02ec0b57a	https://globalgrid2050.com/
82c0d4988ed8	https://globalgrid2050.com/
82c526f4d789	https://globalgrid2050.com/
82c863ab1719	https://globalgrid2050.com/
82c8fe865bd7	https://globalgrid2050.com/
82d7ddb820b7	https://globalgrid2050.com/
82de3bbe110f	https://globalgrid2050.com/
82e7594196b5	https://globalgrid2050.com/
82f3b0b351a8	https://globalgrid2050.com/
82fb69e92859	https://globalgrid2050.com/
8305d67015c9	https://globalgrid2050.com/
830b1c9180e8	https://globalgrid2050.com/
830eb036dc48	https://ventusltd.github.io/solar-electrical-topology-analysis-engine-text-based/
830f01426c54	https://globalgrid2050.com/
832ed6174b15	https://globalgrid2050.com/
835a07abb7f6	https://globalgrid2050.com/
8365cea0cbce	https://globalgrid2050.com/
83696b3981cd	https://ventusltd.github.io/solar-electrical-topology-analysis-engine-text-based/
8372ff4997ac	https://globalgrid2050.com/
8376c543d193	https://globalgrid2050.com/
837f810e0a75	https://ventusltd.github.io/globalgrid2050-hompage/
83808e9b69af	https://ventusltd.github.io/solar-electrical-topology-analysis-engine-text-based/
838280ff7780	https://ventusltd.github.io/solar-electrical-topology-analysis-engine-text-based/
83829efe654f	https://ventusltd.github.io/ventus-grid-engine/
839f33528435	https://globalgrid2050.com/
83bba1427185	https://globalgrid2050.com/
83bc59cdb37f	https://ventusltd.github.io/gridatlas/
83bf24814ea9	https://globalgrid2050.com/
83c39cab5473	https://globalgrid2050.com/
83cfa25a9d91	https://globalgrid2050.com/
83d5c2ebc316	https://globalgrid2050.com/
83dab0e7db03	https://globalgrid2050.com/
83db0ac6df74	https://globalgrid2050.com/
83dde286f4a5	https://globalgrid2050.com/
83e327ee6dfb	https://ventusltd.github.io/faraday/
83eb7d3f8a68	https://globalgrid2050.com/
83faa8012ccf	https://globalgrid2050.com/
83fd2a13e717	https://globalgrid2050.com/
84042e223504	https://ventusltd.github.io/stars/
840bcffb8b92	https://ventusltd.github.io/data_uk_dno_and_tso/
8411ee8e7f4e	https://globalgrid2050.com/
84156194c811	https://globalgrid2050.com/
8418a357ad39	https://globalgrid2050.com/
841d94eb8db9	https://globalgrid2050.com/
84251dba296b	https://globalgrid2050.com/
8428a4db7049	https://ventusltd.github.io/stars/
842fa10b90a3	https://globalgrid2050.com/
845e199d974e	https://ventusltd.github.io/gridatlas/
845feb271892	https://globalgrid2050.com/
8469ac3bfad3	https://globalgrid2050.com/
8470c99d275b	https://globalgrid2050.com/
847670c03dff	https://ventusltd.github.io/solar-electrical-topology-analysis-engine-text-based/
8486d8a30c5c	https://globalgrid2050.com/
84a70890e281	https://globalgrid2050.com/
84ba10b0166b	https://globalgrid2050.com/
84bc1440829d	https://globalgrid2050.com/
84bca8f69564	https://ventusltd.github.io/solar-electrical-topology-analysis-engine-text-based/
84bf8ccc29d3	https://ventusltd.github.io/youengineer-code-review/
84cd565ba49a	https://globalgrid2050.com/
84d37ed79e82	https://globalgrid2050.com/
84f703fc560c	https://globalgrid2050.com/
8505dddaaa61	https://globalgrid2050.com/
850921b68427	https://globalgrid2050.com/
851831d06f06	https://globalgrid2050.com/
853b8b9221ed	https://globalgrid2050.com/
85438a9ff26b	https://ventusltd.github.io/solar-electrical-topology-analysis-engine-text-based/
855578ba017b	https://globalgrid2050.com/
8559526d9cda	https://globalgrid2050.com/
8576c5bf41ea	https://globalgrid2050.com/
857c406becc0	https://globalgrid2050.com/
857d5ce18490	https://ventusltd.github.io/stars/
857f29ff6309	https://ventusltd.github.io/registry_of_all_content_in_repos_and_dependencies/
85803577690b	https://globalgrid2050.com/
85869f98ced1	https://globalgrid2050.com/
859b302b469c	https://globalgrid2050.com/
85a54440e9c5	https://globalgrid2050.com/
85a6f52d3825	https://globalgrid2050.com/
85a9ac153cf3	https://globalgrid2050.com/
85b0bd10a678	https://globalgrid2050.com/
85bc5adf730d	https://globalgrid2050.com/
85c67f77814a	https://globalgrid2050.com/
85d14bba481e	https://globalgrid2050.com/
85d823f13a6c	https://globalgrid2050.com/
85dc1341fb3b	https://globalgrid2050.com/
85f446453ea3	https://ventusltd.github.io/stars/
85fbeeee7506	https://globalgrid2050.com/
86214dcbd448	https://ventusltd.github.io/registry_of_all_content_in_repos_and_dependencies/
862588a6fe68	https://globalgrid2050.com/
8630f262cdb7	https://globalgrid2050.com/
863dae96fa6f	https://globalgrid2050.com/
86425aea5a5e	https://globalgrid2050.com/
8658b3cf155a	https://globalgrid2050.com/
86621b7bf2ae	https://ventusltd.github.io/solar-electrical-topology-analysis-engine-text-based/
86661313816c	https://globalgrid2050.com/
867ae32387a8	https://ventusltd.github.io/solar-electrical-topology-analysis-engine-text-based/
868224b9d138	https://ventusltd.github.io/registry_of_all_content_in_repos_and_dependencies/
8682c1f4b542	https://globalgrid2050.com/
868379e4c7da	https://ventusltd.github.io/solar-electrical-topology-analysis-engine-text-based/
86898aa43d87	https://globalgrid2050.com/
869dcc9e4106	https://globalgrid2050.com/
86a86e9717f9	https://globalgrid2050.com/
86a92aec5996	https://globalgrid2050.com/
86ae42f8833f	https://globalgrid2050.com/
86b928f23d39	https://globalgrid2050.com/
86bfe2c96e2b	https://globalgrid2050.com/
86c677b67bdc	https://globalgrid2050.com/
86c7d670daa3	https://globalgrid2050.com/
86c8142db62e	https://ventusltd.github.io/solar-electrical-topology-analysis-engine-text-based/
86cb7dbb5388	https://globalgrid2050.com/
86dd50603a34	https://globalgrid2050.com/
86df3f32a6e4	https://ventusltd.github.io/spiders/
86e566803258	https://globalgrid2050.com/
86e890142f35	https://globalgrid2050.com/
86eed77c660c	https://ventusltd.github.io/youengineer-code-review/
86efbcb8a5d4	https://ventusltd.github.io/stars/
86f130b54872	https://globalgrid2050.com/
86f8eea7c2c7	https://globalgrid2050.com/
8702b273a561	https://globalgrid2050.com/
8707f7ceee8a	https://ventusltd.github.io/stars/
8713dcd440d6	https://globalgrid2050.com/
8723f0f50eef	https://globalgrid2050.com/
872895fabd15	https://globalgrid2050.com/
8728a1a3da94	https://globalgrid2050.com/
872975b517d6	https://globalgrid2050.com/
872a15bec606	https://globalgrid2050.com/
873ae30d996a	https://ventusltd.github.io/stars/
873c6ad87df9	https://globalgrid2050.com/
87437abae6af	https://globalgrid2050.com/
874fed1645a3	https://ventusltd.github.io/globalgrid2050-hompage/
875a8813e722	https://globalgrid2050.com/
875b913127a3	https://globalgrid2050.com/
8760a8273c62	https://globalgrid2050.com/
87622a1098eb	https://globalgrid2050.com/
876be839fda6	https://ventusltd.github.io/solar-electrical-topology-analysis-engine-text-based/
877b0c6e8082	https://globalgrid2050.com/
877d4d087b9c	https://ventusltd.github.io/spiders/
878cee536428	https://ventusltd.github.io/solar-electrical-topology-analysis-engine-text-based/
87914809fa2a	https://globalgrid2050.com/
8798e430b535	https://ventusltd.github.io/gridatlas/
87aa7a8acac5	https://globalgrid2050.com/
87fd9709555f	https://globalgrid2050.com/
880110b1d4be	https://globalgrid2050.com/
88052e950111	https://globalgrid2050.com/
880576872e65	https://ventusltd.github.io/stars/
8808f58737bc	https://globalgrid2050.com/
881eae3fbed1	https://globalgrid2050.com/
8821a0f2b54c	https://ventusltd.github.io/solar-electrical-topology-analysis-engine-text-based/
8821debc5fe5	https://globalgrid2050.com/
88386a32121d	https://globalgrid2050.com/
88416c6c9557	https://ventusltd.github.io/gridatlas/
884238280768	https://globalgrid2050.com/
8844da5239f9	https://globalgrid2050.com/
8860704c2e43	https://globalgrid2050.com/
88618d54661d	https://ventusltd.github.io/solar-electrical-topology-analysis-engine-text-based/
88673caf1dee	https://globalgrid2050.com/
887423a5707c	https://globalgrid2050.com/
88894bebe6cc	https://globalgrid2050.com/
889b697a693f	https://globalgrid2050.com/
88a9afa82ce3	https://ventusltd.github.io/solar-electrical-topology-analysis-engine-text-based/
88b393d7b7b2	https://globalgrid2050.com/
88da6ea271cb	https://globalgrid2050.com/
88deef113a75	https://ventusltd.github.io/spiders/
88e61ab9b342	https://globalgrid2050.com/
88e7eaf791f2	https://globalgrid2050.com/
88e91428068a	https://globalgrid2050.com/
88f0002b9c03	https://globalgrid2050.com/
88f16d127114	https://globalgrid2050.com/
88f307c75cb2	https://globalgrid2050.com/
88f53c601523	https://globalgrid2050.com/
892c3a660548	https://ventusltd.github.io/solar-electrical-topology-analysis-engine-text-based/
892f7c8a18e4	https://globalgrid2050.com/
89392ae9e2fe	https://globalgrid2050.com/
893b7230ca6d	https://globalgrid2050.com/
89560f4bbbe3	https://globalgrid2050.com/
89679288e468	https://globalgrid2050.com/
8975e9126f65	https://globalgrid2050.com/
897938a0c666	https://globalgrid2050.com/
898023b1c445	https://globalgrid2050.com/
8983d2b9e833	https://globalgrid2050.com/
899a4b2d4a0e	https://globalgrid2050.com/
89a0a2401cbb	https://globalgrid2050.com/
89cc1b6db249	https://globalgrid2050.com/
89d6c1ec0a21	https://globalgrid2050.com/
89eea8ebc003	https://globalgrid2050.com/
89fb5ef24e1f	https://ventusltd.github.io/youengineer-code-review/
8a05fc97afe8	https://globalgrid2050.com/
8a4837bbea29	https://globalgrid2050.com/
8a48f48ab7e3	https://globalgrid2050.com/
8a5f84677104	https://ventusltd.github.io/solar-electrical-topology-analysis-engine-text-based/
8a871ebeec4c	https://ventusltd.github.io/gridatlas/
8aaf24a35e83	https://globalgrid2050.com/
8ab1dd621bfb	https://globalgrid2050.com/
8ab442adc723	https://globalgrid2050.com/
8ab9d85ac678	https://globalgrid2050.com/
8aba153e2aa1	https://globalgrid2050.com/
8abf9664f4c5	https://globalgrid2050.com/
8ac26708e4a1	https://globalgrid2050.com/
8ac55053bcdf	https://globalgrid2050.com/
8ad175eb6098	https://ventusltd.github.io/stars/
8aea8e106bfc	https://globalgrid2050.com/
8afd458e063f	https://globalgrid2050.com/
8afd8c9a4af3	https://ventusltd.github.io/stars/
8b12f6615c25	https://ventusltd.github.io/stars/
8b27addf0339	https://globalgrid2050.com/
8b29f2888257	https://globalgrid2050.com/
8b34e2abfba0	https://globalgrid2050.com/
8b396eabffdb	https://globalgrid2050.com/
8b43e5a3e5e3	https://globalgrid2050.com/
8b4b1d220ac8	https://ventusltd.github.io/kuiper-belt/
8b4f20f97b0e	https://ventusltd.github.io/kuiper-belt/
8b55c18c8806	https://globalgrid2050.com/
8b71c824479b	https://globalgrid2050.com/
8b7293a3e635	https://globalgrid2050.com/
8b77906fbdc9	https://globalgrid2050.com/
8b8581a54fe9	https://ventusltd.github.io/gridatlas/
8b87935024f7	https://ventusltd.github.io/spiders/
8b94aea9ba25	https://ventusltd.github.io/solar-electrical-topology-analysis-engine-text-based/
8b96f48fc5b7	https://globalgrid2050.com/
8ba39df402f7	https://ventusltd.github.io/spiders/
8bb0dd7cd094	https://globalgrid2050.com/
8bb29f46df6a	https://ventusltd.github.io/solar-electrical-topology-analysis-engine-text-based/
8bbafef877fb	https://globalgrid2050.com/
8bcb74902e2c	https://globalgrid2050.com/
8bd46c7cee1b	https://globalgrid2050.com/
8bdd47eee264	https://globalgrid2050.com/
8bdff29b9c30	https://globalgrid2050.com/
8be7d4ed65e0	https://ventusltd.github.io/registry_of_all_content_in_repos_and_dependencies/
8c11597a3d0b	https://ventusltd.github.io/solar-electrical-topology-analysis-engine-text-based/
8c1a0f285a34	https://ventusltd.github.io/stars/
8c2950ba80ed	https://ventusltd.github.io/kuiper-belt/
8c2b9f2e9d9e	https://globalgrid2050.com/
8c2faa01feb3	https://globalgrid2050.com/
8c35ee5aeb2f	https://ventusltd.github.io/solar-electrical-topology-analysis-engine-text-based/
8c400f0bb570	https://globalgrid2050.com/
8c51e05b0fd9	https://globalgrid2050.com/
8c521d0305e9	https://globalgrid2050.com/
8c63bf109609	https://globalgrid2050.com/
8c794272aef9	https://globalgrid2050.com/
8c7cf803440c	https://globalgrid2050.com/
8c83f5175d5f	https://globalgrid2050.com/
8c8486e6d7c2	https://globalgrid2050.com/
8c8ad5d8266b	https://globalgrid2050.com/
8c914cc7cca5	https://ventusltd.github.io/gridatlas/
8ca35fc0056d	https://globalgrid2050.com/
8ca91fc563cb	https://globalgrid2050.com/
8cb5dfeb76e7	https://globalgrid2050.com/
8cb74749871d	https://globalgrid2050.com/
8cd365bef248	https://globalgrid2050.com/
8cd9711be3bd	https://globalgrid2050.com/
8d03f3afac27	https://ventusltd.github.io/gridatlas/
8d0b9fde4e7f	https://globalgrid2050.com/
8d240084f5da	https://globalgrid2050.com/
8d2911d74a58	https://globalgrid2050.com/
8d2ba266d662	https://ventusltd.github.io/youengineer-code-review/
8d2d37ad60db	https://globalgrid2050.com/
8d30d577aa5a	https://globalgrid2050.com/
8d4b207b41c1	https://ventusltd.github.io/solar-electrical-topology-analysis-engine-text-based/
8d5a2fb1fe9f	https://globalgrid2050.com/
8d77f80b4a8f	https://globalgrid2050.com/
8da0a753d346	https://globalgrid2050.com/
8db9a03dafd6	https://ventusltd.github.io/solar-electrical-topology-analysis-engine-text-based/
8db9df3c8a9e	https://ventusltd.github.io/ventus-grid-engine/
8de14b914b57	https://globalgrid2050.com/
8df596fa344a	https://ventusltd.github.io/solar-electrical-topology-analysis-engine-text-based/
8df6b53579d9	https://ventusltd.github.io/solar-electrical-topology-analysis-engine-text-based/
8df73a4f4052	https://globalgrid2050.com/
8df8c7c7ee84	https://ventusltd.github.io/solar-electrical-topology-analysis-engine-text-based/
8e046608555f	https://globalgrid2050.com/
8e04eab52975	https://globalgrid2050.com/
8e0629130b14	https://globalgrid2050.com/
8e0f337eb231	https://globalgrid2050.com/
8e121d1c634e	https://globalgrid2050.com/
8e1b15e4846e	https://globalgrid2050.com/
8e305ccb1834	https://ventusltd.github.io/gridatlas/
8e435d3880e8	https://globalgrid2050.com/
8e5cb9a5e2ff	https://globalgrid2050.com/
8e7204b8fa27	https://globalgrid2050.com/
8e722ca044d1	https://globalgrid2050.com/
8ea10cb88671	https://globalgrid2050.com/
8eab4679ba76	https://globalgrid2050.com/
8ead38e310ba	https://globalgrid2050.com/
8eda64957c7c	https://globalgrid2050.com/
8edbd890801e	https://globalgrid2050.com/
8ef9492e257e	https://globalgrid2050.com/
8f05e970891d	https://globalgrid2050.com/
8f0691163853	https://globalgrid2050.com/
8f1864a9a9fa	https://ventusltd.github.io/registry_of_all_content_in_repos_and_dependencies/
8f212712e72f	https://ventusltd.github.io/spiders/
8f2271938499	https://ventusltd.github.io/gridatlas/
8f2bbd7dcb84	https://globalgrid2050.com/
8f2dde81d2d1	https://globalgrid2050.com/
8f34792a6e22	https://globalgrid2050.com/
8f3551993186	https://globalgrid2050.com/
8f52968ca0a2	https://globalgrid2050.com/
8f5a9d7046d5	https://ventusltd.github.io/solar-electrical-topology-analysis-engine-text-based/
8f62f7fd9f16	https://globalgrid2050.com/
8f63a2f71df4	https://globalgrid2050.com/
8f6635c50317	https://globalgrid2050.com/
8f7aceddc7dd	https://globalgrid2050.com/
8f7cc7953185	https://globalgrid2050.com/
8f7d4605d8f0	https://ventusltd.github.io/stars/
8f80636566e0	https://ventusltd.github.io/gridatlas/
8f82070fc358	https://globalgrid2050.com/
8f8ab5ac28d7	https://globalgrid2050.com/
8f8e8069f3b0	https://ventusltd.github.io/gridatlas/
8f916ee857a0	https://globalgrid2050.com/
8fbc88aa84ba	https://globalgrid2050.com/
8fbfbc7302e6	https://ventusltd.github.io/gridatlas/
8fc0bc845c7d	https://globalgrid2050.com/
8fc335964f98	https://globalgrid2050.com/
8fc73b54f1cf	https://globalgrid2050.com/
8fd15728bfa1	https://globalgrid2050.com/
8fdf98b5d78b	https://globalgrid2050.com/
8fe05feef45d	https://globalgrid2050.com/
8fef7d2a93cc	https://globalgrid2050.com/
8ff1bf7b9942	https://globalgrid2050.com/
8ffd6277d66c	https://globalgrid2050.com/
9005ad4dc828	https://globalgrid2050.com/
900a17fae8b9	https://ventusltd.github.io/solar-electrical-topology-analysis-engine-text-based/
903bd400284b	https://globalgrid2050.com/
9041879dd8b7	https://ventusltd.github.io/solar-electrical-topology-analysis-engine-text-based/
90487358ab60	https://globalgrid2050.com/
9064b80a4cc7	https://ventusltd.github.io/stars/
907160285083	https://globalgrid2050.com/
907342ec717c	https://globalgrid2050.com/
90764b891875	https://globalgrid2050.com/
9082e3b08a3a	https://globalgrid2050.com/
908efc6b64ac	https://ventusltd.github.io/gridatlas/
9096bc5f89f3	https://globalgrid2050.com/
909c29b349c8	https://globalgrid2050.com/
90a64547e8f1	https://globalgrid2050.com/
90b72eaebc9a	https://globalgrid2050.com/
90bbab773ca7	https://ventusltd.github.io/globalgrid2050-hompage/
90cdad48053a	https://globalgrid2050.com/
90d3ad6423c3	https://globalgrid2050.com/
90d46df6e1da	https://globalgrid2050.com/
910a605b8776	https://globalgrid2050.com/
91174d62c853	https://globalgrid2050.com/
9118a2db1775	https://ventusltd.github.io/gridatlas/
912549c5087a	https://globalgrid2050.com/
913e924d51d4	https://globalgrid2050.com/
914554af2f44	https://ventusltd.github.io/spiders/
91659bb65976	https://ventusltd.github.io/ventus-grid-engine/
917068b31996	https://globalgrid2050.com/
9191dd53d612	https://ventusltd.github.io/solar-electrical-topology-analysis-engine-text-based/
919ff0e98b95	https://globalgrid2050.com/
91b500de5451	https://ventusltd.github.io/stars/
91b9d244c68a	https://globalgrid2050.com/
91d0d1ab20c8	https://globalgrid2050.com/
91d7707a2df6	https://globalgrid2050.com/
91dae10c39ee	https://globalgrid2050.com/
91ec02ad34bd	https://ventusltd.github.io/data_uk_dno_and_tso/
91f7af8cd67d	https://globalgrid2050.com/
91f8a4e0c961	https://globalgrid2050.com/
91f8b70b1b43	https://globalgrid2050.com/
92003f485c28	https://globalgrid2050.com/
9200c6d26668	https://globalgrid2050.com/
9201ac998ff9	https://globalgrid2050.com/
925232a6099a	https://globalgrid2050.com/
9257b9bd1e56	https://ventusltd.github.io/solar-electrical-topology-analysis-engine-text-based/
9263635bd8bb	https://ventusltd.github.io/data-centres-gb/
926a60d767b0	https://globalgrid2050.com/
9278df2f3d6c	https://globalgrid2050.com/
927ecb722e94	https://globalgrid2050.com/
9286ea99d8d8	https://globalgrid2050.com/
9289b8f6dd88	https://ventusltd.github.io/gridatlas/
9294dc7a7407	https://globalgrid2050.com/
92983bb635e2	https://ventusltd.github.io/solar-electrical-topology-analysis-engine-text-based/
92b43a109c3e	https://globalgrid2050.com/
92c2b7133b20	https://ventusltd.github.io/data_uk_dno_and_tso/
92cb2a3f1f83	https://ventusltd.github.io/galaxies-wafers/
92f703619835	https://globalgrid2050.com/
930f22faaa81	https://ventusltd.github.io/youengineer-code-review/
931fd0bcf27d	https://globalgrid2050.com/
9321a5840bda	https://ventusltd.github.io/solar-electrical-topology-analysis-engine-text-based/
93241519f2fc	https://globalgrid2050.com/
93319c7d35c8	https://ventusltd.github.io/gridatlas/
933457c7380c	https://globalgrid2050.com/
93452983b784	https://globalgrid2050.com/
93592630e274	https://globalgrid2050.com/
936a31f703d3	https://ventusltd.github.io/gridatlas/
9371842cdb4e	https://globalgrid2050.com/
937450696135	https://ventusltd.github.io/stars/
937985e0125b	https://globalgrid2050.com/
937bbe505853	https://globalgrid2050.com/
938fc2025a71	https://ventusltd.github.io/spiders/
9394a8f9e429	https://globalgrid2050.com/
939dc9460c88	https://globalgrid2050.com/
93b1854ca9a6	https://globalgrid2050.com/
93bbb54d6c58	https://ventusltd.github.io/gridatlas/
93c07c4b7a5c	https://ventusltd.github.io/data_uk_dno_and_tso/
93d2c1a681b2	https://globalgrid2050.com/
940023b36cc7	https://globalgrid2050.com/
94020c1dd2aa	https://ventusltd.github.io/solar-electrical-topology-analysis-engine-text-based/
941bda33306b	https://globalgrid2050.com/
94218a9b8597	https://globalgrid2050.com/
943feb99fe47	https://globalgrid2050.com/
94465d23d0de	https://globalgrid2050.com/
9461beb58946	https://globalgrid2050.com/
9463020a14a8	https://ventusltd.github.io/spiders/
947dd190f85a	https://globalgrid2050.com/
949327258b81	https://globalgrid2050.com/
94aa463cda91	https://ventusltd.github.io/solar-electrical-topology-analysis-engine-text-based/
94d2b8b306fe	https://ventusltd.github.io/code-generator/
94d3d1032311	https://globalgrid2050.com/
94e35a2f39a6	https://globalgrid2050.com/
94e3b4dffba8	https://ventusltd.github.io/solar-electrical-topology-analysis-engine-text-based/
95268f10ef77	https://ventusltd.github.io/solar-electrical-topology-analysis-engine-text-based/
952c0cf12139	https://globalgrid2050.com/
953712862c40	https://globalgrid2050.com/
95381acfdbc4	https://globalgrid2050.com/
9539f4d3cce6	https://globalgrid2050.com/
95408ac79544	https://globalgrid2050.com/
95528e9a1f0a	https://ventusltd.github.io/stars/
9557be36934b	https://globalgrid2050.com/
95651f072fbb	https://globalgrid2050.com/
95680c5df289	https://globalgrid2050.com/
95695167b379	https://ventusltd.github.io/gb-electricity-ui/
9571838da959	https://globalgrid2050.com/
95749eb2669b	https://globalgrid2050.com/
9579636922a7	https://ventusltd.github.io/gridatlas/
958edb039337	https://ventusltd.github.io/solar-electrical-topology-analysis-engine-text-based/
95abf9ded380	https://globalgrid2050.com/
95cc28703550	https://globalgrid2050.com/
95d513df82c7	https://globalgrid2050.com/
95e4b18540ee	https://globalgrid2050.com/
95efebe9bc99	https://globalgrid2050.com/
95fc7bd6dffa	https://globalgrid2050.com/
95ff47c41aba	https://globalgrid2050.com/
96133f6b5db4	https://globalgrid2050.com/
9629f59774a3	https://ventusltd.github.io/registry_of_all_content_in_repos_and_dependencies/
9630db372bf9	https://globalgrid2050.com/
96334e4089e4	https://globalgrid2050.com/
9633bdc54353	https://globalgrid2050.com/
9633f70cfb30	https://globalgrid2050.com/
964867efdac9	https://globalgrid2050.com/
9651b5fca8ed	https://globalgrid2050.com/
9655224a3c5e	https://ventusltd.github.io/solar-electrical-topology-analysis-engine-text-based/
965aceb4d4fc	https://globalgrid2050.com/
965f8dd1b7e8	https://globalgrid2050.com/
966171a475ce	https://ventusltd.github.io/solar-electrical-topology-analysis-engine-text-based/
967365999a96	https://globalgrid2050.com/
9673c7a78f6a	https://globalgrid2050.com/
967beeb84462	https://ventusltd.github.io/stars/
967f08d7c3e4	https://globalgrid2050.com/
9684caee6172	https://ventusltd.github.io/solar-electrical-topology-analysis-engine-text-based/
968e1df2303a	https://globalgrid2050.com/
96970fe58ab8	https://globalgrid2050.com/
96caa0020e20	https://ventusltd.github.io/data_uk_dno_and_tso/
96cd65568cf2	https://globalgrid2050.com/
96d0f7513dfc	https://globalgrid2050.com/
96f28d13d25b	https://globalgrid2050.com/
96fc772a7ecd	https://globalgrid2050.com/
971b233d1e5c	https://ventusltd.github.io/gridatlas/
971f2d33f462	https://globalgrid2050.com/
9720ffd1e162	https://ventusltd.github.io/solar-electrical-topology-analysis-engine-text-based/
9721cefd12a7	https://globalgrid2050.com/
9722d21ac176	https://globalgrid2050.com/
975dc88da62f	https://ventusltd.github.io/solar-electrical-topology-analysis-engine-text-based/
977fc660a5c5	https://globalgrid2050.com/
979f45ed55ff	https://ventusltd.github.io/ventus-grid-engine/
97a49505e7d2	https://ventusltd.github.io/solar-electrical-topology-analysis-engine-text-based/
97b9901fb1b0	https://globalgrid2050.com/
97c705473664	https://ventusltd.github.io/gridatlas/
97cede1423fb	https://globalgrid2050.com/
97e6db12ac0c	https://globalgrid2050.com/
97eed50ae1d2	https://globalgrid2050.com/
97ef7cc73e42	https://ventusltd.github.io/solar-electrical-topology-analysis-engine-text-based/
97fb1b947073	https://globalgrid2050.com/
97fcc542032b	https://globalgrid2050.com/
98283dbeff81	https://globalgrid2050.com/
9835eb9a5ef4	https://ventusltd.github.io/code-generator/
98487320a905	https://globalgrid2050.com/
984bb620ba34	https://globalgrid2050.com/
98541f5649f0	https://ventusltd.github.io/solar-electrical-topology-analysis-engine-text-based/
985855a4ab91	https://globalgrid2050.com/
9864a408a367	https://ventusltd.github.io/solar-electrical-topology-analysis-engine-text-based/
987c841a3103	https://globalgrid2050.com/
9884d613d768	https://ventusltd.github.io/solar-electrical-topology-analysis-engine-text-based/
988d844ed8ae	https://ventusltd.github.io/solar-electrical-topology-analysis-engine-text-based/
988dc15e493e	https://globalgrid2050.com/
98932b4bbf50	https://ventusltd.github.io/gridatlas/
989674c22096	https://globalgrid2050.com/
98a05494b346	https://globalgrid2050.com/
98a375df3705	https://globalgrid2050.com/
98aaa5a92da7	https://globalgrid2050.com/
98b64969b450	https://globalgrid2050.com/
98bbed2ea99c	https://ventusltd.github.io/solar-electrical-topology-analysis-engine-text-based/
98c6c3f825d3	https://globalgrid2050.com/
98d088677608	https://globalgrid2050.com/
98e7af74f164	https://globalgrid2050.com/
98e8644e5d55	https://globalgrid2050.com/
98f32b9a8085	https://ventusltd.github.io/solar-electrical-topology-analysis-engine-text-based/
98f780d19bc0	https://globalgrid2050.com/
99004043574e	https://globalgrid2050.com/
990eb126f857	https://ventusltd.github.io/gridatlas/
990ee6662643	https://globalgrid2050.com/
991eb0c003c4	https://globalgrid2050.com/
9930346e1b5c	https://globalgrid2050.com/
99378791d520	https://globalgrid2050.com/
993a81d3f195	https://ventusltd.github.io/solar-electrical-topology-analysis-engine-text-based/
994312a6b098	https://globalgrid2050.com/
9957519a6569	https://ventusltd.github.io/galaxies-wafers/
995c1829a33c	https://ventusltd.github.io/data-centres-gb/
996f3047a328	https://globalgrid2050.com/
997a161a6b14	https://ventusltd.github.io/gridatlas/
997bd856068d	https://globalgrid2050.com/
9982cfb6a109	https://globalgrid2050.com/
998d127174f8	https://globalgrid2050.com/
99906b3fbb8d	https://globalgrid2050.com/
99961b5b7de4	https://ventusltd.github.io/solar-electrical-topology-analysis-engine-text-based/
999bcd84a93e	https://globalgrid2050.com/
999fc730492b	https://globalgrid2050.com/
99a07e6d461f	https://ventusltd.github.io/data_uk_dno_and_tso/
99b04821bfd0	https://ventusltd.github.io/solar-electrical-topology-analysis-engine-text-based/
99b2abb5f01a	https://ventusltd.github.io/solar-electrical-topology-analysis-engine-text-based/
99ba6fcc5c62	https://globalgrid2050.com/
99bdeba8ea4e	https://globalgrid2050.com/
99cbdd479d70	https://ventusltd.github.io/stars/
99dbe6d599d8	https://ventusltd.github.io/solar-electrical-topology-analysis-engine-text-based/
99e1988f45a9	https://globalgrid2050.com/
99f14dfd173e	https://ventusltd.github.io/gridatlas/
99f219ecc69d	https://globalgrid2050.com/
99f359cd7376	https://ventusltd.github.io/solar-electrical-topology-analysis-engine-text-based/
99f7385f65e1	https://globalgrid2050.com/
99fda72d55fa	https://globalgrid2050.com/
9a1b1ed18f77	https://globalgrid2050.com/
9a233eca6769	https://globalgrid2050.com/
9a29712c8f91	https://globalgrid2050.com/
9a320bd9245f	https://globalgrid2050.com/
9a42f104502f	https://globalgrid2050.com/
9a435b018357	https://ventusltd.github.io/stars/
9a4eda1c643f	https://ventusltd.github.io/stars/
9a54551874fd	https://globalgrid2050.com/
9a6d5cf4fca6	https://globalgrid2050.com/
9a70f04c0d54	https://ventusltd.github.io/gridatlas/
9a76fdc78015	https://globalgrid2050.com/
9aa17fbe8bee	https://globalgrid2050.com/
9aa3c637aff4	https://ventusltd.github.io/solar-electrical-topology-analysis-engine-text-based/
9ad556ddcfe2	https://ventusltd.github.io/solar-electrical-topology-analysis-engine-text-based/
9ae442232b9a	https://globalgrid2050.com/
9af8cee728ff	https://ventusltd.github.io/stars/
9b00809eb5d7	https://globalgrid2050.com/
9b08ad7b09d5	https://globalgrid2050.com/
9b10cbf04560	https://ventusltd.github.io/solar-electrical-topology-analysis-engine-text-based/
9b16961d8180	https://globalgrid2050.com/
9b2188296887	https://globalgrid2050.com/
9b29a5404984	https://globalgrid2050.com/
9b35163c13b0	https://globalgrid2050.com/
9b36448eef8f	https://globalgrid2050.com/
9b3e7b63dc7b	https://globalgrid2050.com/
9b49191c3f77	https://globalgrid2050.com/
9b79247640ab	https://globalgrid2050.com/
9b894fa52a7e	https://globalgrid2050.com/
9b98b1dc078f	https://globalgrid2050.com/
9ba16ba96046	https://ventusltd.github.io/gridatlas/
9ba78cf86ef4	https://ventusltd.github.io/gridatlas/
9ba8baa77eef	https://ventusltd.github.io/gridatlas/
9bae3ed18fce	https://globalgrid2050.com/
9bc14456df2d	https://globalgrid2050.com/
9bc22fb7cfe3	https://globalgrid2050.com/
9bc641ef1895	https://globalgrid2050.com/
9bd176e316a1	https://globalgrid2050.com/
9bdebfff6216	https://globalgrid2050.com/
9bf14b319179	https://globalgrid2050.com/
9c14b7005eb9	https://globalgrid2050.com/
9c180a44106a	https://ventusltd.github.io/solar-electrical-topology-analysis-engine-text-based/
9c310cdb143f	https://ventusltd.github.io/youengineer-code-review/
9c38ab04ab1f	https://globalgrid2050.com/
9c43414a9bf0	https://ventusltd.github.io/stars/
9c63db9b24db	https://globalgrid2050.com/
9c74ff692d2a	https://ventusltd.github.io/solar-electrical-topology-analysis-engine-text-based/
9c89a32385de	https://globalgrid2050.com/
9ca36ece4eec	https://globalgrid2050.com/
9ca694400c72	https://globalgrid2050.com/
9caa260a2813	https://globalgrid2050.com/
9cca7c07a450	https://globalgrid2050.com/
9cd0ba033afd	https://ventusltd.github.io/spiders/
9cdb553d0fbd	https://globalgrid2050.com/
9cedee764e5a	https://globalgrid2050.com/
9cf016b64a01	https://globalgrid2050.com/
9cf1680cded4	https://ventusltd.github.io/solar-electrical-topology-analysis-engine-text-based/
9cf6ba821990	https://globalgrid2050.com/
9d0a3c467fbf	https://ventusltd.github.io/solar-electrical-topology-analysis-engine-text-based/
9d16fa00ddc8	https://ventusltd.github.io/gridatlas/
9d1918a9d9c7	https://globalgrid2050.com/
9d2f169b0124	https://ventusltd.github.io/solar-electrical-topology-analysis-engine-text-based/
9d3568717825	https://globalgrid2050.com/
9d547071a2a4	https://globalgrid2050.com/
9d6de23b92ab	https://globalgrid2050.com/
9d7f230806ed	https://ventusltd.github.io/stars/
9d82d98cc78c	https://ventusltd.github.io/kuiper-belt/
9d899790236c	https://globalgrid2050.com/
9d8dca5f2c4a	https://ventusltd.github.io/solar-electrical-topology-analysis-engine-text-based/
9d9ba2041663	https://ventusltd.github.io/gridatlas/
9d9bc1618a0a	https://ventusltd.github.io/globalgrid2050-hompage/
9d9d3a455a27	https://globalgrid2050.com/
9ddbd26e5c5c	https://globalgrid2050.com/
9dec4d8e9b2a	https://ventusltd.github.io/data_uk_dno_and_tso/
9e22654cb4fe	https://globalgrid2050.com/
9e2615562480	https://globalgrid2050.com/
9e277240f585	https://globalgrid2050.com/
9e2c917ef22b	https://globalgrid2050.com/
9e33d63ce263	https://globalgrid2050.com/
9e3e8156801a	https://ventusltd.github.io/gridatlas/
9e477b018c40	https://globalgrid2050.com/
9e58786bc4ba	https://globalgrid2050.com/
9e58e3dff763	https://globalgrid2050.com/
9e593c548b29	https://ventusltd.github.io/solar-electrical-topology-analysis-engine-text-based/
9e5e6a2f0f60	https://ventusltd.github.io/solar-electrical-topology-analysis-engine-text-based/
9e5f46d837ff	https://globalgrid2050.com/
9e634d3ba9e2	https://globalgrid2050.com/
9e6df0d94e85	https://ventusltd.github.io/solar-electrical-topology-analysis-engine-text-based/
9e75ada75d5c	https://ventusltd.github.io/solar-electrical-topology-analysis-engine-text-based/
9e76a32b09f5	https://ventusltd.github.io/stars/
9e83f63ebbb9	https://globalgrid2050.com/
9ea1fd50309d	https://ventusltd.github.io/spiders/
9ead4a473520	https://globalgrid2050.com/
9ed3939b0ef5	https://globalgrid2050.com/
9eea1314b80f	https://globalgrid2050.com/
9ef32bb847b2	https://globalgrid2050.com/
9f0162e84495	https://globalgrid2050.com/
9f0d405632a5	https://ventusltd.github.io/stars/
9f15f06fb73d	https://globalgrid2050.com/
9f183606d1e2	https://globalgrid2050.com/
9f1efff6186b	https://globalgrid2050.com/
9f3328567ad9	https://globalgrid2050.com/
9f3e381e726f	https://globalgrid2050.com/
9f47f953b158	https://ventusltd.github.io/stars/
9f5a0ba06593	https://ventusltd.github.io/gridatlas/
9f6c2769487c	https://globalgrid2050.com/
9f74ccaf3a8c	https://globalgrid2050.com/
9f7f680018ab	https://globalgrid2050.com/
9f874c230c65	https://globalgrid2050.com/
9f8790524ec2	https://globalgrid2050.com/
9f936536f0bf	https://ventusltd.github.io/spiders/
9fa0e4a80a9f	https://globalgrid2050.com/
9fafda6c05a0	https://ventusltd.github.io/stars/
9faff5587f60	https://globalgrid2050.com/
9fd50c1f74d8	https://globalgrid2050.com/
9fdb9954d748	https://globalgrid2050.com/
9fe1c4af3f9f	https://ventusltd.github.io/gridatlas/
9ffedf83b6da	https://globalgrid2050.com/
9fffa1d9fb87	https://globalgrid2050.com/
a013627c73e1	https://globalgrid2050.com/
a023266d6768	https://globalgrid2050.com/
a03179f8a152	https://ventusltd.github.io/registry_of_all_content_in_repos_and_dependencies/
a038305681e9	https://globalgrid2050.com/
a043c8782fb7	https://globalgrid2050.com/
a04c81b0cc07	https://ventusltd.github.io/stars/
a05b279fc638	https://globalgrid2050.com/
a06a3be1e8e8	https://globalgrid2050.com/
a07532900cfc	https://globalgrid2050.com/
a0782f1ebce3	https://globalgrid2050.com/
a082e693bd42	https://globalgrid2050.com/
a090e24a3682	https://globalgrid2050.com/
a09a9127f9f4	https://globalgrid2050.com/
a0d51622243c	https://globalgrid2050.com/
a0d5780fd89a	https://globalgrid2050.com/
a0dafaaf5bac	https://globalgrid2050.com/
a0de88e85029	https://globalgrid2050.com/
a0e68a96c6cf	https://globalgrid2050.com/
a0f3d75d1949	https://ventusltd.github.io/solar-electrical-topology-analysis-engine-text-based/
a0f737469ea6	https://globalgrid2050.com/
a103a8cdf2f8	https://ventusltd.github.io/kuiper-belt/
a10b8274fc6c	https://globalgrid2050.com/
a1361a6bc672	https://ventusltd.github.io/registry_of_all_content_in_repos_and_dependencies/
a148d56f6340	https://globalgrid2050.com/
a149b19d345d	https://ventusltd.github.io/solar-electrical-topology-analysis-engine-text-based/
a15a70e8cd9e	https://globalgrid2050.com/
a16d85c509a0	https://globalgrid2050.com/
a174998cfb20	https://globalgrid2050.com/
a194083ad972	https://globalgrid2050.com/
a194b76851c9	https://globalgrid2050.com/
a1ad490bcb0d	https://globalgrid2050.com/
a1c3bb97ee8d	https://globalgrid2050.com/
a1c4e38d8088	https://globalgrid2050.com/
a1c8b9eed22a	https://ventusltd.github.io/solar-electrical-topology-analysis-engine-text-based/
a1ec1f8f4f0e	https://globalgrid2050.com/
a1eeb31aa25e	https://ventusltd.github.io/registry_of_all_content_in_repos_and_dependencies/
a1eec2685330	https://globalgrid2050.com/
a2109d995ebe	https://ventusltd.github.io/stars/
a216c997a3cf	https://globalgrid2050.com/
a222c14d9087	https://globalgrid2050.com/
a239aae2de32	https://ventusltd.github.io/solar-electrical-topology-analysis-engine-text-based/
a248e10fea94	https://globalgrid2050.com/
a249e1fec8af	https://globalgrid2050.com/
a24fa98d3c9e	https://globalgrid2050.com/
a2515cf433a3	https://ventusltd.github.io/solar-electrical-topology-analysis-engine-text-based/
a2556ac9a5f7	https://globalgrid2050.com/
a272605e2334	https://globalgrid2050.com/
a274b8613f4f	https://ventusltd.github.io/stars/
a27b59960f05	https://globalgrid2050.com/
a28f14635a09	https://ventusltd.github.io/gridatlas/
a29b6bbe8518	https://globalgrid2050.com/
a29bbbe61e00	https://ventusltd.github.io/registry_of_all_content_in_repos_and_dependencies/
a2ac682f5151	https://globalgrid2050.com/
a2b2f2e5dcc4	https://globalgrid2050.com/
a2b7882da669	https://globalgrid2050.com/
a2c7d5119e31	https://ventusltd.github.io/solar-electrical-topology-analysis-engine-text-based/
a2de13877538	https://globalgrid2050.com/
a2de584c9d5d	https://globalgrid2050.com/
a2e0249a9e70	https://ventusltd.github.io/solar-electrical-topology-analysis-engine-text-based/
a2e81480eeb5	https://ventusltd.github.io/solar-electrical-topology-analysis-engine-text-based/
a2f3ee320a40	https://ventusltd.github.io/stars/
a2fbcf2b55d0	https://globalgrid2050.com/
a30f2479e673	https://globalgrid2050.com/
a316512a447b	https://globalgrid2050.com/
a32626a16616	https://globalgrid2050.com/
a3299d32a402	https://globalgrid2050.com/
a33511f3218f	https://ventusltd.github.io/spiders/
a33f2840db5e	https://globalgrid2050.com/
a34ff709dccc	https://globalgrid2050.com/
a35000503656	https://globalgrid2050.com/
a36406663387	https://ventusltd.github.io/solar-electrical-topology-analysis-engine-text-based/
a368554c43a9	https://globalgrid2050.com/
a375e769d7b8	https://globalgrid2050.com/
a380796faf04	https://ventusltd.github.io/solar-electrical-topology-analysis-engine-text-based/
a387cac3aa3f	https://globalgrid2050.com/
a3a1b359237d	https://globalgrid2050.com/
a3b4f49dbf12	https://globalgrid2050.com/
a3cf44bf7271	https://globalgrid2050.com/
a3d3b1e53381	https://globalgrid2050.com/
a3d55686d1ba	https://globalgrid2050.com/
a3d7c88a385c	https://globalgrid2050.com/
a3f56f46fb16	https://globalgrid2050.com/
a3f897b4a851	https://globalgrid2050.com/
a3fd518cba74	https://globalgrid2050.com/
a409cc0ad840	https://globalgrid2050.com/
a4291071bd5e	https://globalgrid2050.com/
a42ef64bbfa8	https://globalgrid2050.com/
a431ca84ef64	https://globalgrid2050.com/
a4559a92430b	https://ventusltd.github.io/stars/
a45eed455e93	https://globalgrid2050.com/
a46376d6c839	https://ventusltd.github.io/ventus-grid-engine/
a469fa7e028d	https://globalgrid2050.com/
a48bcc5a3f89	https://globalgrid2050.com/
a4a1eeec35f0	https://globalgrid2050.com/
a4a579610c8d	https://globalgrid2050.com/
a4a8614beecd	https://globalgrid2050.com/
a4bb1bb4af35	https://globalgrid2050.com/
a508e29feceb	https://globalgrid2050.com/
a50f01d2ea51	https://ventusltd.github.io/spiders/
a51539ca0d9a	https://globalgrid2050.com/
a51c6f1b529c	https://globalgrid2050.com/
a52ae88f7003	https://globalgrid2050.com/
a5477d90641a	https://globalgrid2050.com/
a54e9ab23663	https://globalgrid2050.com/
a550a9c988c1	https://globalgrid2050.com/
a557838ddcd2	https://globalgrid2050.com/
a5585a51a8a5	https://globalgrid2050.com/
a5594e5c10c7	https://ventusltd.github.io/stars/
a559652dce11	https://globalgrid2050.com/
a567519d8420	https://globalgrid2050.com/
a56943448f13	https://globalgrid2050.com/
a57c45db292f	https://globalgrid2050.com/
a57e16c8bebe	https://ventusltd.github.io/solar-electrical-topology-analysis-engine-text-based/
a5847554a652	https://globalgrid2050.com/
a59a36259c09	https://globalgrid2050.com/
a59d41c4f1d9	https://ventusltd.github.io/solar-electrical-topology-analysis-engine-text-based/
a5bcef411535	https://globalgrid2050.com/
a5c0154fac69	https://globalgrid2050.com/
a5c58f1de1ed	https://globalgrid2050.com/
a5c688c815ca	https://globalgrid2050.com/
a5c800347016	https://globalgrid2050.com/
a5db531642dd	https://ventusltd.github.io/solar-electrical-topology-analysis-engine-text-based/
a5e61a0ff65f	https://globalgrid2050.com/
a5e6b8138987	https://globalgrid2050.com/
a5f881d44e3a	https://globalgrid2050.com/
a601ba2cb602	https://globalgrid2050.com/
a612e998448e	https://ventusltd.github.io/ventus-grid-engine/
a6191165f52a	https://globalgrid2050.com/
a62e7f5d0291	https://globalgrid2050.com/
a63de9678c53	https://globalgrid2050.com/
a6484a0a7c2a	https://globalgrid2050.com/
a6576ee5cbc7	https://globalgrid2050.com/
a65dfa03febe	https://ventusltd.github.io/gridatlas/
a66c10ea62fe	https://globalgrid2050.com/
a6814fd23cf5	https://globalgrid2050.com/
a691ed186226	https://globalgrid2050.com/
a6a90511dfe4	https://globalgrid2050.com/
a6ad10c8b67e	https://globalgrid2050.com/
a6b89a224da5	https://globalgrid2050.com/
a6ce944f9bd4	https://globalgrid2050.com/
a6da1bb1db2b	https://globalgrid2050.com/
a6ef3d673848	https://globalgrid2050.com/
a6fafba6fc69	https://globalgrid2050.com/
a6fbfe1806f6	https://globalgrid2050.com/
a71345c5375e	https://globalgrid2050.com/
a7159a5a059b	https://globalgrid2050.com/
a71da3cf8039	https://globalgrid2050.com/
a73d25cc620f	https://ventusltd.github.io/stars/
a7485161648d	https://globalgrid2050.com/
a74e7764d033	https://globalgrid2050.com/
a7549330e4b0	https://globalgrid2050.com/
a75957b68b68	https://globalgrid2050.com/
a7712fdabedd	https://ventusltd.github.io/stars/
a776d12ff2cc	https://globalgrid2050.com/
a77d369ea294	https://globalgrid2050.com/
a789b601d041	https://ventusltd.github.io/solar-electrical-topology-analysis-engine-text-based/
a7bf72cd6a40	https://globalgrid2050.com/
a7d1438b6517	https://ventusltd.github.io/solar-electrical-topology-analysis-engine-text-based/
a7d18c653129	https://ventusltd.github.io/solar-electrical-topology-analysis-engine-text-based/
a7e71b4170a2	https://globalgrid2050.com/
a7e997297494	https://globalgrid2050.com/
a7f864c2c3bb	https://globalgrid2050.com/
a7fab5c6fe4a	https://globalgrid2050.com/
a800b041fe82	https://globalgrid2050.com/
a8193e05604e	https://ventusltd.github.io/spiders/
a8219a92e75b	https://ventusltd.github.io/youengineer-code-review/
a822de40c5f4	https://globalgrid2050.com/
a83541802afd	https://globalgrid2050.com/
a85270b70a4d	https://globalgrid2050.com/
a8530ba28c48	https://globalgrid2050.com/
a857d60fa79d	https://globalgrid2050.com/
a86449e55719	https://ventusltd.github.io/solar-electrical-topology-analysis-engine-text-based/
a865ad7ff03b	https://globalgrid2050.com/
a867d2796997	https://ventusltd.github.io/ventus-grid-engine/
a86bd25479df	https://ventusltd.github.io/gridatlas/
a86f99429f6f	https://globalgrid2050.com/
a872a4288a29	https://globalgrid2050.com/
a88f0d362148	https://globalgrid2050.com/
a8a037b58f41	https://ventusltd.github.io/youengineer-code-review/
a8ae433687b3	https://ventusltd.github.io/globalgrid2050-hompage/
a8b136b0cc85	https://globalgrid2050.com/
a8d256b25c77	https://globalgrid2050.com/
a8d41289d285	https://globalgrid2050.com/
a8df7ad2e152	https://globalgrid2050.com/
a8e6185431ff	https://globalgrid2050.com/
a90d77fb58dc	https://globalgrid2050.com/
a9247f14c1e6	https://ventusltd.github.io/gridatlas/
a936979465cf	https://globalgrid2050.com/
a93d7a01784b	https://globalgrid2050.com/
a94738cb6d70	https://ventusltd.github.io/stars/
a94d58a1ebf8	https://globalgrid2050.com/
a955f25edaa5	https://globalgrid2050.com/
a95834ebadac	https://globalgrid2050.com/
a96616797e0b	https://globalgrid2050.com/
a975d47c55ee	https://globalgrid2050.com/
a983c9fbb7d2	https://globalgrid2050.com/
a9852ff26e65	https://ventusltd.github.io/solar-electrical-topology-analysis-engine-text-based/
a98ff90b33ac	https://ventusltd.github.io/kuiper-belt/
a9af8b9810c2	https://globalgrid2050.com/
a9c315d4bdfa	https://globalgrid2050.com/
a9c50fc61b41	https://globalgrid2050.com/
a9d45bb4792c	https://globalgrid2050.com/
a9e0c12d0928	https://globalgrid2050.com/
a9f1a8a371e8	https://ventusltd.github.io/gridatlas/
a9f2f76f4595	https://ventusltd.github.io/gridatlas/
a9f36a85d64a	https://ventusltd.github.io/stars/
a9f50776d5a6	https://globalgrid2050.com/
a9f6440ed218	https://globalgrid2050.com/
aa11ccd03055	https://globalgrid2050.com/
aa46464030f4	https://ventusltd.github.io/solar-electrical-topology-analysis-engine-text-based/
aa51047d2acf	https://globalgrid2050.com/
aa5576d9c28b	https://globalgrid2050.com/
aa60db8d45d4	https://globalgrid2050.com/
aa64e561a2f5	https://globalgrid2050.com/
aa651426cca2	https://ventusltd.github.io/gridatlas/
aa691af9ed73	https://ventusltd.github.io/faraday/
aa6ad625611d	https://globalgrid2050.com/
aa7347265e80	https://ventusltd.github.io/solar-electrical-topology-analysis-engine-text-based/
aa744c2a3b2e	https://globalgrid2050.com/
aa747904e71b	https://globalgrid2050.com/
aa8ebe48453d	https://ventusltd.github.io/gridatlas/
aa99ffb72e4e	https://globalgrid2050.com/
aa9bc528c729	https://ventusltd.github.io/solar-electrical-topology-analysis-engine-text-based/
aa9d9a1aff42	https://globalgrid2050.com/
aaacfd8e4414	https://ventusltd.github.io/solar-electrical-topology-analysis-engine-text-based/
aaad213d616c	https://globalgrid2050.com/
aab79b544a12	https://ventusltd.github.io/gb-electricity-ui/
aabc59e55da7	https://globalgrid2050.com/
aabd23962615	https://globalgrid2050.com/
aac226ca3aba	https://globalgrid2050.com/
aad134ffc55f	https://ventusltd.github.io/solar-electrical-topology-analysis-engine-text-based/
aad6498f40ef	https://globalgrid2050.com/
aae4b6452f94	https://globalgrid2050.com/
aaf7596e956c	https://globalgrid2050.com/
aaf8f1f2c2a0	https://globalgrid2050.com/
ab0aa761a4e6	https://globalgrid2050.com/
ab2209b66605	https://globalgrid2050.com/
ab3cf7276c7f	https://ventusltd.github.io/solar-electrical-topology-analysis-engine-text-based/
ab46203dcdfe	https://ventusltd.github.io/gridatlas/
ab54dd6d093c	https://globalgrid2050.com/
ab7152fc9a01	https://globalgrid2050.com/
ab71c3c6e3fb	https://globalgrid2050.com/
ab7cdde004aa	https://globalgrid2050.com/
ab88762810b2	https://globalgrid2050.com/
abb47bd2cc7b	https://ventusltd.github.io/solar-electrical-topology-analysis-engine-text-based/
abb6eaa1b1a0	https://globalgrid2050.com/
abd662f18f66	https://globalgrid2050.com/
abe7c46f8b52	https://globalgrid2050.com/
abea8ceb0fcf	https://globalgrid2050.com/
abeb23722541	https://globalgrid2050.com/
abebc2253259	https://ventusltd.github.io/spiders/
abfae6197010	https://globalgrid2050.com/
ac00b9f32618	https://ventusltd.github.io/gridatlas/
ac0cc17b669f	https://globalgrid2050.com/
ac11d58d58e9	https://globalgrid2050.com/
ac181c4f7890	https://ventusltd.github.io/stars/
ac2dcef1ce26	https://globalgrid2050.com/
ac4153f1ff1b	https://globalgrid2050.com/
ac427e038e1a	https://globalgrid2050.com/
ac4fe0f772ef	https://globalgrid2050.com/
ac50693adcc6	https://globalgrid2050.com/
ac53d1af4886	https://globalgrid2050.com/
ac6645b5d033	https://globalgrid2050.com/
ac6ae1a3dbb7	https://globalgrid2050.com/
ac7ab79a58e5	https://ventusltd.github.io/stars/
ac7b36ab631a	https://globalgrid2050.com/
ac83038a95b2	https://ventusltd.github.io/solar-electrical-topology-analysis-engine-text-based/
ac902f27397c	https://ventusltd.github.io/solar-electrical-topology-analysis-engine-text-based/
ac93e8830ec0	https://ventusltd.github.io/solar-electrical-topology-analysis-engine-text-based/
ac94efbe0516	https://globalgrid2050.com/
acaca45c9157	https://globalgrid2050.com/
acaccb289c50	https://globalgrid2050.com/
acb0f0b2aac8	https://ventusltd.github.io/stars/
acc6840521e0	https://globalgrid2050.com/
acc8a9153ffd	https://ventusltd.github.io/spiders/
acc8b6345391	https://ventusltd.github.io/solar-electrical-topology-analysis-engine-text-based/
acd3cce515b6	https://globalgrid2050.com/
acdcaf45cb8f	https://ventusltd.github.io/solar-electrical-topology-analysis-engine-text-based/
ace710503351	https://globalgrid2050.com/
acea8b326396	https://ventusltd.github.io/stars/
ad185d56167f	https://ventusltd.github.io/kuiper-belt/
ad2626f008d6	https://globalgrid2050.com/
ad31e913de2d	https://globalgrid2050.com/
ad34b6b4909c	https://ventusltd.github.io/kuiper-belt/
ad53457da695	https://globalgrid2050.com/
ad5cc7e65352	https://globalgrid2050.com/
ad6662a43525	https://globalgrid2050.com/
ad6bd70e4da8	https://globalgrid2050.com/
ad6f190b43b3	https://globalgrid2050.com/
ad6f22ff5de9	https://globalgrid2050.com/
ad746fc9a640	https://ventusltd.github.io/solar-electrical-topology-analysis-engine-text-based/
ad778769ad53	https://globalgrid2050.com/
ad839ab88aaf	https://ventusltd.github.io/solar-electrical-topology-analysis-engine-text-based/
ad84ce05f5ed	https://globalgrid2050.com/
ad8b36f450cf	https://globalgrid2050.com/
ad9328ad26da	https://globalgrid2050.com/
ada1927509df	https://ventusltd.github.io/globalgrid2050-hompage/
ada96704da21	https://globalgrid2050.com/
adc56c7b9372	https://globalgrid2050.com/
add9f36d3a11	https://globalgrid2050.com/
ae021da1643d	https://ventusltd.github.io/solar-electrical-topology-analysis-engine-text-based/
ae068652f488	https://globalgrid2050.com/
ae09d87b76a8	https://ventusltd.github.io/kuiper-belt/
ae15fffeaf30	https://globalgrid2050.com/
ae16f0fa9f87	https://globalgrid2050.com/
ae21502e643b	https://globalgrid2050.com/
ae270a8e299d	https://globalgrid2050.com/
ae2b49142e58	https://globalgrid2050.com/
ae2d1a81d5b1	https://ventusltd.github.io/solar-electrical-topology-analysis-engine-text-based/
ae3d052052b2	https://globalgrid2050.com/
ae4465177156	https://globalgrid2050.com/
ae5a46fe0335	https://globalgrid2050.com/
ae5b0d832fe0	https://ventusltd.github.io/stars/
ae5f336f820a	https://globalgrid2050.com/
ae626d3d7407	https://globalgrid2050.com/
ae69b6804646	https://ventusltd.github.io/solar-electrical-topology-analysis-engine-text-based/
ae815c237c05	https://ventusltd.github.io/solar-electrical-topology-analysis-engine-text-based/
aea3ac9dbf8e	https://ventusltd.github.io/stars/
aea71619175d	https://ventusltd.github.io/solar-electrical-topology-analysis-engine-text-based/
aea829f0b119	https://globalgrid2050.com/
aeb821f6778c	https://ventusltd.github.io/data_uk_dno_and_tso/
aec464647941	https://globalgrid2050.com/
aed09559d3d9	https://globalgrid2050.com/
aed412d9648c	https://globalgrid2050.com/
aedb549b679a	https://globalgrid2050.com/
aef8c0830d7f	https://globalgrid2050.com/
aeff728e06b9	https://globalgrid2050.com/
af04bf36e849	https://globalgrid2050.com/
af04cc92c84b	https://globalgrid2050.com/
af059514452c	https://globalgrid2050.com/
af1854bd6087	https://globalgrid2050.com/
af1fd0ad66b9	https://globalgrid2050.com/
af2c2c210c3f	https://ventusltd.github.io/data_uk_dno_and_tso/
af3d423691af	https://globalgrid2050.com/
af48752cd88c	https://globalgrid2050.com/
af59d552e64b	https://globalgrid2050.com/
af68e1462fed	https://globalgrid2050.com/
af6c54af8954	https://globalgrid2050.com/
af75adb3537f	https://globalgrid2050.com/
af79782bbaf5	https://ventusltd.github.io/spiders/
af7b61b062d8	https://ventusltd.github.io/solar-electrical-topology-analysis-engine-text-based/
af918e3809a9	https://globalgrid2050.com/
afb43d2cfebf	https://globalgrid2050.com/
afba8ea1e5b7	https://globalgrid2050.com/
afd2d78d9dcf	https://ventusltd.github.io/stars/
afda07b50013	https://globalgrid2050.com/
afea7a8eeea7	https://ventusltd.github.io/solar-electrical-topology-analysis-engine-text-based/
b00762fd83be	https://globalgrid2050.com/
b0082a05712e	https://globalgrid2050.com/
b00d5d76c204	https://globalgrid2050.com/
b014956228c0	https://globalgrid2050.com/
b03ec3f2cc6b	https://globalgrid2050.com/
b04715edba77	https://globalgrid2050.com/
b04b2794606c	https://globalgrid2050.com/
b0607f35f56e	https://globalgrid2050.com/
b06288db680f	https://ventusltd.github.io/solar-electrical-topology-analysis-engine-text-based/
b06974c673bd	https://globalgrid2050.com/
b06f414066cb	https://globalgrid2050.com/
b075b0f1acab	https://ventusltd.github.io/gridatlas/
b0797cc7fe3e	https://globalgrid2050.com/
b08a4c770303	https://ventusltd.github.io/solar-electrical-topology-analysis-engine-text-based/
b0970a87a453	https://globalgrid2050.com/
b09fd2ae5934	https://globalgrid2050.com/
b0a64d34796b	https://globalgrid2050.com/
b0d5dba7a1fc	https://globalgrid2050.com/
b0de8d9b9e4c	https://ventusltd.github.io/solar-electrical-topology-analysis-engine-text-based/
b0e78c66b867	https://globalgrid2050.com/
b0f2b8c100a2	https://ventusltd.github.io/solar-electrical-topology-analysis-engine-text-based/
b0f2e4e28b60	https://ventusltd.github.io/solar-electrical-topology-analysis-engine-text-based/
b0ffcbeab240	https://globalgrid2050.com/
b1024673bd51	https://globalgrid2050.com/
b12ac2965d88	https://globalgrid2050.com/
b13649db76b9	https://globalgrid2050.com/
b146f27dcfb6	https://globalgrid2050.com/
b1521388bf88	https://globalgrid2050.com/
b16587e8b939	https://globalgrid2050.com/
b16d3a7aad3a	https://ventusltd.github.io/solar-electrical-topology-analysis-engine-text-based/
b17b29c9adfd	https://globalgrid2050.com/
b188184fa06a	https://ventusltd.github.io/solar-electrical-topology-analysis-engine-text-based/
b18a6ec431d1	https://globalgrid2050.com/
b193de0ceb8e	https://ventusltd.github.io/gridatlas/
b1a249153645	https://globalgrid2050.com/
b1b0012abd95	https://ventusltd.github.io/gridatlas/
b1cb19a68c4a	https://globalgrid2050.com/
b1dbd32a5bef	https://globalgrid2050.com/
b1e2196e8d9d	https://ventusltd.github.io/solar-electrical-topology-analysis-engine-text-based/
b1e73c1cb8f8	https://globalgrid2050.com/
b1edb74a3b46	https://globalgrid2050.com/
b1f0d3e22aae	https://ventusltd.github.io/solar-electrical-topology-analysis-engine-text-based/
b1f61dad856e	https://globalgrid2050.com/
b2023334d39c	https://globalgrid2050.com/
b21997eb9c08	https://globalgrid2050.com/
b21f5d0475a1	https://globalgrid2050.com/
b24f710be529	https://globalgrid2050.com/
b25ccbaa347c	https://globalgrid2050.com/
b263b33de573	https://globalgrid2050.com/
b268a489ef39	https://globalgrid2050.com/
b273b5e33845	https://globalgrid2050.com/
b277df1872d1	https://globalgrid2050.com/
b279d42c34a3	https://globalgrid2050.com/
b2888f6905f2	https://ventusltd.github.io/solar-electrical-topology-analysis-engine-text-based/
b288971dd4c4	https://ventusltd.github.io/stars/
b2a15fc55997	https://globalgrid2050.com/
b2be24b3673a	https://ventusltd.github.io/data-centres-gb/
b2cf79ee6d11	https://ventusltd.github.io/solar-electrical-topology-analysis-engine-text-based/
b2dd244a7422	https://globalgrid2050.com/
b2f567c3074d	https://ventusltd.github.io/solar-electrical-topology-analysis-engine-text-based/
b30096358813	https://globalgrid2050.com/
b30d4409ba80	https://globalgrid2050.com/
b316e881e454	https://ventusltd.github.io/solar-electrical-topology-analysis-engine-text-based/
b327f734891f	https://ventusltd.github.io/stars/
b32cc44164c2	https://globalgrid2050.com/
b34e2cbe0411	https://ventusltd.github.io/globalgrid2050-hompage/
b354e57d3080	https://globalgrid2050.com/
b35f9b538528	https://ventusltd.github.io/spiders/
b36b78ea0cb9	https://globalgrid2050.com/
b3841a6ca72b	https://ventusltd.github.io/solar-electrical-topology-analysis-engine-text-based/
b39ffd6aea8e	https://globalgrid2050.com/
b3b791f7b685	https://globalgrid2050.com/
b3d75af82d5e	https://globalgrid2050.com/
b3dff3e7831f	https://globalgrid2050.com/
b3e0df15f3be	https://ventusltd.github.io/data_uk_dno_and_tso/
b3f1df1789c3	https://globalgrid2050.com/
b3f75b0a3a1e	https://globalgrid2050.com/
b3ff3df794d4	https://ventusltd.github.io/solar-electrical-topology-analysis-engine-text-based/
b4096754f743	https://globalgrid2050.com/
b40d77d7ed95	https://globalgrid2050.com/
b4204ec986a3	https://ventusltd.github.io/solar-electrical-topology-analysis-engine-text-based/
b4210535dc6e	https://globalgrid2050.com/
b4348e51e025	https://globalgrid2050.com/
b438a5a73d70	https://ventusltd.github.io/globalgrid2050-hompage/
b43a9da36787	https://ventusltd.github.io/solar-electrical-topology-analysis-engine-text-based/
b43dc85af3e0	https://ventusltd.github.io/gridatlas/
b44bd6e7e83b	https://globalgrid2050.com/
b44f6c1f3446	https://ventusltd.github.io/solar-electrical-topology-analysis-engine-text-based/
b45566bd7fec	https://globalgrid2050.com/
b45a0aca597b	https://globalgrid2050.com/
b45f92eef34e	https://ventusltd.github.io/gridatlas/
b46683b8f240	https://ventusltd.github.io/solar-electrical-topology-analysis-engine-text-based/
b46cd732cf09	https://globalgrid2050.com/
b46ed582b970	https://globalgrid2050.com/
b47609b9252f	https://ventusltd.github.io/spiders/
b479747c6819	https://ventusltd.github.io/stars/
b47c48ecd04d	https://ventusltd.github.io/gridatlas/
b47c5d8161d3	https://globalgrid2050.com/
b48b657aa7ed	https://ventusltd.github.io/solar-electrical-topology-analysis-engine-text-based/
b49d3ed754d9	https://globalgrid2050.com/
b4b2b22043ea	https://globalgrid2050.com/
b4b53ed470a9	https://globalgrid2050.com/
b4cc7f9f429d	https://ventusltd.github.io/youengineer-code-review/
b4f57c9a5f34	https://ventusltd.github.io/solar-electrical-topology-analysis-engine-text-based/
b4f9e75a7cd1	https://ventusltd.github.io/kuiper-belt/
b51aa27353fa	https://globalgrid2050.com/
b5257e4b7d52	https://ventusltd.github.io/solar-electrical-topology-analysis-engine-text-based/
b52f3dd7d0f5	https://ventusltd.github.io/data_uk_dno_and_tso/
b533849c36a8	https://ventusltd.github.io/data_uk_dno_and_tso/
b547006686c6	https://globalgrid2050.com/
b55aa75660c1	https://globalgrid2050.com/
b568d06481e0	https://globalgrid2050.com/
b578ee3d2f28	https://ventusltd.github.io/solar-electrical-topology-analysis-engine-text-based/
b582c02a767e	https://globalgrid2050.com/
b5865eaea130	https://ventusltd.github.io/solar-electrical-topology-analysis-engine-text-based/
b58f9aaf9fb7	https://globalgrid2050.com/
b59b45fdfc96	https://globalgrid2050.com/
b5a5ee353e13	https://ventusltd.github.io/gridatlas/
b5a77a19ce6e	https://globalgrid2050.com/
b5ab0d6d3cab	https://ventusltd.github.io/solar-electrical-topology-analysis-engine-text-based/
b5abce1c25b6	https://globalgrid2050.com/
b5b4616e6ee6	https://ventusltd.github.io/solar-electrical-topology-analysis-engine-text-based/
b5b47edb228b	https://globalgrid2050.com/
b5d1ac22c554	https://globalgrid2050.com/
b601475250c2	https://globalgrid2050.com/
b603e87f368d	https://globalgrid2050.com/
b61833c9399e	https://globalgrid2050.com/
b61cb93d848b	https://globalgrid2050.com/
b62076ec670c	https://globalgrid2050.com/
b62f9f37aa6d	https://globalgrid2050.com/
b63869d4066f	https://ventusltd.github.io/ventus-grid-engine/
b63b654ffe4f	https://globalgrid2050.com/
b642f4ce54eb	https://ventusltd.github.io/ventus-grid-engine/
b649a888680e	https://ventusltd.github.io/gridatlas/
b6787b2f8395	https://globalgrid2050.com/
b67d0a02e069	https://ventusltd.github.io/gridatlas/
b6969def60b5	https://globalgrid2050.com/
b6985e6dd190	https://globalgrid2050.com/
b6bbfd0737ff	https://ventusltd.github.io/solar-electrical-topology-analysis-engine-text-based/
b6cd19a33e60	https://globalgrid2050.com/
b6d2cfab2d7a	https://globalgrid2050.com/
b6d42af79454	https://globalgrid2050.com/
b6d6e11e3bc3	https://globalgrid2050.com/
b6dc552fb972	https://globalgrid2050.com/
b6e1c5ab7a50	https://ventusltd.github.io/stars/
b6e1e6be92f7	https://globalgrid2050.com/
b6fc8b57518c	https://globalgrid2050.com/
b70dc61d71da	https://globalgrid2050.com/
b720d94e1937	https://globalgrid2050.com/
b721a207207f	https://ventusltd.github.io/solar-electrical-topology-analysis-engine-text-based/
b738707679e2	https://ventusltd.github.io/solar-electrical-topology-analysis-engine-text-based/
b76ab1194b15	https://globalgrid2050.com/
b76b0beb5cd9	https://ventusltd.github.io/gridatlas/
b76b95f94b2a	https://globalgrid2050.com/
b791b74e5551	https://ventusltd.github.io/gridatlas/
b79f7bffd6ef	https://ventusltd.github.io/solar-electrical-topology-analysis-engine-text-based/
b7ba3b7700a5	https://globalgrid2050.com/
b7c0d1cebfc2	https://globalgrid2050.com/
b7cec11b95aa	https://globalgrid2050.com/
b7cec80e3494	https://globalgrid2050.com/
b7dab3160083	https://ventusltd.github.io/stars/
b7de9210c256	https://globalgrid2050.com/
b7f361eac9c5	https://globalgrid2050.com/
b7f7402c479a	https://globalgrid2050.com/
b8007fe87218	https://globalgrid2050.com/
b815cbcfaebd	https://globalgrid2050.com/
b83e0810dd07	https://globalgrid2050.com/
b84519ae2dd8	https://globalgrid2050.com/
b845470fb0b5	https://ventusltd.github.io/stars/
b85cc5faefc6	https://globalgrid2050.com/
b85df31059a8	https://globalgrid2050.com/
b86ad567e64d	https://ventusltd.github.io/star-electron-star/
b874f456f513	https://globalgrid2050.com/
b899f3aa04dd	https://globalgrid2050.com/
b8b88f56531e	https://ventusltd.github.io/solar-electrical-topology-analysis-engine-text-based/
b8bd9a655bff	https://globalgrid2050.com/
b8bf9baea5dd	https://globalgrid2050.com/
b8bffa2ecfbd	https://globalgrid2050.com/
b8c5dc26b14f	https://globalgrid2050.com/
b8c9f352bb37	https://globalgrid2050.com/
b8f11a71d8b6	https://ventusltd.github.io/solar-electrical-topology-analysis-engine-text-based/
b90caf13c45e	https://globalgrid2050.com/
b90d1cd08cf6	https://globalgrid2050.com/
b912621cf221	https://globalgrid2050.com/
b92332159521	https://ventusltd.github.io/gridatlas/
b94392661945	https://ventusltd.github.io/solar-electrical-topology-analysis-engine-text-based/
b948e4e6cc61	https://globalgrid2050.com/
b94f48616295	https://globalgrid2050.com/
b9589f94673f	https://globalgrid2050.com/
b96303a8366e	https://globalgrid2050.com/
b96a6d5896cc	https://globalgrid2050.com/
b96d6a84a22e	https://globalgrid2050.com/
b976b3955da0	https://globalgrid2050.com/
b99a94718db1	https://globalgrid2050.com/
b9a9268d9798	https://globalgrid2050.com/
b9afa9b3813c	https://globalgrid2050.com/
b9bf3ed6c6de	https://ventusltd.github.io/solar-electrical-topology-analysis-engine-text-based/
b9c4d6e67683	https://globalgrid2050.com/
b9c5d4dd77a4	https://globalgrid2050.com/
b9c82a97d962	https://globalgrid2050.com/
b9d22afdce9b	https://globalgrid2050.com/
b9d4f155cbc0	https://globalgrid2050.com/
b9da521beeac	https://globalgrid2050.com/
b9e54c3f6aa4	https://globalgrid2050.com/
b9fab290cfef	https://globalgrid2050.com/
ba120741a23a	https://globalgrid2050.com/
ba1b42d4d042	https://globalgrid2050.com/
ba1d4ff062f2	https://globalgrid2050.com/
ba2c67edcd83	https://globalgrid2050.com/
ba2c94258189	https://globalgrid2050.com/
ba3c12e11e49	https://globalgrid2050.com/
ba5f37cd080a	https://globalgrid2050.com/
ba6b4f6587c9	https://ventusltd.github.io/solar-electrical-topology-analysis-engine-text-based/
ba76f7f98ad1	https://ventusltd.github.io/gridatlas/
ba78b600f300	https://ventusltd.github.io/ventus-grid-engine/
ba868569d20e	https://ventusltd.github.io/solar-electrical-topology-analysis-engine-text-based/
ba8a01fced34	https://ventusltd.github.io/globalgrid2050-hompage/
ba8a84f35a92	https://globalgrid2050.com/
ba91af4cb902	https://ventusltd.github.io/ventus-grid-engine/
ba99642b4464	https://globalgrid2050.com/
ba9d542083b1	https://globalgrid2050.com/
ba9fa25dba4a	https://globalgrid2050.com/
baa2b6b959a3	https://ventusltd.github.io/solar-electrical-topology-analysis-engine-text-based/
baa9b7d8eecf	https://globalgrid2050.com/
baaafc842bec	https://ventusltd.github.io/ventus-grid-engine/
babeff7537c6	https://ventusltd.github.io/solar-electrical-topology-analysis-engine-text-based/
bac321dfe9bb	https://globalgrid2050.com/
bad6f9815645	https://globalgrid2050.com/
bae6844f85e2	https://globalgrid2050.com/
bae970ca022f	https://globalgrid2050.com/
baf139f3fabc	https://globalgrid2050.com/
baf9ee7052a7	https://ventusltd.github.io/gridatlas/
bafc44c74f0d	https://globalgrid2050.com/
bb009d7b1fdc	https://globalgrid2050.com/
bb13c5d6c182	https://globalgrid2050.com/
bb325e2dd084	https://globalgrid2050.com/
bb4947bccc9c	https://globalgrid2050.com/
bb53defd4e12	https://ventusltd.github.io/solar-electrical-topology-analysis-engine-text-based/
bb5e64a87c05	https://globalgrid2050.com/
bb679770f512	https://ventusltd.github.io/kuiper-belt/
bb7d0b4af86f	https://ventusltd.github.io/grid-dictionary/
bb7eb7ed2f34	https://ventusltd.github.io/gridatlas/
bb8485f6dbe6	https://globalgrid2050.com/
bb8c28a56241	https://ventusltd.github.io/gridatlas/
bb919600c592	https://globalgrid2050.com/
bbb2d61d3dd1	https://globalgrid2050.com/
bbc05d8782dc	https://globalgrid2050.com/
bbc55d00dce8	https://globalgrid2050.com/
bbd858e3eb88	https://globalgrid2050.com/
bbdc8523e34b	https://globalgrid2050.com/
bbeacf9e7970	https://ventusltd.github.io/spiders/
bbeddcad1f71	https://globalgrid2050.com/
bbee59603575	https://globalgrid2050.com/
bbf17b6b9fe4	https://globalgrid2050.com/
bbf7d4988e8e	https://globalgrid2050.com/
bc0a657d84c9	https://globalgrid2050.com/
bc1da527ae9e	https://ventusltd.github.io/gridatlas/
bc23e076fc2d	https://globalgrid2050.com/
bc292f9a3399	https://globalgrid2050.com/
bc445eb3395e	https://globalgrid2050.com/
bc6884a01b96	https://globalgrid2050.com/
bc805b267c7a	https://globalgrid2050.com/
bc84e627e067	https://ventusltd.github.io/spiders/
bc85816d5ddc	https://globalgrid2050.com/
bca961d00fb3	https://globalgrid2050.com/
bcc67803799f	https://globalgrid2050.com/
bcc84ccddc39	https://globalgrid2050.com/
bcde64839865	https://globalgrid2050.com/
bd0010d4e21d	https://ventusltd.github.io/galaxies-wafers/
bd053d9dacb3	https://globalgrid2050.com/
bd0e49a7a1c4	https://globalgrid2050.com/
bd1a8518e9b6	https://globalgrid2050.com/
bd1f4c469d7a	https://globalgrid2050.com/
bd292a9b92a2	https://ventusltd.github.io/spiders/
bd338abf634d	https://ventusltd.github.io/globalgrid2050-hompage/
bd3424aa9755	https://globalgrid2050.com/
bd35f24ba7f4	https://ventusltd.github.io/solar-electrical-topology-analysis-engine-text-based/
bd3e85315b53	https://globalgrid2050.com/
bd429134e2db	https://ventusltd.github.io/kuiper-belt/
bd57b602fef9	https://globalgrid2050.com/
bd5e058870a6	https://globalgrid2050.com/
bd6af85a422d	https://ventusltd.github.io/gridatlas/
bd6c56999118	https://globalgrid2050.com/
bd7f5701d7af	https://globalgrid2050.com/
bd7fb7cb6bd7	https://ventusltd.github.io/solar-electrical-topology-analysis-engine-text-based/
bd811683c296	https://ventusltd.github.io/solar-electrical-topology-analysis-engine-text-based/
bd9971e84aae	https://globalgrid2050.com/
bd9a5378463e	https://globalgrid2050.com/
bd9d8b17c3a8	https://globalgrid2050.com/
bda14f35030f	https://globalgrid2050.com/
bdabdd5d443e	https://globalgrid2050.com/
bdb596f37957	https://globalgrid2050.com/
bdbd88dcefed	https://globalgrid2050.com/
bdd7eb9167d4	https://globalgrid2050.com/
bdf140d254cc	https://globalgrid2050.com/
be00f1eeb388	https://ventusltd.github.io/galaxies-wafers/
be057061311f	https://ventusltd.github.io/ventus-grid-engine/
be102eeb91f4	https://globalgrid2050.com/
be1cd18cf585	https://globalgrid2050.com/
be1da100df4d	https://globalgrid2050.com/
be2113b7db53	https://globalgrid2050.com/
be247fd4208a	https://ventusltd.github.io/spiders/
be24f63a5754	https://ventusltd.github.io/solar-electrical-topology-analysis-engine-text-based/
be3646f90050	https://globalgrid2050.com/
be37cb2545bb	https://ventusltd.github.io/stars/
be40dd756ef0	https://globalgrid2050.com/
be593ac96d75	https://ventusltd.github.io/youengineer-code-review/
be62c82b9ffe	https://ventusltd.github.io/galaxies-wafers/
be6c0da3d863	https://globalgrid2050.com/
bea78c7af35a	https://globalgrid2050.com/
beb11d01172e	https://globalgrid2050.com/
beb978ee2692	https://globalgrid2050.com/
beba04a252d8	https://globalgrid2050.com/
beef6d2fabee	https://globalgrid2050.com/
bef295c2f5e0	https://globalgrid2050.com/
bef5a88b7133	https://globalgrid2050.com/
befa1e9c3220	https://globalgrid2050.com/
befd50abde45	https://globalgrid2050.com/
bf16a713b9e5	https://ventusltd.github.io/gridatlas/
bf189a4d1e95	https://ventusltd.github.io/globalgrid2050-hompage/
bf189dc59a08	https://globalgrid2050.com/
bf1a6eaf56d8	https://globalgrid2050.com/
bf37c0386e88	https://globalgrid2050.com/
bf3e77264263	https://globalgrid2050.com/
bf431b1ca6b2	https://globalgrid2050.com/
bf51f2dd52d8	https://globalgrid2050.com/
bf57aa93628d	https://ventusltd.github.io/stars/
bf85d8f828e0	https://ventusltd.github.io/solar-electrical-topology-analysis-engine-text-based/
bf8a5693cf5b	https://globalgrid2050.com/
bfb38b485174	https://ventusltd.github.io/gridatlas/
bfbff5a82dcf	https://globalgrid2050.com/
bfc5f8cf28b7	https://globalgrid2050.com/
bfd4efec7bf1	https://globalgrid2050.com/
c002bc326346	https://globalgrid2050.com/
c00900ff89c3	https://globalgrid2050.com/
c00c45ab1d67	https://globalgrid2050.com/
c01cc31bada4	https://ventusltd.github.io/solar-electrical-topology-analysis-engine-text-based/
c02850012997	https://globalgrid2050.com/
c031cbeee8c6	https://globalgrid2050.com/
c03a0fd61e83	https://globalgrid2050.com/
c049d3bd52cd	https://globalgrid2050.com/
c0771d8c9b4f	https://globalgrid2050.com/
c0852dd2fd09	https://globalgrid2050.com/
c08ad8069e23	https://globalgrid2050.com/
c0965dfdebf7	https://globalgrid2050.com/
c09b86c5875b	https://globalgrid2050.com/
c0a14a5464e5	https://globalgrid2050.com/
c0a3b149d63f	https://globalgrid2050.com/
c0c51bce790a	https://globalgrid2050.com/
c0cd7c7a8d68	https://globalgrid2050.com/
c0dc5751e28d	https://globalgrid2050.com/
c0f7d7327165	https://globalgrid2050.com/
c0fa99abe465	https://globalgrid2050.com/
c1189604c1f1	https://globalgrid2050.com/
c11a10fbf1e1	https://globalgrid2050.com/
c13589a8f003	https://globalgrid2050.com/
c14c4c81c511	https://ventusltd.github.io/spiders/
c14dcdd7258a	https://globalgrid2050.com/
c14f1ecc71f3	https://globalgrid2050.com/
c153374012df	https://ventusltd.github.io/data_uk_dno_and_tso/
c15a8bc8c974	https://ventusltd.github.io/data-centres-gb/
c1735a729a3f	https://ventusltd.github.io/stars/
c1830374e5ed	https://globalgrid2050.com/
c18f08b8949d	https://globalgrid2050.com/
c196d03d63cb	https://globalgrid2050.com/
c1c88d19a73a	https://globalgrid2050.com/
c1dbcd070847	https://globalgrid2050.com/
c1dde6e07637	https://globalgrid2050.com/
c1f079c61403	https://globalgrid2050.com/
c1fe451be06b	https://globalgrid2050.com/
c1ff1ab91e05	https://globalgrid2050.com/
c20294dade8e	https://globalgrid2050.com/
c203d9509f2f	https://ventusltd.github.io/gridatlas/
c20857c55072	https://ventusltd.github.io/solar-electrical-topology-analysis-engine-text-based/
c21d7b2ad33f	https://globalgrid2050.com/
c21da62eb398	https://globalgrid2050.com/
c22de2702374	https://ventusltd.github.io/data_uk_dno_and_tso/
c2375613ff3e	https://globalgrid2050.com/
c24308012539	https://globalgrid2050.com/
c24cd8560ab3	https://ventusltd.github.io/solar-electrical-topology-analysis-engine-text-based/
c25c82b8377a	https://globalgrid2050.com/
c2641b0118d7	https://globalgrid2050.com/
c26e7a60eb1c	https://globalgrid2050.com/
c2741b1d0bcd	https://globalgrid2050.com/
c288993820a7	https://globalgrid2050.com/
c290544bdab7	https://globalgrid2050.com/
c2a29d956562	https://globalgrid2050.com/
c2af9781b63d	https://ventusltd.github.io/spiders/
c2ba042c15ee	https://globalgrid2050.com/
c2c839e43fbc	https://ventusltd.github.io/spiders/
c2d457a24790	https://ventusltd.github.io/solar-electrical-topology-analysis-engine-text-based/
c2d4d366473a	https://globalgrid2050.com/
c2d5721fb291	https://globalgrid2050.com/
c2edf12fe4e9	https://globalgrid2050.com/
c2f67100fa51	https://globalgrid2050.com/
c303b5d01997	https://globalgrid2050.com/
c3092dc5d4ce	https://globalgrid2050.com/
c3232b2c2387	https://globalgrid2050.com/
c32f135b3440	https://ventusltd.github.io/gb-electricity-ui/
c33c4e969f64	https://ventusltd.github.io/gridatlas/
c341108230f8	https://globalgrid2050.com/
c35241d60985	https://globalgrid2050.com/
c352fc63ee26	https://ventusltd.github.io/ventus-grid-engine/
c354f93a5916	https://globalgrid2050.com/
c36c8ff6f209	https://globalgrid2050.com/
c36e41a689a6	https://globalgrid2050.com/
c37476cb170d	https://ventusltd.github.io/spiders/
c374e6a22485	https://globalgrid2050.com/
c3752aa2c6e9	https://ventusltd.github.io/solar-electrical-topology-analysis-engine-text-based/
c3771535eb90	https://globalgrid2050.com/
c37d6579a3eb	https://ventusltd.github.io/gridatlas/
c38d0edb5868	https://globalgrid2050.com/
c394687e80a3	https://globalgrid2050.com/
c39a13d7f425	https://globalgrid2050.com/
c3a00f4bc687	https://globalgrid2050.com/
c3d15c99494a	https://globalgrid2050.com/
c40f2387eea2	https://globalgrid2050.com/
c4331196b050	https://globalgrid2050.com/
c45a84d1ee24	https://globalgrid2050.com/
c46591abba99	https://globalgrid2050.com/
c466a452c541	https://globalgrid2050.com/
c47338224bbf	https://globalgrid2050.com/
c47ce88d19ab	https://globalgrid2050.com/
c47ec61c183f	https://ventusltd.github.io/kuiper-belt/
c48668c8611b	https://globalgrid2050.com/
c4a1668d29fd	https://globalgrid2050.com/
c4b5777f986c	https://ventusltd.github.io/spiders/
c4c862c560bb	https://globalgrid2050.com/
c4d84dbfe2b9	https://ventusltd.github.io/stars/
c4e5318b93d6	https://globalgrid2050.com/
c4f00226e362	https://globalgrid2050.com/
c4f61a5a7044	https://globalgrid2050.com/
c4f79af82e17	https://globalgrid2050.com/
c4fb93281010	https://globalgrid2050.com/
c4ffef4479f5	https://globalgrid2050.com/
c53a860e3943	https://globalgrid2050.com/
c5504f88a45e	https://globalgrid2050.com/
c56af7968f8f	https://globalgrid2050.com/
c5750421ab29	https://globalgrid2050.com/
c576b1f81ec1	https://ventusltd.github.io/gridatlas/
c57cf1512284	https://ventusltd.github.io/stars/
c598d89cdb86	https://globalgrid2050.com/
c5aeefc657ba	https://globalgrid2050.com/
c5b9c688358d	https://globalgrid2050.com/
c5bf5ebfcaa2	https://ventusltd.github.io/globalgrid2050-hompage/
c5bf86a84a04	https://globalgrid2050.com/
c5c2be8eee90	https://globalgrid2050.com/
c5d392bb1ed0	https://ventusltd.github.io/solar-electrical-topology-analysis-engine-text-based/
c5dd652eb63c	https://ventusltd.github.io/solar-electrical-topology-analysis-engine-text-based/
c5dfdee3ba5d	https://ventusltd.github.io/data-centres-gb/
c5e16c2264ba	https://ventusltd.github.io/solar-electrical-topology-analysis-engine-text-based/
c5f033c70cb1	https://globalgrid2050.com/
c5f4378b2775	https://globalgrid2050.com/
c5fd09d23b6c	https://globalgrid2050.com/
c60a2d8c40e1	https://ventusltd.github.io/stars/
c6180a5cdfc2	https://globalgrid2050.com/
c620b5decf18	https://globalgrid2050.com/
c625204e12e0	https://globalgrid2050.com/
c62a01fd2ac1	https://globalgrid2050.com/
c638eb596ba7	https://globalgrid2050.com/
c64c81e6891a	https://globalgrid2050.com/
c658d96b0a12	https://globalgrid2050.com/
c660043e287e	https://globalgrid2050.com/
c672b4fc301f	https://globalgrid2050.com/
c6743f232595	https://globalgrid2050.com/
c67546f76055	https://globalgrid2050.com/
c6acc8128667	https://globalgrid2050.com/
c6b9e5480b4c	https://globalgrid2050.com/
c6c235265bfa	https://globalgrid2050.com/
c6c5630f42e3	https://globalgrid2050.com/
c6cf77f905d2	https://globalgrid2050.com/
c6d77c00d6fd	https://globalgrid2050.com/
c6e7b8b249d0	https://globalgrid2050.com/
c6ee79d9d74d	https://globalgrid2050.com/
c6fa47692094	https://globalgrid2050.com/
c7004b7161fe	https://ventusltd.github.io/gridatlas/
c700618356dc	https://globalgrid2050.com/
c70580477c9e	https://ventusltd.github.io/solar-electrical-topology-analysis-engine-text-based/
c70ea8bf2de1	https://globalgrid2050.com/
c71b40c62560	https://ventusltd.github.io/spiders/
c71e3e1ad50d	https://globalgrid2050.com/
c73291e3046d	https://globalgrid2050.com/
c736c537e664	https://globalgrid2050.com/
c73bae297bc6	https://globalgrid2050.com/
c742ee56d11f	https://globalgrid2050.com/
c75d03d8d9fb	https://globalgrid2050.com/
c75f206d3b7b	https://globalgrid2050.com/
c76665fdda13	https://globalgrid2050.com/
c77228ed2abb	https://ventusltd.github.io/solar-electrical-topology-analysis-engine-text-based/
c77e1e81c86d	https://globalgrid2050.com/
c78a2f4e6189	https://globalgrid2050.com/
c78e3a4d1310	https://globalgrid2050.com/
c794d46c13ea	https://globalgrid2050.com/
c7a307f9c1fd	https://globalgrid2050.com/
c7a7a3b0a17b	https://globalgrid2050.com/
c7b49527e3ce	https://globalgrid2050.com/
c7b5bb29322c	https://globalgrid2050.com/
c7b856556d71	https://globalgrid2050.com/
c7bf7233cac6	https://globalgrid2050.com/
c7ccf2ffd3b3	https://ventusltd.github.io/data-centres-gb/
c7d130f40ee1	https://globalgrid2050.com/
c7d365dddf32	https://globalgrid2050.com/
c7d5f6f09883	https://globalgrid2050.com/
c7eafd3d5e83	https://ventusltd.github.io/globalgrid2050-hompage/
c7fb69d5b0a7	https://globalgrid2050.com/
c805656729c9	https://ventusltd.github.io/spiders/
c81330a0e12c	https://globalgrid2050.com/
c8247714c413	https://ventusltd.github.io/kuiper-belt/
c8515b3ecba7	https://globalgrid2050.com/
c85d99d3eca6	https://ventusltd.github.io/gridatlas/
c86c5ca46406	https://globalgrid2050.com/
c871482d52e6	https://globalgrid2050.com/
c87158246e89	https://ventusltd.github.io/globalgrid2050-hompage/
c877c9e2d248	https://globalgrid2050.com/
c88503d00de2	https://ventusltd.github.io/solar-electrical-topology-analysis-engine-text-based/
c8990ea1e3b5	https://globalgrid2050.com/
c89dbad7f96b	https://globalgrid2050.com/
c8a3992601a3	https://ventusltd.github.io/solar-electrical-topology-analysis-engine-text-based/
c8a985de5c3e	https://globalgrid2050.com/
c8b6327c79ee	https://globalgrid2050.com/
c8bc94b723c0	https://globalgrid2050.com/
c8bf3583b5f7	https://ventusltd.github.io/star-electron-star/
c8c01d5a112a	https://ventusltd.github.io/gridatlas/
c8c0639f0617	https://ventusltd.github.io/stars/
c8c53a5cab0e	https://ventusltd.github.io/registry_of_all_content_in_repos_and_dependencies/
c8c61dc98ce3	https://globalgrid2050.com/
c8e223e3974c	https://ventusltd.github.io/spiders/
c8f9afca68f6	https://ventusltd.github.io/gridatlas/
c9171ce0b0bd	https://globalgrid2050.com/
c928f4214fdb	https://ventusltd.github.io/solar-electrical-topology-analysis-engine-text-based/
c9301bc148aa	https://globalgrid2050.com/
c93be1dd7a5c	https://globalgrid2050.com/
c9568c440ceb	https://ventusltd.github.io/solar-electrical-topology-analysis-engine-text-based/
c9644a6d53a6	https://globalgrid2050.com/
c98d1479f8f9	https://ventusltd.github.io/gridatlas/
c999f5381f03	https://globalgrid2050.com/
c99da3d86ced	https://ventusltd.github.io/gridatlas/
c9a714935a4c	https://globalgrid2050.com/
c9ad6bd009f2	https://ventusltd.github.io/solar-electrical-topology-analysis-engine-text-based/
c9ca1932c3b7	https://ventusltd.github.io/solar-electrical-topology-analysis-engine-text-based/
c9e828cada71	https://globalgrid2050.com/
c9f0a8ac1e88	https://globalgrid2050.com/
c9f969c7c219	https://globalgrid2050.com/
c9fd7dad8fdf	https://globalgrid2050.com/
ca1ff370bfb5	https://ventusltd.github.io/stars/
ca21c5070107	https://globalgrid2050.com/
ca281bc2ac0a	https://ventusltd.github.io/solar-electrical-topology-analysis-engine-text-based/
ca3372b626af	https://globalgrid2050.com/
ca57229110bf	https://globalgrid2050.com/
cabe3bf33ca2	https://ventusltd.github.io/ventus-grid-engine/
cad3c06dd7a1	https://globalgrid2050.com/
cadad9f1d3c1	https://globalgrid2050.com/
caeab3286bb4	https://globalgrid2050.com/
caeff414f7b5	https://globalgrid2050.com/
cafc0963c31a	https://globalgrid2050.com/
cb0c0a987460	https://globalgrid2050.com/
cb11f651f647	https://globalgrid2050.com/
cb132e37b4ef	https://ventusltd.github.io/stars/
cb32c2f7ae24	https://globalgrid2050.com/
cb4a2044bda3	https://globalgrid2050.com/
cb537073202f	https://globalgrid2050.com/
cb5e89792978	https://globalgrid2050.com/
cb64fedb66e6	https://ventusltd.github.io/solar-electrical-topology-analysis-engine-text-based/
cb6bf215e84f	https://ventusltd.github.io/solar-electrical-topology-analysis-engine-text-based/
cb6fcfe1cb57	https://globalgrid2050.com/
cb8480f9c45c	https://ventusltd.github.io/globalgrid2050-hompage/
cb84c258b411	https://globalgrid2050.com/
cb8e96bfc3c9	https://globalgrid2050.com/
cb995a6a479e	https://globalgrid2050.com/
cba7d683f2be	https://globalgrid2050.com/
cbb52d92fd1b	https://globalgrid2050.com/
cbb93ea1993e	https://globalgrid2050.com/
cbbda2210bf9	https://globalgrid2050.com/
cbc1feea91fe	https://globalgrid2050.com/
cbc4591c4175	https://globalgrid2050.com/
cbc8391a5e36	https://globalgrid2050.com/
cbe13142b66f	https://globalgrid2050.com/
cbe157a8658b	https://globalgrid2050.com/
cbec0c8a8b59	https://globalgrid2050.com/
cc01bb42c3fa	https://ventusltd.github.io/spiders/
cc1e06e136a9	https://globalgrid2050.com/
cc449d584eb3	https://ventusltd.github.io/gridatlas/
cc5494e4a0df	https://globalgrid2050.com/
cc592eba09c5	https://globalgrid2050.com/
cc657b6f108e	https://globalgrid2050.com/
cc826cc5479a	https://globalgrid2050.com/
cc846d42cfce	https://ventusltd.github.io/solar-electrical-topology-analysis-engine-text-based/
cc8750d5cb69	https://ventusltd.github.io/registry_of_all_content_in_repos_and_dependencies/
cc997c8f75f1	https://globalgrid2050.com/
cc9ddca2349b	https://globalgrid2050.com/
ccb8359aaf76	https://globalgrid2050.com/
ccc8e1013dd1	https://globalgrid2050.com/
cccf40631713	https://globalgrid2050.com/
ccd440e45892	https://globalgrid2050.com/
ccdb604efb86	https://globalgrid2050.com/
cce735b318ea	https://globalgrid2050.com/
cce78cb0991b	https://globalgrid2050.com/
ccf1dac004de	https://ventusltd.github.io/gridatlas/
ccf6c31a2e54	https://ventusltd.github.io/law/
ccfb49301f4a	https://globalgrid2050.com/
cd0d486de920	https://globalgrid2050.com/
cd1833320f61	https://ventusltd.github.io/gridatlas/
cd2205bd6c57	https://globalgrid2050.com/
cd2ef4b3af3c	https://ventusltd.github.io/spiders/
cd34bd012330	https://globalgrid2050.com/
cd3b3d943df3	https://globalgrid2050.com/
cd456f97343a	https://ventusltd.github.io/gridatlas/
cd4ef33430a3	https://ventusltd.github.io/gridatlas/
cd58a80dff35	https://ventusltd.github.io/registry_of_all_content_in_repos_and_dependencies/
cd5affe38e03	https://globalgrid2050.com/
cd6f1ceaec49	https://globalgrid2050.com/
cd7611dcca96	https://globalgrid2050.com/
cd7ac6cd1b95	https://globalgrid2050.com/
cd7bad03c08e	https://globalgrid2050.com/
cd905c7d5d94	https://globalgrid2050.com/
cdb23c2320de	https://globalgrid2050.com/
cdb390fbcd01	https://globalgrid2050.com/
cdbca781e5d6	https://ventusltd.github.io/gridatlas/
cdc05b007956	https://globalgrid2050.com/
cdc7f6d0f4c5	https://globalgrid2050.com/
cdc8a987f82a	https://globalgrid2050.com/
cdce1b53d445	https://ventusltd.github.io/kuiper-belt/
cdd133edf301	https://globalgrid2050.com/
cdd92bc2a64d	https://globalgrid2050.com/
cddc13e4caff	https://globalgrid2050.com/
cde56328e5b3	https://globalgrid2050.com/
cdfb75799824	https://globalgrid2050.com/
ce1e67f32cc7	https://globalgrid2050.com/
ce2b17b91612	https://globalgrid2050.com/
ce2b81d06f14	https://ventusltd.github.io/solar-electrical-topology-analysis-engine-text-based/
ce35c1600be3	https://globalgrid2050.com/
ce46a6d27e63	https://globalgrid2050.com/
ce49684b306e	https://globalgrid2050.com/
ce5cb254dfbf	https://globalgrid2050.com/
ce5ccc896c68	https://globalgrid2050.com/
ce5e0cad3f5b	https://ventusltd.github.io/solar-electrical-topology-analysis-engine-text-based/
ce5ea3a747e0	https://globalgrid2050.com/
ce62bb5668bc	https://globalgrid2050.com/
ce690b69b01e	https://globalgrid2050.com/
ce82809e0d06	https://globalgrid2050.com/
ce82aeec6b44	https://ventusltd.github.io/gridatlas/
ce88cd8fdba9	https://ventusltd.github.io/gridatlas/
ce93777f6c4b	https://globalgrid2050.com/
ce967d53635d	https://globalgrid2050.com/
cea156559a8d	https://globalgrid2050.com/
cea4c03e5dc1	https://globalgrid2050.com/
ceac1b059ace	https://ventusltd.github.io/solar-electrical-topology-analysis-engine-text-based/
ceb6ad4885d6	https://ventusltd.github.io/spiders/
cec0c84c6b78	https://globalgrid2050.com/
cecb95f300d7	https://globalgrid2050.com/
ced13d9dc15e	https://globalgrid2050.com/
cedcb6c0d54a	https://globalgrid2050.com/
cee0a7b4bf5e	https://globalgrid2050.com/
cee75d0d3ca9	https://globalgrid2050.com/
ceef03f0df27	https://ventusltd.github.io/stars/
cef15838cb44	https://globalgrid2050.com/
cef206332da7	https://globalgrid2050.com/
cefa726d7e39	https://globalgrid2050.com/
cf1e4ce8c1d7	https://ventusltd.github.io/solar-electrical-topology-analysis-engine-text-based/
cf22d7be33c1	https://ventusltd.github.io/data-centres-gb/
cf23838f2aee	https://globalgrid2050.com/
cf25f4666502	https://globalgrid2050.com/
cf2b27af4152	https://globalgrid2050.com/
cf30032f60d2	https://globalgrid2050.com/
cf325865a375	https://globalgrid2050.com/
cf337fcfc210	https://globalgrid2050.com/
cf38b9b72fc9	https://globalgrid2050.com/
cf429bc438f8	https://ventusltd.github.io/gridatlas/
cf4dddc24537	https://globalgrid2050.com/
cf521ca53f5e	https://ventusltd.github.io/gridatlas/
cf56f96342a8	https://globalgrid2050.com/
cf5c4270fe7b	https://globalgrid2050.com/
cf710812d8c4	https://globalgrid2050.com/
cf81f31767fc	https://ventusltd.github.io/gridatlas/
cf9273a92ef4	https://globalgrid2050.com/
cf99673fb875	https://globalgrid2050.com/
cf9a47c123dc	https://ventusltd.github.io/solar-electrical-topology-analysis-engine-text-based/
cfa61ef70ad5	https://globalgrid2050.com/
cfa89b226b84	https://ventusltd.github.io/solar-electrical-topology-analysis-engine-text-based/
cfacd4550536	https://globalgrid2050.com/
cfadedfd417d	https://ventusltd.github.io/gridatlas/
cfb32796e4a3	https://globalgrid2050.com/
cfb9bc407a3b	https://globalgrid2050.com/
cfbcbfd720f0	https://globalgrid2050.com/
cfe573b7e021	https://globalgrid2050.com/
cfe9af1f1220	https://globalgrid2050.com/
cffdce3d5b8d	https://globalgrid2050.com/
d01d62c90cd6	https://globalgrid2050.com/
d02380348bb9	https://ventusltd.github.io/solar-electrical-topology-analysis-engine-text-based/
d025e2168b8e	https://ventusltd.github.io/gridatlas/
d0452422ea24	https://ventusltd.github.io/solar-electrical-topology-analysis-engine-text-based/
d047579fd0a6	https://globalgrid2050.com/
d05cf1a6092f	https://ventusltd.github.io/stars/
d06e523aa4c6	https://globalgrid2050.com/
d071d3bac5cd	https://globalgrid2050.com/
d094b1629b23	https://ventusltd.github.io/gridatlas/
d097b50b3a34	https://ventusltd.github.io/globalgrid2050-hompage/
d0a4c8718c3b	https://globalgrid2050.com/
d0b698b49a60	https://ventusltd.github.io/gridatlas/
d0c17d50857d	https://ventusltd.github.io/solar-electrical-topology-analysis-engine-text-based/
d0c377b53e5d	https://ventusltd.github.io/solar-electrical-topology-analysis-engine-text-based/
d0d43b631e87	https://globalgrid2050.com/
d0d59a9bfd1d	https://ventusltd.github.io/spiders/
d0dacb161e80	https://globalgrid2050.com/
d0ed1df493f1	https://ventusltd.github.io/gridatlas/
d1023078eb84	https://globalgrid2050.com/
d10889f818d3	https://ventusltd.github.io/globalgrid2050-hompage/
d11340b851f1	https://globalgrid2050.com/
d11501be542e	https://globalgrid2050.com/
d118d0257c9e	https://globalgrid2050.com/
d11fa8b3e622	https://ventusltd.github.io/gridatlas/
d126258aaff5	https://globalgrid2050.com/
d12948b5f3e9	https://ventusltd.github.io/solar-electrical-topology-analysis-engine-text-based/
d12f94d61914	https://globalgrid2050.com/
d13105fa6ea9	https://globalgrid2050.com/
d1329ec6c6ef	https://globalgrid2050.com/
d133b7c1f283	https://globalgrid2050.com/
d1391d6ef875	https://globalgrid2050.com/
d13c2d0786d4	https://globalgrid2050.com/
d148d1a7ee26	https://globalgrid2050.com/
d17d5679e150	https://globalgrid2050.com/
d19ebc2da5e8	https://globalgrid2050.com/
d1abc02d5fea	https://ventusltd.github.io/solar-electrical-topology-analysis-engine-text-based/
d1b42b1f3c2a	https://ventusltd.github.io/solar-electrical-topology-analysis-engine-text-based/
d1b43192f790	https://ventusltd.github.io/ventus-grid-engine/
d1cb3a21e3d5	https://globalgrid2050.com/
d1f0ec80335d	https://globalgrid2050.com/
d1fa1deeaba6	https://ventusltd.github.io/solar-electrical-topology-analysis-engine-text-based/
d20e1a5c6e8a	https://globalgrid2050.com/
d218f21efce1	https://globalgrid2050.com/
d21c9db90d5c	https://globalgrid2050.com/
d2266e7eb6b2	https://ventusltd.github.io/globalgrid2050-hompage/
d236fbbfea0e	https://globalgrid2050.com/
d24a550ddf47	https://ventusltd.github.io/globalgrid2050-hompage/
d24f53a90038	https://globalgrid2050.com/
d24fdb66f3d3	https://globalgrid2050.com/
d256ac525d26	https://globalgrid2050.com/
d260b93c8528	https://globalgrid2050.com/
d2681d4c9a1d	https://ventusltd.github.io/stars/
d26b8f784294	https://globalgrid2050.com/
d27abbf58aa8	https://globalgrid2050.com/
d27ee34ef293	https://globalgrid2050.com/
d284218d0a29	https://globalgrid2050.com/
d287a3aa9f5d	https://globalgrid2050.com/
d29cbdbafb86	https://globalgrid2050.com/
d29d40bc7554	https://ventusltd.github.io/kuiper-belt/
d2a5197c36d1	https://globalgrid2050.com/
d2aaa611828a	https://globalgrid2050.com/
d2c0008354bd	https://globalgrid2050.com/
d2c076b4e96e	https://globalgrid2050.com/
d2d26a91e237	https://globalgrid2050.com/
d2de261dd555	https://ventusltd.github.io/galaxies-wafers/
d2de48a0a192	https://globalgrid2050.com/
d2ecf8f42de3	https://globalgrid2050.com/
d2fcf5f21db7	https://globalgrid2050.com/
d306e4d886c4	https://globalgrid2050.com/
d317109183e5	https://ventusltd.github.io/gridatlas/
d339e8ca3463	https://globalgrid2050.com/
d34ee3ebac00	https://ventusltd.github.io/stars/
d35d3b021477	https://globalgrid2050.com/
d35e34568417	https://globalgrid2050.com/
d35f54fcc985	https://globalgrid2050.com/
d377a47a180d	https://globalgrid2050.com/
d39647c32bad	https://globalgrid2050.com/
d3a82c42bbe1	https://ventusltd.github.io/solar-electrical-topology-analysis-engine-text-based/
d3ae616905e0	https://globalgrid2050.com/
d3b09a4510f8	https://globalgrid2050.com/
d3b4c497144c	https://ventusltd.github.io/solar-electrical-topology-analysis-engine-text-based/
d3ba2a1a0fb5	https://globalgrid2050.com/
d3bea926130a	https://globalgrid2050.com/
d3c48e3e7709	https://globalgrid2050.com/
d3c50961be17	https://globalgrid2050.com/
d3cc8416dc0d	https://ventusltd.github.io/solar-electrical-topology-analysis-engine-text-based/
d3e4d8422ce0	https://globalgrid2050.com/
d3ea5e7e3837	https://globalgrid2050.com/
d3f9bdb5b11c	https://globalgrid2050.com/
d4142e41718a	https://globalgrid2050.com/
d42a1439ebd8	https://globalgrid2050.com/
d43d4b51ffbc	https://globalgrid2050.com/
d43ddc4db13d	https://globalgrid2050.com/
d44c2dfdb9f0	https://globalgrid2050.com/
d454cec12c00	https://globalgrid2050.com/
d4550aca94f6	https://globalgrid2050.com/
d4577b5b0938	https://globalgrid2050.com/
d475b543cf31	https://globalgrid2050.com/
d476021f80a3	https://globalgrid2050.com/
d47b60bf6a45	https://globalgrid2050.com/
d48f243ede69	https://globalgrid2050.com/
d4949942eba5	https://globalgrid2050.com/
d495e2e15d3a	https://globalgrid2050.com/
d4b3ab1842e5	https://globalgrid2050.com/
d4b5242d2240	https://globalgrid2050.com/
d4bab24162a9	https://globalgrid2050.com/
d4bce6b809b4	https://globalgrid2050.com/
d4c7318523a0	https://globalgrid2050.com/
d4c7e30ffcff	https://globalgrid2050.com/
d4dd3557ea30	https://globalgrid2050.com/
d4dd8b31d978	https://globalgrid2050.com/
d4ebda88ac90	https://ventusltd.github.io/stars/
d516e1907539	https://globalgrid2050.com/
d55005a6e9a1	https://ventusltd.github.io/gridatlas/
d5547b96b9d7	https://globalgrid2050.com/
d554890e39c7	https://globalgrid2050.com/
d560bf77b324	https://globalgrid2050.com/
d577eb971c2f	https://globalgrid2050.com/
d57c2248bb6b	https://globalgrid2050.com/
d58170130079	https://globalgrid2050.com/
d599349124bd	https://ventusltd.github.io/solar-electrical-topology-analysis-engine-text-based/
d59e1b45a855	https://globalgrid2050.com/
d59ffb94e893	https://globalgrid2050.com/
d5affb61283b	https://ventusltd.github.io/solar-electrical-topology-analysis-engine-text-based/
d5cac8656235	https://globalgrid2050.com/
d5cd65d02093	https://globalgrid2050.com/
d5e2b7997792	https://ventusltd.github.io/solar-electrical-topology-analysis-engine-text-based/
d5f2d1df6609	https://ventusltd.github.io/gridatlas/
d5f959e917f9	https://globalgrid2050.com/
d604322464ea	https://globalgrid2050.com/
d60d27b0f41b	https://ventusltd.github.io/spiders/
d6231ee2ff13	https://globalgrid2050.com/
d6234d819fa7	https://globalgrid2050.com/
d62fbfb8e662	https://ventusltd.github.io/gridatlas/
d64a2b3e68ad	https://globalgrid2050.com/
d64e73f37439	https://globalgrid2050.com/
d656e7ded7c1	https://globalgrid2050.com/
d65ecf607717	https://globalgrid2050.com/
d674bd76e6a6	https://globalgrid2050.com/
d6a3fd72c559	https://globalgrid2050.com/
d6a8f85f132e	https://globalgrid2050.com/
d6aa53390a84	https://globalgrid2050.com/
d6b315a8cf2d	https://globalgrid2050.com/
d6b5542b7377	https://globalgrid2050.com/
d6e533bd7e4f	https://ventusltd.github.io/gridatlas/
d6ec9f685e14	https://ventusltd.github.io/solar-electrical-topology-analysis-engine-text-based/
d7170e80ded2	https://ventusltd.github.io/solar-electrical-topology-analysis-engine-text-based/
d730c3dbf86c	https://globalgrid2050.com/
d735d132bb68	https://globalgrid2050.com/
d7388026d6b2	https://globalgrid2050.com/
d74bdc013932	https://globalgrid2050.com/
d74bfcaeb3a2	https://ventusltd.github.io/solar-electrical-topology-analysis-engine-text-based/
d74cdb6b3ae5	https://globalgrid2050.com/
d755624b1451	https://globalgrid2050.com/
d7567142eeb0	https://globalgrid2050.com/
d769caa9e609	https://globalgrid2050.com/
d7748f4d97c8	https://ventusltd.github.io/solar-electrical-topology-analysis-engine-text-based/
d77acf6e84d0	https://ventusltd.github.io/gridatlas/
d78bce5ea928	https://globalgrid2050.com/
d79040e5d791	https://globalgrid2050.com/
d7976315eb0a	https://ventusltd.github.io/stars/
d79fbe893905	https://ventusltd.github.io/data_uk_dno_and_tso/
d7b0d5d01dd9	https://globalgrid2050.com/
d7be6e9f7d6d	https://globalgrid2050.com/
d7be77396589	https://ventusltd.github.io/solar-electrical-topology-analysis-engine-text-based/
d7dc96182334	https://ventusltd.github.io/law/
d7e7eee29822	https://globalgrid2050.com/
d7fccd96f8c0	https://globalgrid2050.com/
d7fec17bcd1a	https://globalgrid2050.com/
d804a86244a3	https://globalgrid2050.com/
d80ffdf7f185	https://globalgrid2050.com/
d8104775a36a	https://ventusltd.github.io/solar-electrical-topology-analysis-engine-text-based/
d837b0607aaa	https://ventusltd.github.io/data_uk_dno_and_tso/
d84710e7d225	https://globalgrid2050.com/
d859608be9ce	https://globalgrid2050.com/
d8679e8ebf06	https://globalgrid2050.com/
d8763e1884b4	https://globalgrid2050.com/
d890d50798a3	https://globalgrid2050.com/
d89c12b41adf	https://globalgrid2050.com/
d8a4dbe32438	https://globalgrid2050.com/
d8a95b6ac0e2	https://globalgrid2050.com/
d8aa08f75a3e	https://globalgrid2050.com/
d8bb7c9dd755	https://globalgrid2050.com/
d8bd737f7d2e	https://ventusltd.github.io/solar-electrical-topology-analysis-engine-text-based/
d8bddc578627	https://globalgrid2050.com/
d8ce374ccd0a	https://ventusltd.github.io/globalgrid2050-hompage/
d8d5b1a1c54e	https://globalgrid2050.com/
d8d71767b431	https://globalgrid2050.com/
d8e547ba0034	https://globalgrid2050.com/
d8f6f4ce50a0	https://globalgrid2050.com/
d8ff4bdaadfc	https://globalgrid2050.com/
d9169b9bdfc6	https://globalgrid2050.com/
d93e3bb57bcb	https://globalgrid2050.com/
d95d84540a05	https://globalgrid2050.com/
d96660dd7e2e	https://globalgrid2050.com/
d96b9bf21b54	https://ventusltd.github.io/data_uk_dno_and_tso/
d97ceafa5892	https://globalgrid2050.com/
d97d96001a1b	https://globalgrid2050.com/
d9837291a0c6	https://globalgrid2050.com/
d98ac54c2b4c	https://globalgrid2050.com/
d99cbbbd96ab	https://ventusltd.github.io/gridatlas/
d9b314bc547f	https://globalgrid2050.com/
d9c135a98e00	https://ventusltd.github.io/gridatlas/
d9cd18b0e203	https://ventusltd.github.io/ventus-grid-engine/
d9d98fad9fb0	https://ventusltd.github.io/youengineer-code-review/
d9dd58ddcb71	https://globalgrid2050.com/
d9e25788b61d	https://globalgrid2050.com/
d9ea5852fd39	https://globalgrid2050.com/
d9eafbe59127	https://ventusltd.github.io/youengineer-code-review/
da04cc36d744	https://globalgrid2050.com/
da15d5858b60	https://globalgrid2050.com/
da47c2a1e50e	https://ventusltd.github.io/ventus-grid-engine/
da47e83f5c61	https://ventusltd.github.io/solar-electrical-topology-analysis-engine-text-based/
da49bdfd769d	https://globalgrid2050.com/
da529b551f2b	https://globalgrid2050.com/
da54f312b87b	https://ventusltd.github.io/gridatlas/
da5c5fb7304b	https://ventusltd.github.io/gridatlas/
da7cca9a06cd	https://globalgrid2050.com/
da807db57239	https://globalgrid2050.com/
da888c4d2e8d	https://globalgrid2050.com/
da8947e253ca	https://ventusltd.github.io/gridatlas/
da8c64a1c34a	https://globalgrid2050.com/
da9682bd4ee9	https://ventusltd.github.io/solar-electrical-topology-analysis-engine-text-based/
da96d83ee551	https://globalgrid2050.com/
da97704ca6a6	https://globalgrid2050.com/
da98cf14fbef	https://globalgrid2050.com/
da9da6d82609	https://ventusltd.github.io/solar-electrical-topology-analysis-engine-text-based/
daa1c68e3c41	https://globalgrid2050.com/
dab01b15be5c	https://globalgrid2050.com/
dab0a774bdf3	https://globalgrid2050.com/
dabec5a8e641	https://globalgrid2050.com/
dabfdcf59558	https://ventusltd.github.io/stars/
dad0fd721541	https://globalgrid2050.com/
dad94edc08d2	https://globalgrid2050.com/
dad97ae2252f	https://globalgrid2050.com/
daed9b9c3678	https://globalgrid2050.com/
dafb65401a91	https://globalgrid2050.com/
db04f6886361	https://globalgrid2050.com/
db08c93336ab	https://ventusltd.github.io/gb-electricity-ui/
db0dea8b1fab	https://ventusltd.github.io/gb-electricity-ui/
db12d33aba98	https://globalgrid2050.com/
db27a782e4eb	https://ventusltd.github.io/stars/
db4341bc0320	https://ventusltd.github.io/solar-electrical-topology-analysis-engine-text-based/
db482fb33658	https://globalgrid2050.com/
db4b0feb6a72	https://globalgrid2050.com/
db543f605aca	https://globalgrid2050.com/
db639a05c56d	https://globalgrid2050.com/
db7189e58db7	https://globalgrid2050.com/
db75c4b329e8	https://ventusltd.github.io/solar-electrical-topology-analysis-engine-text-based/
db7e8777db42	https://globalgrid2050.com/
db858d0ec6f9	https://globalgrid2050.com/
db8cd4ca4a39	https://ventusltd.github.io/solar-electrical-topology-analysis-engine-text-based/
db907e6bd44f	https://ventusltd.github.io/solar-electrical-topology-analysis-engine-text-based/
dbb02695e8c4	https://ventusltd.github.io/solar-electrical-topology-analysis-engine-text-based/
dbc3c48d1bdf	https://globalgrid2050.com/
dbc73d011282	https://globalgrid2050.com/
dbda80948657	https://ventusltd.github.io/solar-electrical-topology-analysis-engine-text-based/
dbdafce6f066	https://globalgrid2050.com/
dbe1372b9ab5	https://globalgrid2050.com/
dc099b00969f	https://globalgrid2050.com/
dc1780f55ab9	https://globalgrid2050.com/
dc1fe3c9232d	https://globalgrid2050.com/
dc21ae82977d	https://ventusltd.github.io/kuiper-belt/
dc268d2b3607	https://ventusltd.github.io/gridatlas/
dc27dbeb6a1e	https://globalgrid2050.com/
dc2a2d684a83	https://globalgrid2050.com/
dc3c271acb55	https://globalgrid2050.com/
dc4a4988388c	https://globalgrid2050.com/
dc4b5f7305dd	https://globalgrid2050.com/
dc616e8e38f2	https://globalgrid2050.com/
dc6181036d38	https://globalgrid2050.com/
dc72233e89b1	https://globalgrid2050.com/
dc77bf83ab1c	https://ventusltd.github.io/solar-electrical-topology-analysis-engine-text-based/
dc7f10dd889e	https://globalgrid2050.com/
dc7f9da73afd	https://ventusltd.github.io/youengineer-code-review/
dc8b1f27121b	https://globalgrid2050.com/
dc8b6439e15b	https://ventusltd.github.io/registry_of_all_content_in_repos_and_dependencies/
dc97db294bd7	https://globalgrid2050.com/
dcaad9683fff	https://ventusltd.github.io/gridatlas/
dcb78352013b	https://globalgrid2050.com/
dcb9470da54f	https://globalgrid2050.com/
dcd37dd13e22	https://ventusltd.github.io/solar-electrical-topology-analysis-engine-text-based/
dcdb4ff99ace	https://globalgrid2050.com/
dcdfd72b4d4e	https://globalgrid2050.com/
dd0c609e4e71	https://ventusltd.github.io/solar-electrical-topology-analysis-engine-text-based/
dd2432a55e8b	https://globalgrid2050.com/
dd4fcb255fcb	https://ventusltd.github.io/stars/
dd542d6141c7	https://globalgrid2050.com/
dd61b498fe47	https://globalgrid2050.com/
dd6b57c78f2b	https://globalgrid2050.com/
dd76d2b81d32	https://ventusltd.github.io/data_uk_dno_and_tso/
dd7b79ffca5b	https://ventusltd.github.io/solar-electrical-topology-analysis-engine-text-based/
dd8222d4142c	https://globalgrid2050.com/
dd919f08159c	https://ventusltd.github.io/solar-electrical-topology-analysis-engine-text-based/
dd93ad643860	https://globalgrid2050.com/
dd99201205c6	https://globalgrid2050.com/
dd9a00a89aa6	https://globalgrid2050.com/
dd9e962ff432	https://globalgrid2050.com/
dda1a62af6e1	https://globalgrid2050.com/
dda9007c4854	https://globalgrid2050.com/
ddae9bcac366	https://globalgrid2050.com/
ddc71385cc28	https://globalgrid2050.com/
ddce5a83fb49	https://ventusltd.github.io/gridatlas/
ddd97388ca7f	https://globalgrid2050.com/
dddd8e713277	https://globalgrid2050.com/
dde24f7a12d4	https://ventusltd.github.io/gridatlas/
dde8c89fc97c	https://globalgrid2050.com/
ddeee1e1077b	https://ventusltd.github.io/youengineer-code-review/
ddff40287b70	https://globalgrid2050.com/
de126facaade	https://globalgrid2050.com/
de19de777408	https://globalgrid2050.com/
de269110e8bd	https://globalgrid2050.com/
de310a72fd4c	https://globalgrid2050.com/
de347fe650df	https://ventusltd.github.io/spiders/
de3b0c598b69	https://globalgrid2050.com/
de4f359bd096	https://globalgrid2050.com/
de53761486d2	https://ventusltd.github.io/spiders/
de58e903e26e	https://globalgrid2050.com/
de69ffe91633	https://globalgrid2050.com/
de6e8acfb5c2	https://globalgrid2050.com/
debcfc580472	https://ventusltd.github.io/kuiper-belt/
dec595dbd9ce	https://ventusltd.github.io/stars/
dec66d56d1d9	https://globalgrid2050.com/
dec788b19236	https://globalgrid2050.com/
deef5545996d	https://ventusltd.github.io/solar-electrical-topology-analysis-engine-text-based/
df146c64f5d6	https://ventusltd.github.io/gridatlas/
df19830c5594	https://ventusltd.github.io/gridatlas/
df1a52c09a13	https://globalgrid2050.com/
df1ccc5c7927	https://globalgrid2050.com/
df3b46044dd6	https://globalgrid2050.com/
df4286daef72	https://globalgrid2050.com/
df4784714c9b	https://ventusltd.github.io/solar-electrical-topology-analysis-engine-text-based/
df48b6df1bbb	https://globalgrid2050.com/
df50452bb154	https://globalgrid2050.com/
df5a47d21098	https://ventusltd.github.io/gridatlas/
df6484ab4c21	https://globalgrid2050.com/
df7528658983	https://globalgrid2050.com/
df779d987174	https://ventusltd.github.io/gridatlas/
df8b5d22f5be	https://globalgrid2050.com/
dfa8c86bb8bf	https://globalgrid2050.com/
dfabb36e679f	https://globalgrid2050.com/
dfb20d414c47	https://globalgrid2050.com/
dfb405c0d2cc	https://globalgrid2050.com/
dfd3fcd49a6f	https://globalgrid2050.com/
dfe76fe2f2bc	https://ventusltd.github.io/globalgrid2050-hompage/
dfe8225b4e27	https://globalgrid2050.com/
e0024750b0fd	https://globalgrid2050.com/
e008d6f514a1	https://globalgrid2050.com/
e00bbff40328	https://ventusltd.github.io/data_uk_dno_and_tso/
e00e4739cfcb	https://ventusltd.github.io/data_uk_dno_and_tso/
e0210e6d0dfa	https://ventusltd.github.io/solar-electrical-topology-analysis-engine-text-based/
e03337510861	https://ventusltd.github.io/gridatlas/
e03eced0393c	https://globalgrid2050.com/
e059fd8fd09c	https://globalgrid2050.com/
e07c8703989c	https://globalgrid2050.com/
e07f0866ca2d	https://globalgrid2050.com/
e08190a2d904	https://globalgrid2050.com/
e0857b76e263	https://ventusltd.github.io/solar-electrical-topology-analysis-engine-text-based/
e085f5ebbe67	https://globalgrid2050.com/
e08cb8719d38	https://ventusltd.github.io/kuiper-belt/
e08dc3f11fdd	https://globalgrid2050.com/
e08f9efd94e9	https://ventusltd.github.io/solar-electrical-topology-analysis-engine-text-based/
e0a21dfca49b	https://globalgrid2050.com/
e0ae0f7c278b	https://globalgrid2050.com/
e0c3de9b4768	https://ventusltd.github.io/globalgrid2050-hompage/
e0cc7a381f7e	https://globalgrid2050.com/
e0d36f5b2c28	https://globalgrid2050.com/
e0d7a5c482da	https://globalgrid2050.com/
e0e490ce9d01	https://globalgrid2050.com/
e0f579d564c7	https://ventusltd.github.io/spiders/
e0fa156e99f2	https://globalgrid2050.com/
e0fbe293b636	https://globalgrid2050.com/
e105a6542286	https://globalgrid2050.com/
e1190a654fb0	https://globalgrid2050.com/
e11d73f66207	https://ventusltd.github.io/registry_of_all_content_in_repos_and_dependencies/
e132d8febf47	https://ventusltd.github.io/solar-electrical-topology-analysis-engine-text-based/
e1337125db5a	https://ventusltd.github.io/ventus-grid-engine/
e17daeba8604	https://ventusltd.github.io/spiders/
e18d494865e9	https://ventusltd.github.io/stars/
e1915930e3f6	https://globalgrid2050.com/
e1981c676cf1	https://globalgrid2050.com/
e1a4520fb62c	https://globalgrid2050.com/
e1b173dfeb07	https://globalgrid2050.com/
e1c0df7af0cb	https://ventusltd.github.io/solar-electrical-topology-analysis-engine-text-based/
e1cf1db3d2e4	https://globalgrid2050.com/
e1d048334c04	https://globalgrid2050.com/
e1dc4ed2d9be	https://globalgrid2050.com/
e1f568049245	https://globalgrid2050.com/
e1fbca93f878	https://globalgrid2050.com/
e1ffb7ea27db	https://ventusltd.github.io/registry_of_all_content_in_repos_and_dependencies/
e21dbcd8f321	https://globalgrid2050.com/
e231948a06bc	https://ventusltd.github.io/gridatlas/
e23cd09c8df5	https://ventusltd.github.io/solar-electrical-topology-analysis-engine-text-based/
e24084859bcd	https://globalgrid2050.com/
e24bc68f2880	https://globalgrid2050.com/
e25137134b6d	https://ventusltd.github.io/gridatlas/
e25623396799	https://globalgrid2050.com/
e257a7dba84b	https://ventusltd.github.io/gridatlas/
e257ae9eae15	https://ventusltd.github.io/kuiper-belt/
e264be721c6a	https://globalgrid2050.com/
e27291bad790	https://globalgrid2050.com/
e27a3d2e3f36	https://globalgrid2050.com/
e27ffb1fff4d	https://ventusltd.github.io/spiders/
e2a4c0a951d3	https://globalgrid2050.com/
e2b8462801e7	https://globalgrid2050.com/
e2da8d9dbc74	https://globalgrid2050.com/
e2e32d336077	https://globalgrid2050.com/
e2e4b1af2f33	https://globalgrid2050.com/
e2ef13b250f4	https://globalgrid2050.com/
e2ef95204882	https://ventusltd.github.io/gridatlas/
e3123cb4b9d7	https://ventusltd.github.io/gridatlas/
e31ef2df5840	https://globalgrid2050.com/
e32728b87692	https://globalgrid2050.com/
e334e5f72b46	https://globalgrid2050.com/
e335d7309689	https://ventusltd.github.io/gridatlas/
e33c03c4df14	https://globalgrid2050.com/
e37b8daefc1b	https://ventusltd.github.io/spiders/
e37bc22aa321	https://ventusltd.github.io/spiders/
e3a50f00e8be	https://globalgrid2050.com/
e3a810fc3244	https://globalgrid2050.com/
e3b121517cd8	https://ventusltd.github.io/solar-electrical-topology-analysis-engine-text-based/
e3b309b34fe1	https://globalgrid2050.com/
e3b755da3786	https://globalgrid2050.com/
e3bd5744575e	https://globalgrid2050.com/
e3ca9f9791ae	https://globalgrid2050.com/
e3d08564f37f	https://globalgrid2050.com/
e3db992373bc	https://globalgrid2050.com/
e3deb3d0546c	https://ventusltd.github.io/ventus-grid-engine/
e3eed395d142	https://ventusltd.github.io/solar-electrical-topology-analysis-engine-text-based/
e41d1c4b8d9f	https://globalgrid2050.com/
e439135fddd2	https://globalgrid2050.com/
e4409f2e8322	https://globalgrid2050.com/
e4575f93dfe2	https://globalgrid2050.com/
e457a2c1caec	https://ventusltd.github.io/solar-electrical-topology-analysis-engine-text-based/
e45e87aa992a	https://globalgrid2050.com/
e46bd5d9be6f	https://globalgrid2050.com/
e470a4ac35d2	https://ventusltd.github.io/solar-electrical-topology-analysis-engine-text-based/
e4848f645307	https://globalgrid2050.com/
e48810ad6fa2	https://globalgrid2050.com/
e49dd6eb9bad	https://globalgrid2050.com/
e4bc3ca5c337	https://globalgrid2050.com/
e4bd2d1264e1	https://ventusltd.github.io/solar-electrical-topology-analysis-engine-text-based/
e4c3fc4a629f	https://globalgrid2050.com/
e4ca2b144557	https://ventusltd.github.io/solar-electrical-topology-analysis-engine-text-based/
e4d5903aa708	https://globalgrid2050.com/
e4d5cb4dd185	https://ventusltd.github.io/solar-electrical-topology-analysis-engine-text-based/
e4f9e399756c	https://globalgrid2050.com/
e5236147e701	https://ventusltd.github.io/gridatlas/
e528947c1acb	https://globalgrid2050.com/
e548f2c58f8c	https://globalgrid2050.com/
e54c9daad148	https://ventusltd.github.io/registry_of_all_content_in_repos_and_dependencies/
e54cde349fec	https://globalgrid2050.com/
e56fa838792e	https://ventusltd.github.io/registry_of_all_content_in_repos_and_dependencies/
e5762d6458d0	https://ventusltd.github.io/solar-electrical-topology-analysis-engine-text-based/
e587e8b05205	https://ventusltd.github.io/gridatlas/
e58bd5c635c8	https://globalgrid2050.com/
e597afe46a54	https://ventusltd.github.io/solar-electrical-topology-analysis-engine-text-based/
e5aa56a4891a	https://globalgrid2050.com/
e5bb345374ee	https://ventusltd.github.io/gridatlas/
e5d3effb3602	https://ventusltd.github.io/solar-electrical-topology-analysis-engine-text-based/
e5db116a7535	https://globalgrid2050.com/
e5debdca1ce0	https://globalgrid2050.com/
e5fd4ee76a81	https://globalgrid2050.com/
e6004fc2f5f5	https://globalgrid2050.com/
e6084f422f1f	https://ventusltd.github.io/gridatlas/
e60d75bb8c60	https://globalgrid2050.com/
e61bfcbd0a6d	https://ventusltd.github.io/gridatlas/
e61f0be5d97f	https://globalgrid2050.com/
e628ebcf88df	https://globalgrid2050.com/
e64bd0630b1f	https://ventusltd.github.io/data_uk_dno_and_tso/
e65bf4a2bebe	https://globalgrid2050.com/
e65c4e7a28c3	https://globalgrid2050.com/
e661a7e71a2a	https://globalgrid2050.com/
e677354da675	https://ventusltd.github.io/gridatlas/
e68a619411e6	https://globalgrid2050.com/
e68bb0a68fda	https://globalgrid2050.com/
e68e48095f85	https://globalgrid2050.com/
e6949b87d8b6	https://globalgrid2050.com/
e6aa1d625056	https://ventusltd.github.io/gridatlas/
e6ad3cd47a93	https://ventusltd.github.io/solar-electrical-topology-analysis-engine-text-based/
e6ca5d3c31e3	https://globalgrid2050.com/
e6cbc83e9c94	https://globalgrid2050.com/
e6d43c435eef	https://globalgrid2050.com/
e6eab2d4c269	https://globalgrid2050.com/
e6f97e7b434c	https://globalgrid2050.com/
e6feed9f1e50	https://globalgrid2050.com/
e700a1727b6f	https://globalgrid2050.com/
e702139097ff	https://globalgrid2050.com/
e706f86ec339	https://ventusltd.github.io/solar-electrical-topology-analysis-engine-text-based/
e709023e4e16	https://globalgrid2050.com/
e709c350d33b	https://ventusltd.github.io/solar-electrical-topology-analysis-engine-text-based/
e7145f6d0d98	https://globalgrid2050.com/
e71d59129b40	https://ventusltd.github.io/youengineer-code-review/
e721a473e939	https://ventusltd.github.io/solar-electrical-topology-analysis-engine-text-based/
e7397332aa44	https://globalgrid2050.com/
e73f1076fe75	https://ventusltd.github.io/gridatlas/
e740eb11bc40	https://globalgrid2050.com/
e74e6dcb5979	https://globalgrid2050.com/
e7520b468152	https://ventusltd.github.io/ventus-grid-engine/
e7555c705746	https://globalgrid2050.com/
e755a309da55	https://ventusltd.github.io/solar-electrical-topology-analysis-engine-text-based/
e78cf803f7bf	https://globalgrid2050.com/
e795a6c95206	https://globalgrid2050.com/
e7d348cdfec1	https://globalgrid2050.com/
e7f5787aa863	https://globalgrid2050.com/
e7f9425a547e	https://ventusltd.github.io/gridatlas/
e7fae848d1c2	https://globalgrid2050.com/
e7fbcfad76ea	https://globalgrid2050.com/
e8073031a5b0	https://globalgrid2050.com/
e814397fa6cf	https://globalgrid2050.com/
e816f36b0302	https://globalgrid2050.com/
e8172af097d7	https://globalgrid2050.com/
e82102548ff6	https://globalgrid2050.com/
e8442b3dd5ea	https://ventusltd.github.io/ventus-grid-engine/
e847964088bb	https://globalgrid2050.com/
e860750a6274	https://globalgrid2050.com/
e8798fac6fd0	https://globalgrid2050.com/
e87e723fd727	https://ventusltd.github.io/solar-electrical-topology-analysis-engine-text-based/
e893ccd010a9	https://ventusltd.github.io/gridatlas/
e89a50aca359	https://globalgrid2050.com/
e89c162a997b	https://globalgrid2050.com/
e8acdf0035cd	https://ventusltd.github.io/ventus-grid-engine/
e8b7be027115	https://ventusltd.github.io/solar-electrical-topology-analysis-engine-text-based/
e8c6f5ad9b32	https://globalgrid2050.com/
e8e15cc460f7	https://ventusltd.github.io/stars/
e8e3bac692ec	https://globalgrid2050.com/
e8ef3f4851ab	https://globalgrid2050.com/
e8f48e600c8a	https://ventusltd.github.io/stars/
e8fd79af8d6f	https://ventusltd.github.io/solar-electrical-topology-analysis-engine-text-based/
e90aa8a62d5f	https://globalgrid2050.com/
e91830d320c4	https://globalgrid2050.com/
e92aa091fcb1	https://ventusltd.github.io/galaxies-wafers/
e93251c26ccb	https://globalgrid2050.com/
e947da39c5ef	https://globalgrid2050.com/
e95deff9c249	https://globalgrid2050.com/
e96376914c1f	https://globalgrid2050.com/
e981d5a1b83f	https://globalgrid2050.com/
e9853f133027	https://globalgrid2050.com/
e989b8fccb7e	https://globalgrid2050.com/
e997e184c33d	https://globalgrid2050.com/
e9ab4d13166d	https://globalgrid2050.com/
e9bc37dd553d	https://globalgrid2050.com/
e9bcb04a1061	https://globalgrid2050.com/
e9bf4b202f9f	https://globalgrid2050.com/
e9c36dc1b415	https://globalgrid2050.com/
e9c8beaa807b	https://globalgrid2050.com/
e9cbc574c3a8	https://ventusltd.github.io/gridatlas/
e9f348769f91	https://ventusltd.github.io/solar-electrical-topology-analysis-engine-text-based/
e9f53fdc36b5	https://globalgrid2050.com/
ea08e4b0d316	https://ventusltd.github.io/solar-electrical-topology-analysis-engine-text-based/
ea1ac627c7c7	https://ventusltd.github.io/solar-electrical-topology-analysis-engine-text-based/
ea4612062b59	https://globalgrid2050.com/
ea5b018ebb13	https://globalgrid2050.com/
ea5e80c2b7d4	https://globalgrid2050.com/
ea6bcd2a19ee	https://globalgrid2050.com/
ea972712adc7	https://ventusltd.github.io/spiders/
eaa02192bb2e	https://ventusltd.github.io/solar-electrical-topology-analysis-engine-text-based/
eaabdc32a8e8	https://globalgrid2050.com/
eae73b00da8e	https://globalgrid2050.com/
eb0cbcf50657	https://globalgrid2050.com/
eb18fcb77317	https://globalgrid2050.com/
eb19582c395c	https://globalgrid2050.com/
eb1e2c7db5c8	https://ventusltd.github.io/solar-electrical-topology-analysis-engine-text-based/
eb216812aebe	https://globalgrid2050.com/
eb2330144a5f	https://globalgrid2050.com/
eb235f68e07b	https://globalgrid2050.com/
eb277de190d3	https://globalgrid2050.com/
eb3f50990a2d	https://globalgrid2050.com/
eb40346454fa	https://ventusltd.github.io/gridatlas/
eb5a9ae00c76	https://globalgrid2050.com/
eb5c57f6a9ac	https://ventusltd.github.io/gridatlas/
eb604938560c	https://globalgrid2050.com/
eb6c1697b652	https://globalgrid2050.com/
eb7512012141	https://ventusltd.github.io/solar-electrical-topology-analysis-engine-text-based/
eb7670f710f9	https://globalgrid2050.com/
eb81b2716f0e	https://globalgrid2050.com/
eb8cf1999485	https://ventusltd.github.io/solar-electrical-topology-analysis-engine-text-based/
eb8f45483e46	https://globalgrid2050.com/
eb96169e254f	https://globalgrid2050.com/
eba9133cb1fb	https://globalgrid2050.com/
ebad26ccdbc6	https://globalgrid2050.com/
ebddfdf624be	https://globalgrid2050.com/
ebe0adfa9fc8	https://globalgrid2050.com/
ebe88564217c	https://globalgrid2050.com/
ebf69da6eb27	https://globalgrid2050.com/
ec03184c8310	https://globalgrid2050.com/
ec121bc50ac7	https://globalgrid2050.com/
ec1a71e3ac63	https://globalgrid2050.com/
ec3e7ae7e232	https://globalgrid2050.com/
ec40b4df840b	https://ventusltd.github.io/solar-electrical-topology-analysis-engine-text-based/
ec426910878e	https://globalgrid2050.com/
ec462adab775	https://globalgrid2050.com/
ec5c3146538b	https://ventusltd.github.io/code-generator/
ec6fe146c4e1	https://globalgrid2050.com/
ec7af10b2cd6	https://globalgrid2050.com/
ec8a3a006310	https://globalgrid2050.com/
ec9d5ef3878c	https://ventusltd.github.io/stars/
ec9e88f9225a	https://globalgrid2050.com/
ecb11f7fb1eb	https://globalgrid2050.com/
ecbb2b747d46	https://ventusltd.github.io/solar-electrical-topology-analysis-engine-text-based/
ecdc614d88b5	https://ventusltd.github.io/solar-electrical-topology-analysis-engine-text-based/
ece5355fdfdd	https://ventusltd.github.io/solar-electrical-topology-analysis-engine-text-based/
ece597dbc7c1	https://globalgrid2050.com/
ecf176abcc94	https://ventusltd.github.io/solar-electrical-topology-analysis-engine-text-based/
ecf27683d8e5	https://globalgrid2050.com/
ecff04073a46	https://globalgrid2050.com/
ed1090d6cad1	https://globalgrid2050.com/
ed18bb9f7aee	https://globalgrid2050.com/
ed19c8bc5c26	https://globalgrid2050.com/
ed2135fffd8a	https://ventusltd.github.io/gridatlas/
ed2b5dee41d1	https://globalgrid2050.com/
ed4fe6d92a31	https://globalgrid2050.com/
ed5d63b95b1e	https://globalgrid2050.com/
ed5da6f3f581	https://globalgrid2050.com/
ed6019de7eed	https://ventusltd.github.io/solar-electrical-topology-analysis-engine-text-based/
ed6280e033a9	https://globalgrid2050.com/
ed69fc2db49d	https://globalgrid2050.com/
ed767a50e998	https://globalgrid2050.com/
ed98908baae7	https://globalgrid2050.com/
ed9b489cef6d	https://ventusltd.github.io/solar-electrical-topology-analysis-engine-text-based/
ed9b8fe3a0dc	https://globalgrid2050.com/
ed9d8e13a732	https://globalgrid2050.com/
ed9dcb7cfafa	https://globalgrid2050.com/
edaa9eff7ef7	https://globalgrid2050.com/
edb7517e5cd7	https://ventusltd.github.io/solar-electrical-topology-analysis-engine-text-based/
edd56fac489a	https://ventusltd.github.io/gridatlas/
eddaef561792	https://globalgrid2050.com/
eddafde67975	https://globalgrid2050.com/
edde3fbbc946	https://globalgrid2050.com/
edf0ca748290	https://globalgrid2050.com/
edf1d3e9d9b2	https://globalgrid2050.com/
ee10e38bcb56	https://globalgrid2050.com/
ee11cd5bb7a6	https://globalgrid2050.com/
ee26d1634121	https://ventusltd.github.io/stars/
ee2992621602	https://ventusltd.github.io/solar-electrical-topology-analysis-engine-text-based/
ee3b6ccd90d0	https://globalgrid2050.com/
ee3bb073a9aa	https://globalgrid2050.com/
ee43ac838dae	https://globalgrid2050.com/
ee55a9eab82b	https://globalgrid2050.com/
ee5c5696ee93	https://ventusltd.github.io/stars/
ee6003792bf5	https://globalgrid2050.com/
ee649489ffe5	https://ventusltd.github.io/stars/
ee7023a7714c	https://globalgrid2050.com/
ee77a97abee8	https://globalgrid2050.com/
ee7990784d41	https://globalgrid2050.com/
ee814624eae3	https://globalgrid2050.com/
ee81d1509651	https://globalgrid2050.com/
ee8b30097db0	https://globalgrid2050.com/
ee9b297a15d1	https://globalgrid2050.com/
ee9ed931021d	https://globalgrid2050.com/
eea5280c0644	https://ventusltd.github.io/solar-electrical-topology-analysis-engine-text-based/
eea603c9ed6d	https://globalgrid2050.com/
eea7e50cf58c	https://globalgrid2050.com/
eea842aec762	https://globalgrid2050.com/
eea89402088f	https://ventusltd.github.io/gridatlas/
eeb8ed55a5a4	https://globalgrid2050.com/
eec85bfeaa91	https://globalgrid2050.com/
eeced6448d16	https://globalgrid2050.com/
eecfeacdb5d7	https://ventusltd.github.io/gridatlas/
eed5ea3984d5	https://ventusltd.github.io/solar-electrical-topology-analysis-engine-text-based/
eee72402c91d	https://globalgrid2050.com/
eefa85113457	https://globalgrid2050.com/
ef113bf3a74e	https://globalgrid2050.com/
ef225869c935	https://globalgrid2050.com/
ef26d9f226e6	https://globalgrid2050.com/
ef2f7a0f97b4	https://globalgrid2050.com/
ef39b6970246	https://globalgrid2050.com/
ef3a42479485	https://globalgrid2050.com/
ef819e629dc1	https://globalgrid2050.com/
ef8a7724f501	https://globalgrid2050.com/
ef9361ae21bf	https://globalgrid2050.com/
ef9cdb79e047	https://ventusltd.github.io/stars/
efa0102b04ef	https://ventusltd.github.io/gridatlas/
efa6aa6e5928	https://globalgrid2050.com/
efb8bd1fc7f3	https://globalgrid2050.com/
efbed5177287	https://globalgrid2050.com/
efeb473c1908	https://ventusltd.github.io/gridatlas/
f001677c31f5	https://globalgrid2050.com/
f01d3613714e	https://globalgrid2050.com/
f01eebadf224	https://globalgrid2050.com/
f02cb7a98ac2	https://ventusltd.github.io/solar-electrical-topology-analysis-engine-text-based/
f02f1197b9bb	https://globalgrid2050.com/
f03e60928d79	https://ventusltd.github.io/gridatlas/
f067e27f3d3c	https://ventusltd.github.io/youengineer-code-review/
f0683a57862a	https://globalgrid2050.com/
f07bfe182114	https://globalgrid2050.com/
f08b52346369	https://ventusltd.github.io/star-electron-star/
f09c9ace22f4	https://globalgrid2050.com/
f09f0a885330	https://globalgrid2050.com/
f0abe4c151fb	https://globalgrid2050.com/
f0b12b689dc1	https://ventusltd.github.io/solar-electrical-topology-analysis-engine-text-based/
f0b2cc0ed876	https://globalgrid2050.com/
f0bbee6cba1e	https://globalgrid2050.com/
f0c171ee2af8	https://globalgrid2050.com/
f0c8516bbe1e	https://globalgrid2050.com/
f0cae0439469	https://globalgrid2050.com/
f0cea63f5fbc	https://globalgrid2050.com/
f0d93195b987	https://globalgrid2050.com/
f0e687cf2a37	https://globalgrid2050.com/
f0f539e0b900	https://globalgrid2050.com/
f10791227364	https://ventusltd.github.io/gb-electricity-ui/
f10915932d75	https://ventusltd.github.io/solar-electrical-topology-analysis-engine-text-based/
f10bd9201077	https://globalgrid2050.com/
f11a920d77cd	https://globalgrid2050.com/
f11ef5109dda	https://globalgrid2050.com/
f12bef45b41e	https://ventusltd.github.io/solar-electrical-topology-analysis-engine-text-based/
f1328157cdf1	https://globalgrid2050.com/
f137de6e5e4f	https://globalgrid2050.com/
f1407c895dce	https://globalgrid2050.com/
f1464d8263e6	https://globalgrid2050.com/
f146e1027d4a	https://globalgrid2050.com/
f1522f131eb6	https://globalgrid2050.com/
f16b724bae7c	https://globalgrid2050.com/
f195cf94392e	https://globalgrid2050.com/
f19d815dd88a	https://globalgrid2050.com/
f1a87d867235	https://globalgrid2050.com/
f1aa5f5c4896	https://ventusltd.github.io/globalgrid2050-hompage/
f1abfb5b2d40	https://globalgrid2050.com/
f1aedb7431f3	https://globalgrid2050.com/
f1af32ceee0d	https://globalgrid2050.com/
f1bb14933b09	https://globalgrid2050.com/
f1cfb4858671	https://globalgrid2050.com/
f1e136af5d9e	https://globalgrid2050.com/
f1e829965f23	https://globalgrid2050.com/
f1f44498e4e2	https://ventusltd.github.io/solar-electrical-topology-analysis-engine-text-based/
f1f6284e06c4	https://globalgrid2050.com/
f1fabc78a37e	https://globalgrid2050.com/
f21494282040	https://globalgrid2050.com/
f21dd3ad424a	https://globalgrid2050.com/
f22827cf0d44	https://globalgrid2050.com/
f22b2e20c504	https://globalgrid2050.com/
f22d752102c6	https://globalgrid2050.com/
f23f529841bc	https://globalgrid2050.com/
f24eb0b56c51	https://globalgrid2050.com/
f25f6758af6b	https://globalgrid2050.com/
f2665ef21df9	https://globalgrid2050.com/
f26ffef450be	https://ventusltd.github.io/solar-electrical-topology-analysis-engine-text-based/
f27c993d4239	https://globalgrid2050.com/
f2894cadf152	https://ventusltd.github.io/registry_of_all_content_in_repos_and_dependencies/
f28fea23514c	https://globalgrid2050.com/
f2bb4581d296	https://globalgrid2050.com/
f2bbc9251f71	https://globalgrid2050.com/
f2d67113b703	https://globalgrid2050.com/
f2ee0f52b37c	https://globalgrid2050.com/
f2f343a92ee9	https://globalgrid2050.com/
f2f800983361	https://ventusltd.github.io/solar-electrical-topology-analysis-engine-text-based/
f2fe0af444c3	https://globalgrid2050.com/
f2ff64644fd8	https://globalgrid2050.com/
f300eb14a00a	https://globalgrid2050.com/
f301b581f052	https://globalgrid2050.com/
f30a3fd9683f	https://ventusltd.github.io/data_uk_dno_and_tso/
f31e51b03a35	https://globalgrid2050.com/
f336bbe8a3c0	https://globalgrid2050.com/
f337a4e9ebde	https://globalgrid2050.com/
f33e51f66508	https://globalgrid2050.com/
f3472156fd51	https://globalgrid2050.com/
f35096425196	https://ventusltd.github.io/globalgrid2050-hompage/
f3560f30c77f	https://globalgrid2050.com/
f371c7a8d7c1	https://ventusltd.github.io/solar-electrical-topology-analysis-engine-text-based/
f37aa35852b8	https://globalgrid2050.com/
f384fdd5ce2e	https://globalgrid2050.com/
f38f33282142	https://globalgrid2050.com/
f39a76a535fe	https://ventusltd.github.io/gridatlas/
f39bc4244108	https://globalgrid2050.com/
f3a0e3c004d8	https://ventusltd.github.io/gridatlas/
f3a2cf3487b8	https://globalgrid2050.com/
f3a37d9cfdbf	https://globalgrid2050.com/
f3a42acdfc7c	https://globalgrid2050.com/
f3a6780db872	https://globalgrid2050.com/
f3a93ae5cf63	https://globalgrid2050.com/
f3b3e52d5aa1	https://globalgrid2050.com/
f3c9b2f5acab	https://globalgrid2050.com/
f3ef1cc8e7a2	https://ventusltd.github.io/solar-electrical-topology-analysis-engine-text-based/
f3fd2b7974ca	https://ventusltd.github.io/solar-electrical-topology-analysis-engine-text-based/
f4002dd21ebd	https://globalgrid2050.com/
f420518363b2	https://ventusltd.github.io/gridatlas/
f42171785bc2	https://globalgrid2050.com/
f4227c75f1f5	https://globalgrid2050.com/
f454ab6bd0b3	https://globalgrid2050.com/
f46987bd73c2	https://globalgrid2050.com/
f4815e1ad82b	https://globalgrid2050.com/
f4816d05aa89	https://globalgrid2050.com/
f4821fc303db	https://ventusltd.github.io/globalgrid2050-hompage/
f483d7e5e7ca	https://globalgrid2050.com/
f4866c22175e	https://ventusltd.github.io/solar-electrical-topology-analysis-engine-text-based/
f4a43d858802	https://globalgrid2050.com/
f4aa1a218c6d	https://globalgrid2050.com/
f4ad23568fa0	https://globalgrid2050.com/
f4bef1615fd5	https://ventusltd.github.io/youengineer-code-review/
f4bf9df972b1	https://globalgrid2050.com/
f4c16e6ac525	https://globalgrid2050.com/
f4c7a01762e9	https://ventusltd.github.io/gridatlas/
f4c8d0208b37	https://globalgrid2050.com/
f4d0d29d2ae7	https://globalgrid2050.com/
f4f71deb6565	https://globalgrid2050.com/
f5126d556b39	https://ventusltd.github.io/solar-electrical-topology-analysis-engine-text-based/
f51690d2485a	https://ventusltd.github.io/solar-electrical-topology-analysis-engine-text-based/
f523e87954ae	https://globalgrid2050.com/
f52a9be55e23	https://globalgrid2050.com/
f5301232b66f	https://globalgrid2050.com/
f540f3b48256	https://ventusltd.github.io/ventus-grid-engine/
f54b5a9d59a0	https://globalgrid2050.com/
f54fb112703e	https://globalgrid2050.com/
f553b86f4a41	https://ventusltd.github.io/spiders/
f5588117d278	https://ventusltd.github.io/gridatlas/
f56f610f3046	https://globalgrid2050.com/
f5815fc4e376	https://globalgrid2050.com/
f5a49410c6af	https://ventusltd.github.io/gridatlas/
f5af612dc2d1	https://globalgrid2050.com/
f5b8cfc78101	https://globalgrid2050.com/
f5b8ebda4cd2	https://globalgrid2050.com/
f5ba30937264	https://globalgrid2050.com/
f5c6ec14cb7d	https://ventusltd.github.io/gridatlas/
f5cc3e22c684	https://globalgrid2050.com/
f5cdda45e467	https://globalgrid2050.com/
f5d8d3b3a35c	https://ventusltd.github.io/solar-electrical-topology-analysis-engine-text-based/
f5d9b61edc11	https://globalgrid2050.com/
f5dad7e17658	https://globalgrid2050.com/
f5dd6d764201	https://globalgrid2050.com/
f5e5094362f7	https://ventusltd.github.io/stars/
f5f3a9579d5b	https://globalgrid2050.com/
f5f865a1eb22	https://globalgrid2050.com/
f5fb103dcb82	https://globalgrid2050.com/
f5fc70578564	https://globalgrid2050.com/
f5feb7b059c1	https://globalgrid2050.com/
f5ffd61f06b5	https://globalgrid2050.com/
f62e69057d99	https://globalgrid2050.com/
f636f78e5d3c	https://globalgrid2050.com/
f646a7a1ffca	https://globalgrid2050.com/
f65b834ff5a0	https://globalgrid2050.com/
f65eb3464489	https://ventusltd.github.io/stars/
f66c5f31eedf	https://globalgrid2050.com/
f66d8ea1c078	https://globalgrid2050.com/
f68282514d9f	https://globalgrid2050.com/
f69bf04408d6	https://globalgrid2050.com/
f6aff45f0ef0	https://ventusltd.github.io/solar-electrical-topology-analysis-engine-text-based/
f6b1da24ed49	https://globalgrid2050.com/
f6b33edd9b5f	https://ventusltd.github.io/gridatlas/
f6b91e4e9784	https://globalgrid2050.com/
f6bdba11462f	https://globalgrid2050.com/
f6c905c1d73f	https://globalgrid2050.com/
f6d990dcf4bd	https://globalgrid2050.com/
f6e2afef79a6	https://globalgrid2050.com/
f6e451413067	https://ventusltd.github.io/spiders/
f6e81f1208d9	https://globalgrid2050.com/
f6e9bc020653	https://globalgrid2050.com/
f6f880c77db5	https://globalgrid2050.com/
f7202c5c79bb	https://globalgrid2050.com/
f729338e2113	https://ventusltd.github.io/registry_of_all_content_in_repos_and_dependencies/
f73519b04972	https://ventusltd.github.io/solar-electrical-topology-analysis-engine-text-based/
f7399af29bcf	https://globalgrid2050.com/
f73d27aea2b8	https://globalgrid2050.com/
f74a104a88ec	https://globalgrid2050.com/
f790c82b8e13	https://ventusltd.github.io/solar-electrical-topology-analysis-engine-text-based/
f797a03e9af0	https://globalgrid2050.com/
f7a7e725648b	https://globalgrid2050.com/
f7bf2c0f3c60	https://globalgrid2050.com/
f7ed16292c60	https://globalgrid2050.com/
f7edd0fa4da1	https://globalgrid2050.com/
f80151d96e32	https://globalgrid2050.com/
f813c503f53e	https://globalgrid2050.com/
f819e5ad3925	https://ventusltd.github.io/ventus-grid-engine/
f82a56b8a939	https://globalgrid2050.com/
f83c8250cab1	https://globalgrid2050.com/
f8414cce7de1	https://globalgrid2050.com/
f848e0d39a58	https://globalgrid2050.com/
f84946abe9ec	https://globalgrid2050.com/
f84c1551c785	https://globalgrid2050.com/
f8570d971e21	https://globalgrid2050.com/
f87c7a95b49a	https://globalgrid2050.com/
f87c8c89c1a7	https://globalgrid2050.com/
f88043d671b3	https://globalgrid2050.com/
f8828be60087	https://globalgrid2050.com/
f882d4276628	https://ventusltd.github.io/gridatlas/
f88e5719f5f6	https://ventusltd.github.io/data_uk_dno_and_tso/
f8918a020919	https://globalgrid2050.com/
f89872976a3e	https://globalgrid2050.com/
f89acaa39681	https://globalgrid2050.com/
f89aec1cbe4a	https://globalgrid2050.com/
f8abb6a6bbe2	https://globalgrid2050.com/
f8ac9cf7beba	https://globalgrid2050.com/
f8b494d16ded	https://globalgrid2050.com/
f8bb3872ee17	https://globalgrid2050.com/
f8bf5b96f841	https://globalgrid2050.com/
f8c688f4e0c3	https://globalgrid2050.com/
f8cf6f616e75	https://ventusltd.github.io/gridatlas/
f8d748b03776	https://globalgrid2050.com/
f8e4ecb76775	https://globalgrid2050.com/
f8e7b6e7f0ec	https://ventusltd.github.io/law/
f8ece64f315f	https://ventusltd.github.io/registry_of_all_content_in_repos_and_dependencies/
f8ee41848857	https://globalgrid2050.com/
f90c486d576a	https://ventusltd.github.io/solar-electrical-topology-analysis-engine-text-based/
f9135f1f1d50	https://ventusltd.github.io/ventus-grid-engine/
f9217d07827f	https://globalgrid2050.com/
f92b0c63e72d	https://globalgrid2050.com/
f941d118f810	https://ventusltd.github.io/gridatlas/
f9434aaf1e18	https://globalgrid2050.com/
f9528d38b17a	https://ventusltd.github.io/kuiper-belt/
f9531a7a36ff	https://ventusltd.github.io/ventus-grid-engine/
f96065951345	https://ventusltd.github.io/solar-electrical-topology-analysis-engine-text-based/
f9647d7ad019	https://globalgrid2050.com/
f97972fe7fc0	https://globalgrid2050.com/
f9806b6e94cc	https://ventusltd.github.io/youengineer-code-review/
f982945c1361	https://globalgrid2050.com/
f9864e85ffbc	https://ventusltd.github.io/gridatlas/
f99967bfaf19	https://globalgrid2050.com/
f9a379ea9d32	https://globalgrid2050.com/
f9b126ce3707	https://globalgrid2050.com/
f9b3f945bbd0	https://globalgrid2050.com/
f9b5504490de	https://globalgrid2050.com/
f9c1927150f1	https://globalgrid2050.com/
f9c886cf4790	https://globalgrid2050.com/
f9f47286fae6	https://ventusltd.github.io/data-centres-gb/
fa0a385b706b	https://globalgrid2050.com/
fa0e3768f5c4	https://ventusltd.github.io/solar-electrical-topology-analysis-engine-text-based/
fa14ed727ce4	https://ventusltd.github.io/gridatlas/
fa15ebf72fa2	https://globalgrid2050.com/
fa1a63aedb49	https://ventusltd.github.io/solar-electrical-topology-analysis-engine-text-based/
fa1bcfe0d590	https://globalgrid2050.com/
fa2b69b7a5ec	https://globalgrid2050.com/
fa353b80fd75	https://globalgrid2050.com/
fa3b44cc9080	https://ventusltd.github.io/spiders/
fa3be680570d	https://globalgrid2050.com/
fa443f73bb51	https://globalgrid2050.com/
fa65efa1e5a8	https://globalgrid2050.com/
fa68d8b0392a	https://globalgrid2050.com/
fa69cacac154	https://ventusltd.github.io/youengineer-code-review/
fa7a69b7b3cd	https://ventusltd.github.io/registry_of_all_content_in_repos_and_dependencies/
fa81311330e0	https://globalgrid2050.com/
fa913df5627c	https://ventusltd.github.io/stars/
fa9cf4770d43	https://ventusltd.github.io/gridatlas/
faa0549d5bda	https://globalgrid2050.com/
faa7af798faa	https://globalgrid2050.com/
faaf8df7d592	https://globalgrid2050.com/
fab022b5e584	https://globalgrid2050.com/
fabf246811f2	https://ventusltd.github.io/solar-electrical-topology-analysis-engine-text-based/
fadd0338fb58	https://globalgrid2050.com/
faf8da8aa45a	https://ventusltd.github.io/solar-electrical-topology-analysis-engine-text-based/
fafa4d2d6a15	https://globalgrid2050.com/
fb1d37adfb24	https://ventusltd.github.io/ventus-grid-engine/
fb3a84ae69a9	https://ventusltd.github.io/stars/
fb45f8120e06	https://globalgrid2050.com/
fb58fd3dd4c8	https://ventusltd.github.io/solar-electrical-topology-analysis-engine-text-based/
fb5ea1c12530	https://globalgrid2050.com/
fb61002fb96d	https://globalgrid2050.com/
fb663443a3a7	https://globalgrid2050.com/
fb6ce70b37b5	https://globalgrid2050.com/
fb7088b2a227	https://globalgrid2050.com/
fb711f9bd98a	https://ventusltd.github.io/solar-electrical-topology-analysis-engine-text-based/
fb76e73eb989	https://globalgrid2050.com/
fb7f934acd00	https://globalgrid2050.com/
fb86090c34dc	https://globalgrid2050.com/
fb8910789453	https://ventusltd.github.io/star-electron-star/
fb8ec181ae82	https://globalgrid2050.com/
fb942f020045	https://ventusltd.github.io/solar-electrical-topology-analysis-engine-text-based/
fba7e52d4d7e	https://globalgrid2050.com/
fbaf46545bf8	https://globalgrid2050.com/
fbb08b3ea0fc	https://ventusltd.github.io/kuiper-belt/
fbb2d0f2ab1b	https://globalgrid2050.com/
fbb588f2e7c3	https://globalgrid2050.com/
fbc408c7e96c	https://globalgrid2050.com/
fbcdb1779194	https://globalgrid2050.com/
fbeaba4246c4	https://globalgrid2050.com/
fbf1285d1753	https://ventusltd.github.io/law/
fbf953a9d4ef	https://ventusltd.github.io/solar-electrical-topology-analysis-engine-text-based/
fc03b3b35955	https://ventusltd.github.io/solar-electrical-topology-analysis-engine-text-based/
fc08c098d62d	https://ventusltd.github.io/kuiper-belt/
fc0967632ec9	https://ventusltd.github.io/data-centres-gb/
fc0aa8a3c26c	https://globalgrid2050.com/
fc2c16496f78	https://globalgrid2050.com/
fc315f091998	https://ventusltd.github.io/gridatlas/
fc5be5263c74	https://globalgrid2050.com/
fc7386dc9851	https://globalgrid2050.com/
fc7551c9c61c	https://globalgrid2050.com/
fc8782148263	https://globalgrid2050.com/
fc8fd4f7d5e6	https://globalgrid2050.com/
fca00fbe7de1	https://ventusltd.github.io/globalgrid2050-hompage/
fcf04222de40	https://globalgrid2050.com/
fcf32c01d243	https://globalgrid2050.com/
fd103f5ed168	https://globalgrid2050.com/
fd28a363cbe9	https://globalgrid2050.com/
fd3ecaf08d57	https://globalgrid2050.com/
fd47fdd6ae73	https://globalgrid2050.com/
fd52154c099c	https://globalgrid2050.com/
fd5fb3a058e1	https://ventusltd.github.io/kuiper-belt/
fd754e0487a4	https://globalgrid2050.com/
fd75f4f4187d	https://globalgrid2050.com/
fd81b6a09b22	https://ventusltd.github.io/solar-electrical-topology-analysis-engine-text-based/
fd842072b895	https://globalgrid2050.com/
fd851b9e8ab2	https://ventusltd.github.io/galaxies-wafers/
fd86aa9a397b	https://globalgrid2050.com/
fda051f345d8	https://globalgrid2050.com/
fdaaf9d68eea	https://globalgrid2050.com/
fdaf9578905c	https://ventusltd.github.io/solar-electrical-topology-analysis-engine-text-based/
fdb5037c00aa	https://ventusltd.github.io/spiders/
fdbdff52b349	https://globalgrid2050.com/
fdbe53223dc4	https://globalgrid2050.com/
fdc497c4eefb	https://globalgrid2050.com/
fdc557ab20e1	https://globalgrid2050.com/
fdc6e811b433	https://globalgrid2050.com/
fdcb4f9cc059	https://globalgrid2050.com/
fde602bb21ce	https://globalgrid2050.com/
fdf0bf8ede4d	https://ventusltd.github.io/stars/
fe199e03c372	https://globalgrid2050.com/
fe28843996ed	https://ventusltd.github.io/spiders/
fe2cbc3f478f	https://globalgrid2050.com/
fe30d7b064af	https://globalgrid2050.com/
fe3440e908c4	https://ventusltd.github.io/gridatlas/
fe346747de28	https://globalgrid2050.com/
fe34bef66b48	https://globalgrid2050.com/
fe3c6d7730a4	https://globalgrid2050.com/
fe42cf0ef2fa	https://globalgrid2050.com/
fe4ded583efe	https://ventusltd.github.io/solar-electrical-topology-analysis-engine-text-based/
fe4e272f28ec	https://ventusltd.github.io/gridatlas/
fe4eba61bb91	https://ventusltd.github.io/ventus-grid-engine/
fe67fe9150cc	https://globalgrid2050.com/
fe6f4698ed54	https://globalgrid2050.com/
fe6fbaf0b069	https://globalgrid2050.com/
fe740cfdf5b8	https://globalgrid2050.com/
fe77fb06c200	https://globalgrid2050.com/
feaae1ab956e	https://ventusltd.github.io/globalgrid2050-hompage/
fed1f7d58bfe	https://globalgrid2050.com/
fee8c7d014d8	https://globalgrid2050.com/
fef3e174d1be	https://globalgrid2050.com/
fefa21f3e439	https://globalgrid2050.com/
ff00b8ffa0e8	https://globalgrid2050.com/
ff01c9a23ce6	https://globalgrid2050.com/
ff1f8690e683	https://globalgrid2050.com/
ff485c075152	https://ventusltd.github.io/solar-electrical-topology-analysis-engine-text-based/
ff48c4968d95	https://ventusltd.github.io/gridatlas/
ff4b4fd81d45	https://globalgrid2050.com/
ff4c666a4e74	https://ventusltd.github.io/solar-electrical-topology-analysis-engine-text-based/
ff54ad76c5f5	https://ventusltd.github.io/solar-electrical-topology-analysis-engine-text-based/
ff5e7d0b9666	https://globalgrid2050.com/
ff71f389e168	https://globalgrid2050.com/
ff7a477723b6	https://globalgrid2050.com/
ff8fce0a6863	https://globalgrid2050.com/
ff91c166c6ea	https://globalgrid2050.com/
ff93447518c8	https://ventusltd.github.io/stars/
ffab1ed1785c	https://globalgrid2050.com/
ffb7e8cd0457	https://globalgrid2050.com/
ffbcc0684c7d	https://globalgrid2050.com/
ffcf1b57e761	https://globalgrid2050.com/
ffe358daaf58	https://globalgrid2050.com/
fff07293a84d	https://globalgrid2050.com/
fff867391615	https://globalgrid2050.com/
