# commit	page	how
000108f7ebe9	0	folder
000fb6730385	1	folder
0013a774e3d4	1	folder
0017bf239f98	1	folder
00186f4cb86d	1	folder
001a4735aa60	2	folder
002d81d51ae5	1	folder
0034b98c7753	1	itself
0039596f6b45	1	folder
003a6a6e3301	1	folder
003b2d085cfc	1	folder
0045db855f07	3	folder
004ab31de8fa	4	votes
0051b3dc25f8	1	folder
00651d68cbbd	5	folder
007764447340	6	itself
007cdfcf4cb9	1	folder
007eb31d24ee	1	folder
008ead32911a	5	folder
00961573b207	1	folder
00a7596798b7	1	folder
00a83f1371ca	1	folder
00afae005c11	1	folder
00b0607af3da	1	folder
00c5d1f237b6	7	folder
00c94eb26860	8	votes
00d659789b56	6	itself
00d71af1b0b4	1	folder
00de552ed960	1	folder
00e0d36f5994	5	folder
00e6b8a2896f	1	folder
00ea48883065	5	folder
00f683b34965	1	folder
00fd6e613f97	1	folder
00feab51d466	1	folder
00ff59000500	9	folder
0102fbd34bd9	10	folder
0107ab12731e	11	folder
010f189c2d90	12	folder
011c06a34de8	13	folder
01466ce9c08e	11	votes
0146fade9974	0	votes
0147e153ad51	14	folder
014aa5fc92fb	7	folder
014c51fce8b6	1	folder
01509045cee7	1	folder
01532692cac6	15	folder
01598a0f5a17	5	folder
015c66943f71	1	folder
015f2a9a10eb	1	folder
016e893f99b5	1	folder
017731e150b2	1	folder
017cedcf98a7	1	folder
017ea43eb1ed	0	folder
01829158d99b	1	folder
0183bdb26a0c	5	folder
01848705cdec	1	folder
01849c14f245	1	folder
01874b302ecc	16	folder
01b97fe46df1	17	itself
01bdfd0b2153	1	folder
01d6012ee147	18	votes
01e64d347977	19	folder
01ea743fc0bf	1	folder
01f57953b6fc	19	votes
01f6f1d0f488	1	folder
01f79b41ab75	1	folder
01fe297f79c5	1	folder
0205826064a4	20	itself
020bb6631f15	21	itself
020dc6a27c26	1	folder
02114e28cd47	1	folder
0217d0647ef0	1	folder
02192d8c127e	22	votes
02327face735	1	folder
0232ad51a9a0	1	folder
0232b277b45a	5	folder
02338c1681de	1	folder
023d6ae2c15e	6	itself
023ec2f8539b	11	folder
025241460d78	1	folder
025acc25a8ee	1	folder
025ff1cbaed9	5	folder
02776ec5c266	1	itself
027da303d05a	23	folder
028ed70f8c49	5	folder
0297e0d9961b	1	folder
02994dfd4ef6	12	folder
029fd0c01a74	19	folder
02a78b61b8da	1	folder
02b3acc58b14	1	folder
02b44f8c07f7	1	folder
02c0b4267535	11	folder
02c95fef5c3f	5	folder
02d43f4ccbaf	1	folder
02e7aac373f4	24	votes
02ee76f8ec45	1	folder
02fa8a230e12	5	folder
03029910fbaf	25	itself
0318b5543f4c	5	folder
0327b2195881	11	folder
032c928c9f45	5	folder
0339794d5a17	26	folder
034229dea4ef	27	folder
034676fad9a8	1	folder
0348594a0930	28	itself
0355dab1f71e	29	itself
0361e85e3f01	12	folder
0375df0c9769	1	folder
037626c5fbc8	5	folder
03887340dde3	1	folder
03ab9492e28a	1	folder
03ac1fd5b094	19	votes
03aebff23517	30	votes
03b3cb85ab7c	1	folder
03c6ab622746	31	folder
03cb6ff2ecfd	23	folder
03d78031a63d	11	folder
03e63635ae97	1	folder
03e97c847be2	10	folder
03ee8ab46738	1	folder
040132c0727b	11	votes
040732d76b93	32	itself
0408e2f70408	1	folder
040ef66fee2a	5	folder
04264db170b7	1	folder
0432046ce5d5	1	folder
043d0bd26180	9	folder
04440eb25201	1	folder
0454c456a459	11	folder
04597458f48e	33	itself
045df1a60d4d	11	folder
045f827e50b2	34	votes
04727c68f41b	19	folder
04790ac9fa77	7	votes
0484f1b028eb	16	folder
049144ca0bbf	35	folder
049a9e613930	5	folder
04a4f5e8bc23	36	folder
04aa50d0d79d	5	folder
04ad9f599f81	5	folder
04b04457d460	1	folder
04b3cf7ba579	37	folder
04baa3de1e9c	1	folder
04bf5a558e73	1	folder
04c3e75e724a	1	folder
04d6d37e9557	6	itself
04d9d55b6820	36	folder
04e55c87d072	1	folder
04e6b80cf936	1	folder
04fd3a6c050e	1	folder
04fe25ddf1f7	2	folder
050ba778be2f	5	folder
050c2daca976	1	folder
0516397c88a9	1	folder
051a70476f99	1	folder
051c2d985653	5	folder
052c01c7e34e	1	folder
052eb215774b	1	folder
05355b5809de	38	folder
053c2a34e796	5	folder
053ef9cf2a75	1	folder
055d1888820b	1	folder
0561b2579a7a	5	folder
0575da2e2b1b	1	folder
0589d1c937e6	1	folder
058af3910b88	1	folder
0597f4654a67	11	folder
05a1150f2eb7	1	folder
05a2e55a3444	7	folder
05a2f93042dc	9	folder
05a52678e0e1	1	folder
05a63d8f52d7	19	votes
05ad62ead902	39	itself
05b8eee76584	19	votes
05c2559be031	5	folder
05c4efd8ddce	1	folder
05c97da5e79a	1	folder
05e8b4863b76	1	folder
05eee18087ec	40	itself
05f444df1236	1	folder
05f967864502	18	votes
06071ec8f5e2	35	itself
060a3dd021d5	1	folder
060d1046f6e9	1	folder
060e66a8e227	1	folder
06197b327f54	1	folder
0622e09c8ab8	1	folder
06284d087899	5	folder
06375bbcb08a	5	folder
064724942dcc	41	folder
0655af785017	42	itself
065a39d081f5	1	votes
065c94fdc26b	1	folder
0662549d8747	1	folder
0664049a7ee0	5	folder
06661edbca85	12	folder
066bb60abf91	43	votes
066fbcf62fe7	40	folder
06732ce34955	5	folder
0678c3005567	1	folder
067a5f082aa8	19	votes
067d0aa5aef7	0	votes
068445930438	5	folder
068b1e3035c7	1	folder
068d85114b41	1	folder
06acbc78eb4b	1	folder
06ae2ec5aeaf	1	itself
06b10bdac8dc	1	folder
06c05e4d35b6	23	folder
06c276804051	44	itself
06cef5f05d6d	1	folder
06da14754795	1	folder
06ded1b10f22	1	folder
06e01312efa1	45	folder
06e0a1444caf	19	votes
06e45cf94d2c	5	folder
06e92c8cf125	1	folder
06ec7434c8bf	1	folder
06ef148f45d7	46	folder
06f29a4618fc	1	folder
06f3305822e3	14	folder
07088491cdf3	45	folder
07175eacea84	47	itself
071c7f3c2510	7	folder
072764e37e40	5	folder
072d84100332	1	folder
072dd37d83f5	1	folder
072e8b29f3b4	36	folder
0732dd1cb4ae	48	itself
0734f353f64d	5	folder
0738954c7275	1	folder
073c28add003	1	folder
073effd64fc6	49	folder
0740986bf50c	19	votes
07464d7bbb9e	11	folder
074c5743f82b	12	folder
074e1020729c	5	folder
0750c9854f23	50	votes
0755dfd359ad	51	votes
075c03695881	28	itself
075e9c61f4ce	1	folder
076bf96bb913	1	folder
0777b7ceb9d3	1	itself
0777dc75c075	11	folder
077fe29ef354	1	folder
078a258558f6	52	votes
07910972f4b4	1	folder
0792f67658e0	1	itself
079a60692089	11	folder
07a0a9b5a9fb	1	folder
07a436b14107	1	folder
07a57eacab5c	53	folder
07a976e953a3	54	itself
07ac64247612	1	folder
07ae02564ba5	1	folder
07b0e9eb7fd2	1	folder
07c0902cccf9	1	folder
07c10b5d740a	33	itself
07c6e5a66354	11	folder
07cc7bae3cb3	1	folder
07d0b4a5a818	1	folder
07d5107f932b	1	folder
07eeb52573dd	1	folder
07f8c0345527	1	folder
08021db1c987	1	folder
080e582cb495	1	folder
081695619dd8	1	folder
083a0ab9b6a0	11	folder
084040ff5eb8	1	folder
084c4dc79989	1	folder
084c830ab81e	1	folder
08537d1bc108	1	folder
087bf0575623	45	folder
087c647e2391	1	folder
087c65580945	1	folder
087cf25123c1	1	folder
089ae1e6eff5	1	folder
08ac7f86cf51	1	folder
08b5b8cc06f8	7	folder
08be4d3dd3db	19	votes
08f9d6995832	7	folder
0906d40277df	49	folder
09091d5e4374	1	folder
090a78ca6eb6	5	folder
09137176da49	5	folder
0919c0d0376c	27	itself
091dc296af40	1	folder
092508d69845	1	folder
0939e3c735f4	55	itself
0939f0dcb7ef	1	folder
093ab6a4b3a5	1	folder
095278bb267a	1	folder
0956eef8f05e	1	folder
0964e9b3ad17	56	itself
096b5527a2b7	53	folder
096bdd3e003c	1	folder
096f7f9414db	1	folder
096f902e517d	57	folder
097637b10a1f	1	folder
097f105dc77f	1	itself
0989c5e9f4db	12	folder
098a81f635ac	15	folder
098df18c8a4d	47	itself
0991524486e9	1	folder
0995d426f9ab	47	folder
0998f6b35c84	45	folder
09a83358a6b7	1	folder
09b715d836c6	48	itself
09cbef5c13b8	26	folder
09dcb9868d1f	1	folder
09e5ab57eea3	0	votes
09f59b49838f	1	folder
09fa18468133	58	itself
0a00fa75abfd	1	folder
0a1470ee0ea3	1	itself
0a3755871530	1	itself
0a4371798908	1	folder
0a48b0f7f95d	1	folder
0a508554de02	1	folder
0a57758e7241	1	folder
0a6a262be439	16	folder
0a6b0f2bc63c	1	folder
0a7da7ff724c	1	folder
0a7e2a9872d3	37	votes
0a8afb8d2c79	26	folder
0a8d06466830	26	folder
0a95ab822f8b	1	folder
0a99b368160c	1	folder
0aa71c1b1426	59	itself
0abae4ecce1b	60	folder
0abe6c1aa6bd	5	folder
0ac07784b462	61	votes
0ad09a315e29	26	folder
0ae3a698406f	1	folder
0ae3c17405c3	1	folder
0aec91d066c8	62	itself
0af0befb2a7e	5	folder
0b0c762aba32	58	folder
0b2dba4ac377	10	folder
0b305388b153	5	folder
0b376ebdc1b4	11	folder
0b4bbd4cf671	1	folder
0b5b5192c4a9	1	folder
0b5c0e753b48	1	folder
0b680df6c00d	45	folder
0b70dd9d8bef	1	votes
0b71fbaf68cc	5	folder
0b73d722499d	1	folder
0b89e9fea15e	38	folder
0b956f3d4c69	1	folder
0b985841282b	1	folder
0bbf5f461d47	1	folder
0bcaf6fccbef	5	folder
0bcd96846442	11	votes
0bd7fb5f5e84	1	folder
0bdee52dcdcf	5	folder
0be76a053866	7	folder
0bed878926fb	63	votes
0bef5572ea49	1	folder
0bfb5c527f2a	32	folder
0c0d8773f997	64	folder
0c1ac23b003b	1	folder
0c27e63cd62f	1	folder
0c4075ac67b1	5	folder
0c44097abd3a	65	itself
0c45dae6792d	49	folder
0c5c3cf35564	5	folder
0c5d71bf8dd6	1	folder
0c6719ebd568	7	folder
0c802b0d1740	1	folder
0c93001feb21	66	folder
0c9860a95177	1	folder
0ca3e893da2d	1	folder
0caadda62198	1	folder
0cb2fab8e125	12	folder
0cc1750d99d5	1	votes
0ccc2f061274	1	folder
0cd91a4d1218	1	folder
0ce1839b1623	5	folder
0ce20d6a1ca2	1	folder
0ce52dd50c3d	1	folder
0ce5d4c4720d	1	folder
0ce764f6f5b4	27	itself
0cea876f1cb5	27	itself
0d078445ca31	1	folder
0d1c4fd113b1	1	folder
0d2ac903163b	12	folder
0d379071f032	1	folder
0d5436974a71	36	folder
0d610e958fbf	1	folder
0d730f557454	1	folder
0d7f323a9b0c	1	folder
0d8869159320	56	itself
0d92ae20573a	11	votes
0d94a3d19607	5	folder
0d99d750fef3	1	folder
0da479c2be6c	1	folder
0dac75127040	67	votes
0db272f36cd7	1	folder
0db3a85f312d	5	folder
0dbbcfc9e51d	1	folder
0dbd103840d5	1	folder
0dbfb28451be	1	itself
0dc0c5037803	1	folder
0dc5048cbc39	1	folder
0ddfc7a88f86	68	folder
0de35ddcb86d	1	folder
0df1f2b2ee0d	45	folder
0dfe0e06ea4c	69	folder
0e0fbbf16fce	1	folder
0e2582d40462	1	folder
0e25e3b6b590	70	votes
0e2cff82016b	71	itself
0e2dec8d9a49	5	folder
0e31624efd96	15	folder
0e4d43b0c788	72	folder
0e4d55f0d8f0	56	itself
0e4dd35d259f	1	folder
0e59f4ad04f7	5	folder
0e6b1425f34d	1	itself
0e6baa7efe11	73	folder
0e6f1938f32d	5	folder
0e7e5a56347d	1	folder
0e8376124f87	1	folder
0e88e42c0d6d	1	votes
0e8db7d47d9f	49	itself
0ea9ba168828	19	votes
0eaa6e925730	1	folder
0eaaa02b2e29	1	folder
0eab5c2f3832	19	votes
0eb166b6f55b	1	folder
0ef47cad66f4	1	folder
0f045db597b4	74	votes
0f061eea0e08	23	folder
0f1b96fac707	75	votes
0f1bd1167433	1	folder
0f1bdda8924f	1	folder
0f2627497077	76	votes
0f34464fdb4e	77	folder
0f34db146f6b	59	itself
0f42ea1b5299	57	folder
0f433c3fb119	12	folder
0f4469a5c34b	1	folder
0f4e8ac8bdb9	55	folder
0f667ea9bd31	78	votes
0f68c6ca7885	1	votes
0f7138c01eb1	1	folder
0f734cb322f8	15	folder
0f73abf1054c	79	votes
0f8a729c541f	5	folder
0faafc1219ba	1	folder
0fb07a818d63	1	folder
0fb0a0693715	1	itself
0fb27a7b571a	27	folder
0fb9cf6eace5	1	folder
0fb9d69be3ad	25	itself
0fd80a7ba9c6	1	folder
0fdbf8da88af	1	folder
0fdf425844a0	77	votes
0fe44e884037	1	folder
0fe541335c17	1	folder
0ff52fed69e1	12	folder
0ffdeb2d70f1	1	folder
1004b8ca5223	12	folder
100c25ca7ab9	1	itself
100d206147d6	19	votes
101a626a2df2	19	folder
102b1d68d38d	1	folder
1031679fc129	65	itself
10327111f974	5	folder
104bc01a1991	1	folder
106c1a4062ec	1	itself
108c4189e23e	80	votes
1090ab2656d4	1	itself
10971477d3a1	9	folder
109aea625dd2	81	votes
109c02030b51	1	folder
10bde88e30b3	1	folder
10c8faf9958f	1	folder
10ce36411e5e	1	folder
10d92388a621	5	folder
10dcb21222d1	1	folder
10dcd5037685	1	folder
10e70b0a5ed1	1	folder
10f1a6e97828	5	folder
10f4108daf19	1	folder
10f8bdfb9a79	1	folder
10fc1d9189a4	1	folder
10fdb3cc0055	1	folder
10fe083a84ac	1	itself
10fe472c7d4d	5	folder
110c57f226c4	1	folder
1124f248e18e	1	folder
11424f9a9d17	1	folder
114914b4f8c2	1	folder
114af0318dc8	1	folder
11585f959682	1	folder
11614fb05269	1	folder
118923a05584	11	votes
119b227163b6	1	folder
119be4670ad2	82	votes
11aa252c5245	1	folder
11b57eb12a9e	45	folder
11c8a83973d1	56	folder
11d23b76a1b4	1	folder
11e8b0e129f9	1	folder
11f9ae09a982	7	folder
11fb8eaf3e52	1	folder
1203b6e1b853	1	folder
1205672b03de	10	folder
120cd9380ed1	1	folder
121512eabbca	1	folder
12164e5d1c38	1	folder
122b064487aa	83	itself
1260cc6489f7	12	folder
12676ef20bfb	84	itself
1288d1441474	49	folder
1289614dbbdb	85	itself
128adf70356a	1	folder
128afb4e3221	5	folder
128d82ea6b27	1	folder
129098e17284	1	folder
12b3b4dcd492	1	folder
12b3cbde8bf2	5	folder
12cba3573d87	1	folder
12cf9e3d1b0c	1	folder
12d065c3a77c	2	folder
12ddc19a957b	1	folder
12de98ea86c7	5	folder
12e4730a99f4	1	folder
12e6ee4988c5	1	folder
12ea17eea2f8	0	votes
12ef99e637a2	56	itself
12f3ccf6e26c	5	folder
12f4034969c8	47	folder
12f4f32116af	73	folder
12fc818ae159	1	folder
13033ddbf216	1	folder
1304f420299d	1	folder
13055b1906e4	86	folder
130a182bd4ec	87	itself
131ebc8cba7a	1	folder
1330b97ac326	1	folder
1339f401f269	1	folder
133ec5cfa514	15	folder
133ef204d766	5	folder
135178b6fac4	5	folder
135182f7a3df	40	folder
1355782575b6	1	folder
1367fce2e584	1	itself
13738b8ab76f	1	folder
13739984a167	11	folder
1378a86afc0e	7	folder
137b2d83ddcb	7	folder
13838ae3ed22	1	folder
13891244a64f	7	folder
138b70fddfbf	1	folder
1390836d70aa	1	folder
1398dd8f5737	1	folder
139cef9768de	45	folder
13a1d679aafc	1	folder
13a69ee2a5a9	23	folder
13ad48e69a60	1	folder
13c2f14308ad	88	votes
13ca3125aa84	1	folder
13d9fdfe8d08	1	folder
13f782dd29b1	11	folder
1427440d9b6a	1	votes
14379fa93ab8	18	votes
143ff76f7efd	7	folder
1443d1744c44	1	folder
14514e094762	5	folder
14557078cf87	1	folder
145585f68663	1	folder
1481359acf48	65	itself
14823f745682	36	folder
1486da8fbab8	1	folder
148883da9868	1	folder
148bae9080f2	1	folder
149148a54f18	1	folder
149a1d2f26d9	1	folder
14bf0c084a9f	1	folder
14c2ac88c96f	1	folder
14cd7b302d5a	20	itself
14d563615bc7	19	votes
14ddf09577b5	0	folder
14e983f09ba6	1	folder
14ece89b1857	12	folder
14f05c73d15e	1	itself
15071fc439e1	1	folder
150c4ad7b046	11	folder
152739a05853	1	folder
152b11bbbf2d	7	folder
152b2b8fe76e	1	folder
153d73aa221f	1	folder
1540acef1e30	18	votes
154183b7c222	1	folder
15418eaaba02	6	itself
1553c6a254fe	1	folder
155c7d7918ab	65	itself
15667ee5bdd5	7	folder
1566c9cdba0e	5	folder
1576e7f0a0db	1	folder
1579fda7731b	89	votes
157a756c6737	1	itself
1581679e1f7d	90	folder
1586d0394a14	11	folder
158cddbc985c	5	folder
158df9615cb8	1	folder
1592f8bb002b	1	folder
159346d2669c	91	itself
15a292533f92	1	itself
15a827a0a0b9	1	folder
15aaad02c74c	11	folder
15b7fdd01682	1	folder
15bec8844e27	9	folder
15ca8256511c	1	folder
15d507d59f57	59	itself
15f5a3969788	33	itself
15fff3d258dd	1	folder
16047430db80	1	folder
16516e919120	92	folder
165387ecacab	5	folder
1669dded701b	1	folder
166b5f113a9b	1	folder
1674b9ccb5c6	1	votes
1677575af058	11	folder
1678c0104ee7	12	folder
1679bed901c1	1	folder
16852c5827a9	1	folder
169630defc08	5	folder
169673198260	93	votes
169f71601534	94	votes
16a79e12a006	45	folder
16b562369cf1	38	folder
16b74278344a	45	folder
16b783654164	1	folder
16bbf3c46820	1	folder
16bd8af5dde6	1	itself
16da787e6b77	1	itself
16db2bdfb882	1	folder
16e99b44ff3d	1	folder
16ed9b76b725	1	folder
16fb97098993	49	itself
16fcc98a5cab	1	folder
17032d46458b	95	folder
17186812f37f	1	folder
171df0e6bc39	96	folder
173dfd4a3744	1	folder
17440e6bcf0d	1	folder
174980319a25	45	folder
1749b42ed743	1	itself
174a88bb55cb	97	votes
17515304e75e	15	folder
17581c52fde8	1	folder
175e50b0e488	1	folder
1762170b3274	11	folder
1763f478a5c9	1	folder
1773ea3bf8a6	40	itself
17771cd294c4	6	itself
1779a4c7030a	1	folder
177c9fbde9d3	1	folder
178314b5c5c7	52	folder
17896640f127	11	folder
179138119215	1	itself
17a88c6fe641	1	folder
17b3955b8578	27	itself
17b3a3144842	1	folder
17b3d414364e	11	folder
17b528747132	1	folder
17b618dd8c2e	1	folder
17bb7c873cda	27	folder
17c8e534232c	5	folder
17cd235ddb06	26	folder
17d2733d5f1a	98	votes
17d93008e51f	99	votes
17d96edb3b4b	11	folder
17e49ad49063	5	folder
17e761bd191e	5	folder
17ebcb38707d	38	folder
17ece6aa8470	45	folder
1804e2196c4d	1	folder
1805726cd354	1	folder
1806ecddbf97	5	folder
180ff5f13d12	59	itself
183094ee70e1	11	folder
184c55875832	13	folder
185337311e5d	1	folder
18639c8ed37c	12	folder
1886b822f25f	1	folder
18878301b551	32	folder
1888767448fc	1	folder
18893c8434c1	69	folder
188ec33fbae9	1	folder
1891462658ec	45	folder
1898184ccbf5	11	folder
189c25b876e2	100	votes
18a727386103	101	votes
18ab182ac33e	15	folder
18b8ac85a0a5	1	folder
18c07eb72b40	52	votes
18c3e2e1bd62	102	votes
18cffd516db0	19	votes
18d0bec0b361	1	folder
18ea215b85cf	1	folder
18ec3b22cbee	1	folder
18f28365cd15	11	folder
18fa795e51c4	1	folder
1900366ab822	1	folder
19056fdcb473	1	folder
190985426da7	103	folder
1910fffd1553	32	folder
191a8c8bebaf	1	folder
19228b423f9a	12	folder
1928d97e9bf4	1	folder
1933ff7800c9	1	folder
1939338cf337	5	folder
194e25032b3f	1	folder
1954864306a6	1	folder
19588c2dbae4	91	folder
1962c127ef09	28	itself
19731ddf7832	11	folder
1975c00619a2	1	folder
1993aa106b66	1	folder
19946a6437b5	1	folder
1999b3423517	1	folder
199badb34dd1	7	folder
199f6003fcee	1	folder
19a20b010ac6	11	folder
19a22f3095ae	57	folder
19ab9d5b24e0	5	folder
19af3d15efea	1	itself
19b75353a25e	1	folder
19bc95aee172	1	itself
19bfebdb7812	1	folder
19c32c74c9da	1	folder
19c8e2b2d89c	7	folder
19ce8fd718f6	104	itself
19d4d39d1e19	45	folder
19dfdd426717	1	folder
19e34e7dc5f4	1	folder
19e9a3c2a611	1	folder
19ea4b96d12e	1	folder
19ed668fcafe	1	folder
19f6b621a2b8	1	folder
1a08d999cc7c	1	folder
1a1036eabf9c	1	folder
1a192c776e32	1	folder
1a339a020474	105	votes
1a33ae405e2d	1	folder
1a382b71b99c	106	votes
1a3a4dc85d4f	1	folder
1a4ba0095c1a	1	itself
1a505dc54c6e	1	folder
1a53b23c47ae	7	folder
1a602c108671	65	itself
1a6445cc52f3	1	itself
1a65b3a7e93b	1	folder
1a6cc00f512d	1	folder
1a6cd145be3d	1	folder
1a6ff06c0e40	1	folder
1a8615e5f6ed	1	folder
1a9a65222ace	1	folder
1aa69a61cfc0	7	folder
1aab0fa31ac8	1	folder
1ab2a5bdc121	1	folder
1ab3d07964f2	1	folder
1ad0e88747e8	107	folder
1ad3d84b94bc	1	folder
1ada13f9ea9f	27	folder
1ae057773f9e	47	folder
1ae0b652142e	108	folder
1ae532c5ff5b	109	votes
1af10cd91a9d	11	votes
1af9ab9bbb55	20	itself
1afbab6beafe	5	folder
1b00508c042f	1	folder
1b01e4074104	1	folder
1b025db465cd	1	folder
1b05e5389f61	1	votes
1b1740d5e051	11	votes
1b225c47def6	1	itself
1b29994a832a	19	votes
1b2b4b328c6e	110	folder
1b33499c90f3	1	folder
1b36a2abd87a	1	folder
1b51cf261069	111	folder
1b5310344933	7	folder
1b5639e58ea9	1	folder
1b5ca84f0d84	1	folder
1b6d9294985e	7	folder
1b957e05fda2	1	folder
1b9a9867545e	112	votes
1ba31235b15b	9	folder
1baff0979957	35	folder
1bbb0b21336c	113	folder
1bbc5c50f227	1	folder
1bc0d33715d9	5	folder
1bdc09a70b6e	5	folder
1be1425030cc	1	folder
1bec07bf3a15	1	folder
1bec450daeae	1	folder
1c03af4acbdd	114	folder
1c059e791a2d	1	folder
1c06975d274a	60	folder
1c074948da43	1	folder
1c0ed1e2dccf	69	folder
1c109b9f742d	1	folder
1c1d38a9867b	1	folder
1c23579ea2fc	5	folder
1c265eef1126	1	folder
1c2bac4ebcf9	1	folder
1c300a8807a8	1	folder
1c406ba45cee	1	folder
1c46a7fac13d	7	folder
1c4b4e666aa3	1	folder
1c4e19676b95	7	folder
1c50905ba2cf	1	itself
1c543664b2eb	1	folder
1c551a2928bd	115	votes
1c680a178419	1	folder
1c68f1c21e3f	1	folder
1c6d55433c90	1	itself
1c7cc988495a	38	folder
1c7cd65a692b	1	folder
1c84c18c3657	1	folder
1c873ee06a0c	90	folder
1c8bd1bd16f2	38	folder
1c913419e91f	1	folder
1c9ad1dac24a	1	folder
1c9cdf8dfad1	47	folder
1ca2bb7122ae	1	folder
1ca3cf924a10	1	folder
1ca4b0150459	1	folder
1ca9094f60cf	5	folder
1ca98b78aaf0	1	folder
1cad84e69746	1	itself
1cb851c0a068	7	folder
1cbc3a2962db	91	folder
1cdd0df7a31d	1	folder
1cebf23423c0	1	folder
1cf0426c6cd1	26	folder
1cf911f9243d	1	folder
1cfe12ce8ceb	1	folder
1d0441b7db06	116	votes
1d32c435179e	1	folder
1d3b9d943f24	1	folder
1d412d49cd94	1	folder
1d518af2079a	45	folder
1d6d0fd10e1a	117	itself
1d6d79c3c2e4	1	folder
1d7db2d081c5	1	folder
1d802d102a0b	11	folder
1d80656777e6	1	folder
1d8bdf8a2283	1	folder
1da2b7d7769f	5	folder
1dba30704eeb	40	itself
1dc5b0454b0c	1	folder
1dca389e015b	1	folder
1dca90f6fb9d	1	folder
1dd04396b386	15	folder
1dd70a3e8fae	10	folder
1de49e12b327	1	folder
1deaf6aee899	5	folder
1deb6f67a65b	1	itself
1dee14db5d40	5	folder
1df6cb6cda41	118	itself
1e09464521ac	27	itself
1e16150fbab8	12	folder
1e2081d2c27b	1	folder
1e22f7ec638c	119	votes
1e24ab4aa53c	1	folder
1e290fd312f5	5	folder
1e327a99408a	1	folder
1e36e54dc500	1	folder
1e3ad52620e6	1	folder
1e3ca4d9ed6f	1	folder
1e41d0a97009	12	itself
1e4589810855	1	folder
1e504f0534ae	92	folder
1e744fbaba97	1	folder
1e7696288258	73	folder
1e77eb7a7a59	1	folder
1e82c81a36fa	1	folder
1e8424f94739	120	folder
1e868674eef4	5	folder
1e925675d644	1	folder
1e950b8872c2	1	folder
1e9e17767fe2	92	folder
1ea9e723d736	5	folder
1eab4c5f6961	1	folder
1ebd46fe873b	5	folder
1ec7dd90c566	1	folder
1eca91785a15	1	folder
1ed190b7f10d	1	folder
1ed871c58804	1	folder
1edede67a374	1	folder
1ee03db106b8	1	folder
1ee8a982f797	1	folder
1ef1b84f83bb	5	folder
1ef507a93725	5	folder
1ef7ac6ed856	1	folder
1f00e7f4685c	1	folder
1f017d6823e8	7	folder
1f03e4d70b0f	121	votes
1f0850186c3f	23	folder
1f0f856f7555	1	folder
1f1ad310a40c	78	votes
1f1fe10bf668	1	folder
1f20571c6489	1	folder
1f22a84556c6	1	folder
1f48dfc8c45b	1	folder
1f517c01c579	7	folder
1f68aefbe86d	11	folder
1f755b3b72e3	1	folder
1f75aabbfb3b	11	folder
1f75f5148497	1	folder
1f828e4ccf6b	1	folder
1f8293d27d19	45	folder
1f8a75ade493	1	folder
1f8be09f86fa	122	votes
1f8d64c44bbc	1	folder
1f8ecfe975d6	123	votes
1f92c57374de	1	folder
1f9c200f41b6	7	folder
1f9cde64c216	1	votes
1f9f1ae28892	5	folder
1fa113b2ea36	1	folder
1fa225f3ac5d	1	folder
1fae65e826cf	5	folder
1fb5d9f2c03d	1	folder
1fb6262e2ab5	19	votes
1fc04e6d5eb1	1	folder
1fc70cd224cd	11	folder
1fc7e2c59dbd	1	folder
1fcc45e95aa3	1	folder
1febc56cb0ce	124	votes
1feca254f847	1	folder
1ff1c13f34e4	1	folder
200225d6d7d1	1	folder
2004c293783e	9	folder
2008caf0cb3a	1	folder
2010374f29b7	27	itself
20161d5d885d	38	folder
20197d3d3525	1	folder
20215e07a9cc	1	folder
20360418e163	1	itself
2044fe38078a	40	folder
204aae6462a9	1	itself
204c78da5b53	1	folder
2051b8e3e4c2	19	votes
2052cfc0554a	120	folder
2053d343562a	1	folder
20581bdb65ad	7	folder
206429eae082	12	folder
206908c8ee1a	36	itself
20711d654faa	1	folder
20715485e010	1	folder
2071c620fde7	55	folder
2072d44b2d41	1	folder
20923a57bf3d	1	folder
20966fc716ac	37	folder
20985f425131	1	folder
20a0ff7f7b03	62	folder
20b32b9bfe8c	1	folder
20bff93d76fd	5	folder
20c1e494d8aa	92	votes
20c4b37e0bef	1	folder
20da79302641	1	folder
20df08e5325e	1	folder
20e993ddc0de	1	folder
20ecdbdfdf95	1	folder
20ef4c17f861	27	folder
20f04462e2ee	1	folder
20f3eae424d1	45	folder
210618cebc93	7	folder
2108772ef64b	1	folder
211aaf62c9b6	1	folder
211e44f0ad5f	56	itself
211e8561d1c8	1	folder
212e4e1073d0	1	folder
212f920ca2e0	1	folder
2134066634b7	12	folder
213575cd6212	1	itself
2147f1052dd0	1	folder
21563136875b	125	folder
21586844d5bd	1	folder
215aec894e7d	1	folder
2180fe21c458	6	itself
21918c1efa8d	1	folder
2194126059df	7	folder
21a576bf8908	1	folder
21ae77c721ff	1	folder
21b828360435	47	folder
21be12dffa80	1	folder
21c4f452dc05	1	folder
21cf4619415e	1	folder
21cfd0e1bdd5	126	votes
21ddc7edd270	0	votes
21e06f69d388	11	folder
21e4bec8ac06	1	folder
21ebc51d1e2f	1	folder
21f3f7f25431	1	folder
21f917f3430d	1	folder
2209a478bd9a	6	itself
220bf64a03e7	1	folder
22170c58d8e7	1	votes
2236800e224d	65	itself
2237efa434cd	1	itself
22395315dd2b	5	folder
22481eb4f04a	40	folder
2252a701b9bc	5	folder
22597cc0db08	1	folder
225ec4fb8402	1	folder
226051e5bf27	1	itself
22695d30b476	1	folder
2271c32e5c9e	11	folder
2275d80036a0	127	folder
227c4eceb32b	5	folder
2289f2898d4a	92	folder
2295bfd85227	1	folder
229c2506ef9a	128	folder
229f5b479295	1	folder
22a58233e959	1	folder
22b3bc78481c	1	folder
22b512378839	1	folder
22bd573d0922	7	folder
22db303857d9	62	folder
22e6b7feda25	1	folder
22ecad9d8647	11	folder
22eefb58d086	15	folder
22f337b9471a	129	votes
22ff145eeaf7	1	folder
2301464f0386	5	folder
2310a1aed3b7	130	folder
2319103cab96	12	folder
231a65fbd52b	5	itself
232a8df6f3cf	131	folder
232bad54b1ea	7	folder
233c69c4f1a3	5	folder
23456f2d4cbe	15	folder
23482eaba594	12	folder
2356b2aaea6b	1	folder
235709ea65cf	1	folder
2357cd238763	132	votes
235c7d92ec68	1	folder
2368a1d72a42	7	folder
23745b2896f1	1	folder
2374c43f76e2	23	folder
237cd8e9c7d9	133	folder
2381e2914e80	134	folder
23839fb90642	1	folder
238578f05707	11	folder
2389b8db14cd	1	folder
238fcd17c2c9	120	folder
238fdbea9c26	1	folder
239238fc9116	1	folder
239a33a02106	1	folder
239f09805069	5	folder
239f50c1bdb9	59	itself
23a5eb449ac0	1	folder
23b95518aae0	5	folder
23bc10acb5fb	23	folder
23ce70d6e0e6	1	folder
23cea547ee8c	11	folder
23d283018065	1	folder
23d853af35e7	1	folder
23d9b2780f13	1	folder
23da4f1f6d62	1	folder
23e021344596	11	folder
23fac829810f	1	itself
23fc7034f27f	1	folder
2400479a47e1	1	itself
24171fd1d342	1	votes
241915a3014c	1	folder
2421dd45df7e	1	folder
242bcdf4b7fc	45	votes
243a79124ec4	1	folder
244a44d692bf	1	folder
2450695d4128	5	folder
2451fcaed0b4	5	folder
246f4a57e42c	5	folder
2471cb921107	32	folder
247646a4b6a1	1	folder
248fdf52cf3e	5	folder
249c5fc287a6	134	folder
249f0e55ae44	1	folder
24a3d8880904	1	votes
24a8f189de55	2	folder
24adf143dcfe	1	folder
24b4eac60b48	1	folder
24cdd2d9d3b8	5	folder
24d5236537dd	1	folder
24d7622cf7b5	11	folder
24d8220b0979	1	folder
24dc9f7fb623	1	folder
24dc9fd07ca1	1	folder
24e44c55529e	1	folder
24e96442e4f1	7	folder
24eae5be8f7a	1	folder
24ef9b0e70f1	1	folder
24fb81f7e519	1	folder
24fdb11c8237	1	folder
250962c3e5ec	12	folder
25106210e658	25	itself
25157d66d52b	1	itself
2524e3d81cc0	11	folder
252f4f555085	1	folder
25530c111233	85	itself
2564cbcc2e3d	1	folder
256f5c061f33	1	folder
257a05affae3	1	itself
2580f3c2af3e	40	folder
25847bf97a54	1	folder
25928b7cf466	135	folder
25b0e038db68	5	folder
25c36b7eff30	59	itself
25c7c86b7101	1	folder
25c7fc36b5a3	136	itself
25cf4f9c406c	25	itself
25d434266146	1	folder
25df11a94c21	137	folder
25e147123160	11	folder
25e1e9c35ff4	1	folder
25ee16fa872e	1	folder
25f31c83bbb7	1	folder
25f6c7895ca7	5	votes
261498aa5a1b	1	folder
262864b6343a	19	votes
262a95b12b87	1	folder
262d4dd339c1	1	itself
2639f10012a5	5	folder
263d9aa1af16	5	folder
263f0a8c9859	5	folder
263faba93b8e	1	folder
264d1f9e1be2	1	folder
264e0a455609	1	folder
264e52d36d18	1	folder
266209ed6364	138	folder
2673f679ef0d	11	folder
267cff2117e2	139	votes
268364701379	1	folder
2691b7dc7161	1	folder
26949d305fe3	1	itself
26a1b71f3b9a	20	itself
26a42c16ee97	11	folder
26a6c65d4d96	57	folder
26ac863244e3	1	folder
26ad63555f06	1	folder
26b04db03012	1	folder
26bb0bc9ee1e	5	folder
26cbe2d8a032	1	folder
26d3b0eb717a	5	folder
26d858b1b795	5	folder
26e354b3ba6b	16	folder
26e4416a28fb	12	folder
26ee92720d19	1	folder
2707556b8028	1	itself
270762f2f503	5	folder
270c99940d53	11	folder
270d6cf400a5	11	votes
270f069182d2	140	itself
27160ecfb391	1	folder
271bbb150296	1	folder
2733d56710e2	1	folder
273a0a7e113e	1	folder
273b075a739b	1	folder
273bf364e711	141	votes
274a82d24ca1	1	folder
275eb396130d	1	folder
276d370689ec	49	folder
278c243ac3d0	1	folder
279f6a505e6c	15	folder
27d30c9eb185	1	folder
280440409c99	142	folder
2808a7c5acf5	1	folder
2814be94b4d4	1	folder
282368be79f4	143	votes
2832aa90b4fd	1	folder
2837b2268ba5	1	folder
283881cc6664	1	folder
283fd0f79229	1	folder
285aba4f14bc	1	folder
28683230b16c	5	folder
288376167bed	59	itself
288573c9c925	1	folder
2890e343a7b6	19	votes
28a855f91726	1	folder
28ba9671fbf6	1	folder
28bdb7a6e559	47	folder
28c1f6515121	19	folder
28c746c86610	5	folder
28d590ad8dcc	1	folder
28e0974e9c43	2	folder
28e41f129d80	1	folder
28ea8684ae79	144	votes
28ee9e809784	142	folder
28f14ac20b05	1	folder
28f40770b29b	5	folder
28f6ef8ade0c	1	folder
28fc34dec810	1	folder
292f780798c7	5	folder
2939e3907f7f	1	folder
293e97e5d936	1	folder
29488414ca5f	49	itself
294dcc062cb0	77	votes
2962dfa64fc2	1	folder
29695abc26ad	5	folder
297564dacfdb	1	folder
2975b4cc4301	1	folder
297d03abd5dc	1	folder
298507c22cee	1	folder
298909030d40	26	folder
29987b6557df	1	folder
29c0fb4448fa	145	folder
29ca24098d59	1	folder
29e9e6f447b3	6	itself
2a256973155b	1	folder
2a294f5e7846	11	folder
2a2beefd4550	5	folder
2a2c36c2802e	36	itself
2a3094112175	1	folder
2a3a7e8d8377	19	votes
2a3b712a4cac	27	folder
2a454e3d7e86	27	itself
2a4a9da6ee87	1	folder
2a4f246a2a05	1	folder
2a5341bce425	1	folder
2a583a15ee4a	1	folder
2a61306221d8	1	folder
2a6205f948b0	1	folder
2a6436b6ec42	5	folder
2a6564b6f176	6	itself
2a772974f1f5	1	folder
2a872eb48030	1	folder
2a9128b7c4a2	56	itself
2a98cc43ec76	1	folder
2a9ba086665f	7	folder
2a9d2efbc20f	146	itself
2aa8b75ba174	1	folder
2aa943fe4a23	6	itself
2ab1d8f5ee4b	5	folder
2ac33167952f	147	votes
2ac50cf7b5ab	1	folder
2acd4b04d5b5	5	folder
2acefc3261bb	1	folder
2ad5b0a1ddb0	1	folder
2adb335283b4	1	folder
2add8a21efa6	1	folder
2aef08bb6c02	5	folder
2af303fb11e3	11	folder
2af6e2051a91	1	folder
2b086488997a	20	folder
2b0db38f46b2	77	votes
2b18f6b526a8	1	folder
2b1bcf23588c	47	folder
2b25f56309f0	1	folder
2b2eee35ad21	1	folder
2b3f481d3b43	15	folder
2b4253ef5079	14	folder
2b458da1f09f	1	folder
2b4700da0dfe	56	itself
2b4a858c331a	1	folder
2b50ecd7e9c8	1	folder
2b6381912154	48	itself
2b705ac10037	1	folder
2b7a1eb6c832	26	folder
2b7fdc046ba7	43	votes
2b91603f73de	148	votes
2b997c9bcd3a	1	folder
2ba277b9bcc8	1	folder
2bb9d49b373a	19	folder
2bc8b3581e96	1	folder
2bca49f8b7dc	1	folder
2bd916f6b99e	7	folder
2bdb004879e1	5	folder
2bdbc778a10d	1	folder
2beeef653532	90	folder
2bf25fdcc1ff	1	folder
2bf27b124344	149	votes
2bfd24bcb0df	47	itself
2c03a0f7ff94	1	folder
2c047230a408	1	folder
2c05a9f7917c	59	itself
2c06066001ac	1	folder
2c064e5e4acb	1	folder
2c065ba4be66	1	folder
2c09c2469bde	9	folder
2c1ad091088a	1	folder
2c1f38ab4d1d	37	folder
2c30b29236fd	1	folder
2c387afe4706	1	folder
2c3c8b53dfd2	48	itself
2c42c9b42b84	1	folder
2c50ced50ef0	150	folder
2c767276e546	1	folder
2c8160f6ca25	12	folder
2c81895083ee	7	folder
2c8498f7ccc8	1	folder
2c944489a9d6	151	votes
2c9bfa3e9a2e	125	votes
2ca2bbd69bf9	1	folder
2cbd56703246	1	folder
2cccb66998c9	5	folder
2cd26975faef	1	itself
2cd57d15b733	152	votes
2cdf1b189708	5	folder
2ce1d4f5d2e5	1	folder
2cf933aefd2b	1	folder
2d09b5158dac	1	folder
2d0cc5d06e39	1	folder
2d0dff2fe121	1	folder
2d18a50f6167	1	folder
2d1d113fc554	1	folder
2d2214a0f2e1	38	folder
2d2518a85b04	1	folder
2d2a4dd7b34d	153	votes
2d2e6f71bc4d	1	folder
2d2edbda2c0e	5	folder
2d458eee03bb	1	folder
2d49ab74b025	1	folder
2d55096ee6b4	1	itself
2d5afc1d3b80	1	folder
2d6128171ec6	7	folder
2d616e417dd0	19	folder
2d626334dda2	5	folder
2d685f2ab05b	1	folder
2d6b38156874	15	folder
2d71a087f04d	1	folder
2d8bb4ec399c	23	folder
2d8c020ca9f9	45	folder
2d8cc7bacf80	19	votes
2da0f119a7a5	154	votes
2dae90957480	49	folder
2db62dcf084f	19	votes
2db72bf9130a	5	folder
2dd309cd6bf3	1	folder
2de4a9923dd0	1	folder
2dedd4f298e5	78	votes
2dee0f1f2721	1	folder
2dff3c87eb34	1	folder
2e0059f97093	7	folder
2e0a258328b8	1	folder
2e0d6d75b2f3	1	folder
2e0e781ab56a	1	folder
2e14b87db26c	12	folder
2e1923803ee9	7	folder
2e1b35e6eaab	1	folder
2e36dbf4d796	23	folder
2e44fc5b8149	5	folder
2e45f26c4efb	1	folder
2e4662226d4a	155	folder
2e535f7d22fa	1	folder
2e56d2ce36cc	156	folder
2e5879fc56e5	19	votes
2e600140b581	1	folder
2e65adcb11c6	157	folder
2e6b0ecc14c0	1	folder
2e6d23a27ce9	6	itself
2e6f0d3a2f6c	1	folder
2e7d9f429a3b	158	votes
2e8a255439a0	1	folder
2e96d7c5a30f	1	folder
2e9eba4b3088	1	folder
2ea2ed081a05	1	folder
2eb3c3e99834	1	folder
2ec60487b6f0	1	folder
2ecf0cffdffa	32	folder
2ed2bf7de47d	5	folder
2eeb4719cd58	1	folder
2ef4197f0bb2	1	folder
2f0cc1b77044	1	folder
2f16c74401f3	1	folder
2f19c2e8145e	11	folder
2f20408aa657	1	folder
2f21848bae16	118	itself
2f2a4d53407c	159	itself
2f2dd9fa3911	1	folder
2f432883d59d	1	folder
2f464e6ae49b	1	folder
2f4df33052d5	23	folder
2f54badd3930	45	folder
2f57cc506274	1	folder
2f58eca408db	1	folder
2f64601dc49a	1	folder
2f6cbb0364ff	5	folder
2f71466c7a51	1	folder
2f775e155b08	1	folder
2f78001e50d4	11	folder
2f7acc18c18a	1	folder
2f8074ff0570	11	folder
2f85a9a85003	1	folder
2f94aaeaabcb	23	folder
2f9533f2bc8e	38	votes
2f9c19ec43d1	5	folder
2fa7d53cb818	1	folder
2fb56b3671f0	1	folder
2fc32775d5bd	69	folder
2fcfce64d14a	2	itself
2fd55f853dde	1	folder
2fe0911ae897	1	folder
2fe39df1130c	1	folder
2fe8d236777f	33	itself
2ffbd04689fb	1	folder
2ffc777d8441	160	folder
3001ad5b9970	1	folder
30094ef0da08	1	folder
300fa2b0f2a5	1	folder
3010050315a2	5	folder
301a426a3c4e	1	folder
301bee76d1c6	1	folder
301dd8a1707b	1	folder
30241d20da49	1	folder
3030aa1e3217	1	folder
303439c36c11	1	folder
303640f6d2d4	23	folder
3036be4cf0e7	1	folder
30384fff9f57	1	folder
30386cc0f447	11	folder
304a3791dc0b	87	folder
304b93477be9	1	folder
3061dfcc8901	11	folder
30780b5dcfc4	15	folder
307b5f9664c9	1	folder
307e74a9adff	1	itself
307f0c3f8847	1	folder
308b9abee7b9	1	folder
308eb0e03726	1	folder
30925d435dd7	1	folder
30a6ca11ba20	1	folder
30a6ce5ce9ef	1	folder
30a9bc04b988	5	folder
30b0a4d75a99	7	folder
30b97a7a2a8b	1	votes
30c2567cc89d	1	folder
30cf63e7c33a	11	folder
30d794f57d0d	1	folder
30dc535968d5	1	folder
30df31f37174	161	votes
30e55559fc29	162	votes
30e6f8804a97	1	folder
30efa2bab228	23	folder
30feaa721f29	1	folder
31061ea37333	12	folder
310a0b7cfc08	10	folder
312be456146e	1	folder
3133a268f5ca	2	folder
3138aa143fe9	15	folder
313f56238b91	82	votes
314c2adfb1bd	1	folder
314d00dadafa	5	folder
315700d9a59f	133	folder
3158f6991e04	5	folder
3159de6eb8d6	1	folder
31784cad08e1	1	folder
318b033db14d	1	folder
31980d824ae5	16	folder
31a268ca1375	1	folder
31a993acd409	1	folder
31ac377745f6	2	folder
31bd40acdc1d	1	folder
31bd68ca1e33	155	folder
31bf43ff4f38	1	folder
31d1d524bfb1	15	folder
31dc71bdc845	1	folder
31f02e82388c	163	votes
31f45ec563fa	164	folder
31fa1e1a7569	5	folder
31fec5ef3057	11	folder
320893c4702b	1	folder
320899f7cdd5	92	folder
321934344a57	1	folder
321e08866795	7	folder
322057f7ebb9	1	folder
3220f71339e6	19	folder
3227e1f6cba9	1	folder
322ba18938b7	165	votes
3235a34d1a2f	19	folder
323f1f21a88b	1	folder
32453973b5ad	1	folder
32459230b958	166	folder
325275300e55	1	folder
326a64f2eea9	1	folder
326d9793409c	1	folder
328c5084b7ec	1	folder
32a9e1965615	1	itself
32aeaa299b18	1	folder
32b1345998b4	1	folder
32b19f3c9071	167	folder
32b5c17167f7	1	folder
32ba6b058d1d	19	votes
32bc3bbe60e1	11	folder
32c0e414e60a	1	folder
32c2cdc308e6	1	folder
32d8a4fe8d6a	1	folder
32dbcd512fab	1	folder
32e9840455b3	1	folder
32e9d54dea1f	0	votes
32ef0f56468f	12	folder
3300b8257028	5	folder
3306686492a9	11	folder
33091820af3e	1	folder
330ce1ab4104	69	folder
3314e7abcab8	1	folder
3320c873411f	1	votes
33317ea9f686	168	votes
333b180e6e2e	12	folder
333c6e3ce5b8	5	folder
3346738654f0	169	votes
3348c5f96303	9	folder
336492eeaa1f	5	folder
337f447becbb	1	folder
33af572c0fd7	1	folder
33b139b0754e	7	folder
33ba47345c14	1	folder
33d173c4cac2	1	folder
33e3c4a2d0c1	92	folder
33e929f027c4	1	folder
33ebcd89728f	1	folder
3402111a4b6b	1	folder
34136ab5b227	0	folder
342134dd9236	5	folder
342fed623e51	1	folder
3447f6fb89f8	1	folder
3457fc6b84dd	5	folder
345ca992b8b4	134	folder
3460f5990386	7	folder
3462a0794aa6	170	folder
3462c36d2539	0	folder
3466b6a40aba	171	votes
347766bbf79b	1	folder
347d93fa1047	172	folder
348ef44f5dd0	5	folder
34a8c1655df7	1	folder
34b07badb063	1	folder
34b69583fd87	1	folder
34ba41db9dd0	173	folder
34bca010bb49	7	folder
34be2791e7f5	1	folder
34c0b6895031	174	votes
34c6f1435479	1	folder
34c8b25ee783	7	folder
34c995fbb63b	1	folder
34d1a4388d09	19	votes
34dd8703c01e	1	folder
34e02eb95b98	5	folder
34f7a16c6677	92	folder
34ff442488fc	1	folder
35007d8c9cc8	1	folder
3506bfb2b4d2	19	votes
351945cc4fa4	13	folder
352632a924b8	1	folder
352a185d2a24	1	folder
352aff1f8dcd	1	folder
3530451a1530	1	folder
354b7257a9bd	114	itself
354f0616f168	19	folder
3554c1e5bc2b	11	folder
355a0dee18db	1	folder
355a14d84f17	1	folder
355cbdec1629	1	folder
35642a23934d	1	folder
356c2527b3a5	20	folder
356ca261cf54	1	folder
3575f03d8a05	1	votes
3589facf9901	23	votes
35926f56f056	2	folder
35acfd846601	26	folder
35c530170476	36	folder
35cddc182a16	1	folder
35d6d0830e04	1	folder
35e0e01fc306	1	folder
35e20cca1d4c	12	folder
35eb66d59c22	1	folder
35f07f9c0ef6	1	votes
35fe545075cd	1	folder
36090bbb728f	1	folder
36101d79bd6e	96	folder
36152fc09896	14	folder
3619addab091	1	folder
36251fd0c21d	40	folder
3625d6b96e84	159	itself
3627e95fa9ec	62	itself
362b679a0f78	175	folder
362d61031bcc	1	folder
362ee0c4a21a	1	folder
36327555c7d7	176	folder
36359455d88c	1	folder
363c3593bc53	1	folder
3646d7300749	11	folder
364ae5bb0245	1	folder
365690dcbf5f	1	folder
367c02c316f7	1	folder
367ddd883991	1	folder
36816d49adc3	1	folder
3688cc02fbda	1	folder
3690694992e5	1	folder
36a74e5485d7	1	folder
36c92b433e6c	16	folder
36cbd875528f	7	folder
36cd81fb2007	1	folder
36ceec73e008	1	folder
36d1c9b56a35	142	folder
36e4e538543d	5	folder
36e9947ae6ec	0	votes
36f1ab756d7a	5	folder
3705f3d8dd86	1	folder
3709ff818ba1	1	folder
37125d5a6382	32	folder
3717e1fd9e91	16	folder
3717edadcaab	11	folder
373186e0947a	1	folder
373f105eb52a	1	folder
374870526947	1	folder
374974a6a6fa	5	folder
374ab71451b8	1	folder
3756ac77c5bf	1	folder
376f0d7de60e	1	folder
3773b941bc57	40	itself
378d74c8aa7c	1	folder
37a3669c4946	5	folder
37a97cee34bb	19	votes
37aa52de2833	137	folder
37ae61ad185e	1	folder
37b00106d007	5	folder
37b9276ee97d	1	folder
37c939f9a5b6	37	votes
37d22b139c38	1	folder
37e4c6929060	78	votes
37ea8bab11c0	1	votes
37f58c111fea	1	folder
37f97bdef9e8	1	folder
37f9d1562b6b	77	folder
380b9bf495c3	1	folder
380c7ea8ceab	19	folder
380d261aa9ad	1	folder
381a2be9e81a	9	folder
381f43f70e81	1	folder
3826fa198762	7	folder
3828716c096a	5	folder
383a444d1e20	1	folder
384bcd4b8add	1	folder
385e7f517bde	0	votes
38640c3b54a5	177	folder
386e3fff48f6	1	folder
389836693e06	1	folder
389d69917117	1	folder
38a4408fdc10	134	folder
38a9e0200bf0	135	folder
38d4bdd82e9f	1	folder
38dce10f96f4	1	folder
38eadfdbb43f	1	folder
38ef34745d15	178	folder
38fac07e5aa7	47	folder
3906d35e6955	12	folder
390f8b48b54e	11	folder
391b69f08566	1	folder
393837ab5b06	1	folder
394b8bcd55db	1	folder
3960d403436b	1	folder
39652f6b46d6	11	folder
396c5321ca41	1	folder
397066b426a5	1	folder
397283a7bca9	1	folder
397498365492	179	votes
3978685ab827	1	folder
39850ffceac1	51	votes
398733031805	180	votes
398c14ea1331	12	folder
399038c41254	1	folder
39a3205c6bd0	1	folder
39bca6e0d33b	40	folder
39bcc72aecbc	181	folder
39bf99942a16	5	folder
39c3da6e03e5	37	folder
39c50aafe8cb	19	folder
39dadee69b97	15	folder
39e5b5a269a5	82	folder
3a09ab567ca9	92	folder
3a0a7f5a32f7	1	folder
3a1a0b8080f5	1	folder
3a269f04bd06	1	folder
3a3b1b009d57	1	folder
3a41fea2c1ca	1	folder
3a46ef416fb1	1	folder
3a47eb83de5d	1	folder
3a50637a6626	1	folder
3a5219c7ac4b	1	folder
3a5a351cf6b9	47	itself
3a62a113f545	1	folder
3a6a80f2cf28	1	folder
3a7498922110	5	folder
3a7737ebcdcc	49	itself
3a7ada4bb9b5	1	folder
3a7fec02bb12	0	votes
3a839c7c31b9	37	votes
3a9b55a66b94	1	folder
3aae6054691c	1	folder
3abf9a2a76ea	5	folder
3ac08eda5df3	15	folder
3ac5baddd9b2	1	folder
3aca6f5eddce	114	folder
3acd56386d0b	119	votes
3ae103c677bf	1	folder
3aec2a06c617	1	folder
3af377f7ce06	27	itself
3af397b0ad67	1	folder
3af4847e9479	90	folder
3b015742aa05	1	folder
3b042fce590d	1	folder
3b0747cf5c4f	20	folder
3b09b3a22cc9	1	folder
3b142ca06b5b	5	folder
3b20eb26a476	1	folder
3b2184f19ff8	11	votes
3b21baf030e3	1	folder
3b21cc5a74a0	1	folder
3b2ced45f072	1	folder
3b2d046d4151	1	folder
3b2d22493023	1	folder
3b3988b36c2b	0	votes
3b3f0c8adfb6	11	folder
3b4d6369a50a	5	folder
3b577a083a2c	45	folder
3b5b3edf4a82	182	itself
3b5dc0c9cace	12	folder
3b5f5b6f30ab	1	folder
3b6411dee9ad	1	folder
3b669396d413	1	folder
3b696533566f	1	folder
3b70f987957d	1	folder
3b73912dbfe1	1	folder
3b7b05957965	5	folder
3b7cc6f161d7	23	folder
3b821a170a42	1	folder
3b981f4b51d2	2	folder
3b989ad1478b	87	folder
3b9b4b337b7d	1	folder
3ba05154da6b	1	folder
3ba92d4f9f88	1	folder
3bb4c98370b6	27	folder
3bb63b5a771a	1	votes
3bc064385fa4	1	folder
3bc276d1a08f	27	itself
3bc8cf69751a	33	itself
3bcb12520fb8	57	votes
3be1cabe4dd2	1	folder
3beb872dba21	1	folder
3c030a2f9b30	1	folder
3c1d9ea4cc5a	1	folder
3c2962ed2119	183	folder
3c31ccdd05d2	1	folder
3c31f4bc297a	1	folder
3c3533fba3d0	7	folder
3c419707e5c2	1	folder
3c42ef3919f0	1	folder
3c44f7743b91	1	folder
3c720a16284b	1	folder
3c8197607124	1	folder
3c8b2cf0f979	1	folder
3c96c07c453b	1	folder
3ca2e7d5ade6	11	folder
3cb5adc3851e	1	folder
3cc7c498fcac	1	folder
3ccd7ac167a9	1	folder
3ce2e4fe2412	1	folder
3ce3b3371b47	1	folder
3cec2fbfa582	1	itself
3cf110a2eb05	1	folder
3d050b83c733	1	folder
3d05ac64a4e8	56	itself
3d0bbc192b22	1	folder
3d0c1548b3fc	1	votes
3d0e38cbef57	1	folder
3d191c996f1f	7	folder
3d1a70fe9909	5	folder
3d2fae79dab6	1	folder
3d33f02067ae	1	folder
3d39203f7865	1	folder
3d3a56182f0c	23	folder
3d42f0553a8b	1	folder
3d46dd63ce9b	32	folder
3d52314fee12	1	itself
3d5c5372d0d7	1	folder
3d6efc84babb	1	itself
3d6fe8a33eae	1	folder
3d70650a64de	1	folder
3d809bf921e7	1	folder
3d999cb02c17	2	folder
3d9aff8d6795	1	folder
3da7ca8a00cf	36	folder
3db95ec30f37	5	folder
3dbb55b26c42	35	itself
3dd0db97d665	1	folder
3dd931b07298	33	votes
3de63afb20be	1	folder
3de8200e6079	20	itself
3ded899dc547	1	folder
3df03958a76a	5	folder
3e1b95c708ce	0	votes
3e1e99d8efec	84	itself
3e2d49d5037f	19	votes
3e2f55377fda	1	folder
3e31346eb455	1	folder
3e45bb7f49bf	36	folder
3e55b76988d3	5	folder
3e5c6b52905d	1	votes
3e5ef4f9ff25	23	folder
3e603c028475	5	folder
3e63291a14ad	9	folder
3e66eec168ac	1	folder
3e69e904ab26	1	folder
3e70ba27d35c	1	itself
3e7982feca05	19	votes
3e89b1d96e83	1	folder
3e9c023addbd	57	folder
3eaf01e6c2f6	5	folder
3eb5ea730ae4	1	folder
3ebd067ef984	23	folder
3ec755d58d31	159	itself
3ee475fc93f8	184	votes
3ee6a34aa2c6	11	folder
3ee95c5a2fa1	26	folder
3ef14344a396	52	votes
3ef4707b6410	5	folder
3ef6e63ffe6a	1	folder
3efca09f98c1	1	folder
3f000e511704	26	votes
3f198236071e	1	folder
3f2c6058ade9	1	folder
3f3e61171b22	1	itself
3f49fc71216d	1	folder
3f4f49e6bf9e	1	folder
3f5e0792d553	1	folder
3fac783cb685	11	folder
3fb66ca93c0a	1	folder
3fbc00cec054	5	folder
3fc70fabf99d	7	folder
3fcf28b1793b	1	folder
3fda8e15aead	1	folder
3fdbeb31aabb	16	folder
3fde161ab028	36	folder
3fecc6038f51	1	folder
3fed15c3f847	1	folder
3ff7438c311f	1	folder
3ff89d347c4d	1	folder
3ffb3a6799cb	5	folder
4011cc35911f	1	folder
402924b02a9d	1	folder
4041abdd2d7d	1	folder
404a25fd9bdd	11	folder
4057423e35e4	38	folder
405d637ee9d9	19	votes
406526b70a1c	1	folder
4075c47c70b3	1	folder
407df152d3e7	19	votes
4088117acd2c	36	folder
408affeb153b	1	folder
408c6313ed84	1	folder
40a1baca3ec8	1	itself
40a450d62cd3	1	folder
40ab760c453f	11	folder
40ac2e79b68c	1	folder
40b008f82dba	5	folder
40c528c98edf	5	folder
40d13e4fc982	1	folder
40d275e645eb	36	folder
40e26b0a1299	1	folder
40e486698f9a	1	folder
40ec5aadf75d	38	folder
40f00200412e	1	folder
40f92eff0a30	5	folder
4102deb2faca	5	folder
410318926b63	1	folder
4113bde301cb	1	folder
412414304a13	1	folder
41253c058433	82	votes
41466070f728	1	folder
4153e9942c24	1	folder
415ee398435a	1	folder
4161b71991f0	185	votes
416668c0f739	32	folder
41733639dc3e	1	itself
41740340f863	15	folder
418347de70ca	1	folder
4185020ade7d	186	votes
418f207abc50	19	folder
418fa6b861bc	15	folder
41907936437e	187	votes
4197dff205a4	1	itself
41a2b64750ef	92	folder
41ada4ed3f61	1	folder
41b198d7fca5	15	folder
41bef1e906c6	1	folder
41c2358a9061	23	folder
41cc568873e7	5	folder
41d3fa05a6a7	15	folder
41dc5611944d	1	folder
41df13173273	36	folder
41e608ab1f71	1	folder
41e7489456ea	1	folder
41f936b31ec8	0	folder
41fe05f37047	1	folder
4203360a5a61	1	folder
420e8bd5cee3	1	folder
42132fd6d2ee	1	folder
4223fdf5610a	1	folder
422400053e81	1	folder
423a0bed500a	45	folder
424077202aa5	1	folder
4246046f60bc	5	folder
4246171ed7a3	1	folder
424e5a0b60d4	188	votes
42554a14ad22	1	folder
42631c64a6d5	82	folder
4266c5fefffe	1	folder
426e73fa9db9	2	folder
426f48212ea7	5	folder
42828e1b2e47	1	folder
4292d4f98165	1	folder
4297c93db4a7	5	folder
42a63aa3feca	16	folder
42b999d02fb8	1	folder
42e22b4a7fa7	1	folder
42e54f6ad8b9	5	folder
42f2b3a801c1	189	votes
42fdd2896a40	12	folder
43017093794c	1	folder
43060e79076d	1	folder
430ccabacc2a	52	folder
431f0033c75d	5	folder
43219e46b84d	190	itself
4325b77e5e07	1	folder
432864748d3a	55	folder
432f29538611	7	folder
433aa4faa433	15	folder
4342f90b1d37	191	votes
434a21335e6e	1	folder
436590547bd0	1	folder
436a851dcba9	36	folder
436c3c1732bc	1	folder
4375b4e2e70d	114	folder
437d330a345d	1	folder
437eef61ccfb	36	folder
439f3d51af47	5	folder
43aa0f60ab85	58	itself
43ab380c8247	1	folder
43abab9b22fc	1	folder
43ad741cb8e5	1	folder
43b418ab0dac	5	folder
43c054b26a85	1	folder
43d2b969115e	1	folder
43dc2f7d0590	1	folder
43e2b5cc3d3c	1	folder
43e7d9da9065	1	folder
43e9e3fe609e	5	folder
43efe3851372	1	folder
44030a096465	1	folder
4409d2d0186f	1	folder
441659d77952	6	itself
441ae7a15565	1	folder
443b2683e5b5	19	folder
44407decd3bb	1	folder
445e386c085d	1	folder
445fbcd8b29c	1	folder
446af1814749	1	folder
446f662bb616	11	folder
44740721dcd4	1	folder
448254515114	5	folder
4486c6bee2d0	19	votes
44903fdd5b01	37	folder
44a32d173ca4	11	folder
44ad9b39cfa1	1	folder
44c2ef0f7030	1	folder
44cad7711bf0	11	folder
44ceb5fa7f28	5	folder
44d035362e35	11	folder
44d1cf9f0c7a	1	folder
44df2f292c8a	1	folder
44ea850daa9c	7	folder
44f56a8a2262	1	folder
450d954e9765	11	folder
450e60432f66	1	folder
45173317d6c0	1	folder
45180c0a977c	26	folder
451962e6c8d1	2	folder
451db6d3c399	1	folder
4522c9266dd5	11	folder
4533cb7f2e33	27	folder
45349ebe8f7e	5	folder
453b6f73227c	1	folder
453d30dd2677	1	folder
455e7c4459bd	5	folder
4569fb3764f3	1	folder
457aeddbc153	38	folder
458ec52e17de	57	votes
4594229ab6cb	1	folder
4596183366d0	35	folder
45a12cd1f75c	5	folder
45b24bb1da4a	1	folder
45b65bb6e47f	1	folder
45b8455e4a77	134	folder
45b9f37a91ac	5	folder
45c57f415c47	5	folder
45c75d060f46	5	folder
45c85d85cc5d	1	folder
45c99d455c5c	1	folder
45da5dd15d1b	1	folder
45e55bb44ad6	1	folder
45f2c196b9ce	1	folder
460143297f38	5	folder
46127719570b	49	folder
462682367b41	1	folder
46289b5e2226	1	folder
4628a03e590c	1	folder
46293c166b66	9	folder
4646d279b67d	5	folder
465f7f9e2b80	1	folder
46634c07855e	12	folder
46643503a7d0	2	folder
466a6a8b711e	11	folder
466f35912172	1	folder
467f3d56a8c0	1	folder
46932f8cddbf	1	folder
469bd588de85	1	folder
469ce34c738c	7	folder
46a163c15263	37	folder
46a9573398ac	12	folder
46adc222853b	45	folder
46c15f82769b	1	folder
46c723042f46	1	folder
46cc2a518280	1	folder
46dffc34aca0	5	folder
46e540d94a5d	1	folder
46ee64b3d9ac	1	folder
46f43ca58e84	9	folder
470708a2cb58	1	folder
470a088d1ba3	1	folder
470bd38e3506	1	folder
471b473eb180	26	folder
471b85aa51d1	1	folder
47211cb9e660	5	folder
47338dc904cf	1	folder
473437c7802c	1	folder
4735cf89188e	7	folder
47367f43af00	134	folder
4745ead9cd67	1	folder
475883b06e2f	1	folder
47695cc7b720	1	folder
47745f764268	5	folder
477b8ffa057b	1	folder
479cf609875d	1	folder
479d3a162116	19	votes
47a33030a458	1	folder
47ab9cb8ee33	1	folder
47b3ba6bfc88	1	folder
47bb5cbea8e2	1	folder
47c510c6b47e	1	folder
47ce64003f8c	16	votes
47daf3128dcc	1	folder
47e5e0fa3a0d	1	folder
47eaa839b83b	7	folder
48016a2fd02f	7	folder
4805935b10de	1	folder
4805b9921e8d	1	folder
4810ffd3c7ce	1	folder
48132e7b556d	126	votes
4814bdd39e3f	1	itself
481a110844be	5	folder
4822f0f49a36	1	folder
4828bec7dff1	1	folder
482985f0496d	1	folder
482dc7722ac8	16	folder
48322f063a21	13	folder
483e5d9edd85	192	votes
4847b60b5acb	1	folder
484b38ad8c2a	1	folder
48514ee3d5be	1	folder
48587f37c2f3	1	folder
4863f917977d	7	folder
486b8c19e684	15	folder
486c69a745ed	1	folder
4875c554fad5	1	itself
487e635fac71	1	folder
487f612be61e	1	folder
488c91ae5e5b	1	folder
48a2b9e0aa0d	11	votes
48ad60b3678e	1	votes
48c64d15243d	1	folder
48c895a0a5ea	6	itself
48c944f3aa79	9	folder
48d3a509b607	1	folder
48d4dac4319d	1	folder
48d59ca4ab55	49	folder
48d873e0e160	1	folder
48de96ec9e97	1	folder
49046c23318e	1	folder
4908d6bc9e5f	193	itself
490d30b051ed	1	folder
490eb142314c	5	folder
49131bd4dd8b	1	folder
491419343e63	23	folder
49355301d366	1	folder
493d2632ba05	11	folder
493f766276c1	1	folder
495d6c4c76e1	1	folder
4960c8c2aa14	11	folder
496ae4d6d74a	1	folder
496fd89a8e8d	0	votes
49802c9506a7	27	folder
498fd88c0039	1	folder
4998710b29cb	19	votes
49a3d8bb4813	1	folder
49ac61d7e78b	5	folder
49af79cd163b	1	folder
49b59bf728be	1	itself
49b6ab769faa	5	folder
49b7da533518	1	folder
49bb38feec16	1	folder
49c4505f6dc8	1	folder
49cc56c82309	1	folder
49e2ba109580	1	folder
4a13fa578731	0	votes
4a17fa3a48b2	19	votes
4a1eccbd3d6a	1	folder
4a22ebd6a8ec	5	folder
4a270bfc795d	194	folder
4a283c05e85e	1	folder
4a348a1d409d	1	folder
4a364635ddc8	9	folder
4a368bf0bdac	1	folder
4a391ed6c111	1	folder
4a62719ef79c	1	folder
4a63a99ff877	1	folder
4a6a0f22a150	5	folder
4a70ba169e8a	1	folder
4a73e1321ce1	1	folder
4a7c6bc340cb	12	itself
4a9e67a43966	1	folder
4aa5cce6e616	1	folder
4ab2123acf11	1	folder
4ab570630256	1	votes
4ab885f70c1c	1	folder
4ab9327de2f8	1	folder
4aba08b4b5b8	15	folder
4abb1256afa7	45	folder
4abcfc707603	1	folder
4abd960cda10	40	folder
4ac18748ba48	5	folder
4ad1a50b4132	1	folder
4ad6e2828dcd	2	folder
4aec1be8c313	1	folder
4af848c618f8	5	folder
4af8f8a89893	190	itself
4b1641e0b044	11	folder
4b2f9b203064	1	folder
4b364dd20525	1	folder
4b3b56009df4	56	itself
4b3fd52d0b48	195	votes
4b4586aae719	1	itself
4b57649bfb3e	1	folder
4b6040e9dcf8	1	folder
4b6633124110	38	folder
4b69ae57029d	1	folder
4b6c94538c9f	1	folder
4b8800d62b91	1	folder
4b8e596998ed	1	folder
4b93e5ae8f62	1	folder
4b9f3e1fc180	1	folder
4ba0503e8859	1	folder
4bae697e880d	1	folder
4bb6f85a6ec6	1	folder
4bc6be231bfc	1	folder
4bd0ae8f0053	1	folder
4bd3058b3276	1	folder
4bd7dfc31267	86	folder
4be977ed6882	1	folder
4c0a5a04883c	1	folder
4c0f5845910b	1	folder
4c21bbbe7942	7	folder
4c377c65c399	7	folder
4c3dfff543f9	1	folder
4c3e30faab65	1	folder
4c3fa1c442d2	1	folder
4c621f5d58ce	27	folder
4c655a3fabaa	1	folder
4c6bfd000fc3	1	folder
4c6dca3e23d4	12	folder
4c71b0a0ffb7	5	folder
4c763fe67d07	1	folder
4c7a11422f32	26	folder
4c7ad9898fb1	11	folder
4c8937317c78	1	folder
4c8a1b8280ca	1	folder
4c8c62eb42d9	1	folder
4ca560d02496	1	itself
4cba68ee5aee	1	folder
4cbd8e37a419	69	votes
4cc78dea256a	196	votes
4cc8bf29f62c	7	folder
4cc9246b3a99	1	folder
4ccaa5366133	65	itself
4ccbf301b739	5	folder
4cd7b67df23e	1	folder
4ce13f0da010	1	folder
4cea2404ac2a	5	folder
4cef31177590	1	folder
4cf0e19257bc	1	folder
4cf64e20fc21	197	folder
4cf66058a9ad	198	itself
4cfbd1d9bad7	65	itself
4d05e2dd12f4	5	folder
4d084a192387	1	folder
4d2056ac18e1	1	folder
4d23778caf45	1	folder
4d26bf9cd42a	1	folder
4d44e187bb71	45	votes
4d49374c381e	1	folder
4d4e54a5402a	11	folder
4d5195f889f1	7	folder
4d5aa9bf3bf2	5	folder
4d5d2053330d	1	folder
4d5ffb0bd068	133	itself
4d67bf811b18	1	folder
4d6d3d60e1e0	1	folder
4d6d9c2de378	1	itself
4d7781f59d1b	1	folder
4d7c6b7d0c8e	5	folder
4d7e7d981ae9	1	folder
4d86d495a11c	1	folder
4d8eece0ceab	1	folder
4d9569f97f70	5	folder
4d9f32c3cbc9	1	folder
4da115dcf123	5	folder
4daaac20587e	1	folder
4dac06e48176	26	folder
4db1e955f08f	199	folder
4dbfb8ef4cd5	1	folder
4dc642627c7e	5	folder
4ddc2eedf378	1	folder
4ddd03b1c383	1	folder
4de665e5b0fb	5	folder
4dee4f4ca7d1	134	folder
4df3c1ba5701	1	folder
4dfc0ac5c389	19	folder
4e0b72bf30c6	78	votes
4e25c4942ee8	1	folder
4e2bd403b099	1	folder
4e3fbe5c9e1c	11	folder
4e42c911f842	1	folder
4e46cf317160	1	folder
4e482787f3ff	1	folder
4e554fe8fb01	1	folder
4e82e3b7cf36	1	folder
4e84868f9098	1	folder
4e8544c53c52	12	folder
4e8d2b721eb3	1	folder
4e910b76d96c	12	folder
4ea8dc9001e6	56	itself
4eb697c65797	1	folder
4ec3a3d4de47	7	folder
4ec5b85b6f46	1	votes
4ed49c97aac2	1	folder
4ed655666a8a	1	folder
4edfd0078795	1	folder
4ee1db109297	27	itself
4ef118886cbe	19	votes
4ef6e87a3643	1	folder
4efe3dc9a2d6	200	folder
4f0d52eacbdf	201	votes
4f1abc9968bf	45	folder
4f2efdfd1c7b	134	folder
4f3685b3dc8c	1	folder
4f37f0874504	45	folder
4f3cec0099ba	202	votes
4f3e2395acbf	5	folder
4f3e8fc5c7ea	11	folder
4f3ff4f41348	130	folder
4f44cd74946a	1	folder
4f4ece621f92	12	folder
4f554fa7522a	7	folder
4f60a400de54	1	folder
4f69d4e867c1	1	folder
4f7dc6eae1ab	1	folder
4f85144f37ba	1	folder
4f95c5d6e694	1	folder
4fa646b9c06f	1	folder
4fb2885575fd	33	itself
4fbc2163de93	1	folder
4fc0bcea197f	1	folder
4fc157c3a8a8	1	folder
4fc518b79baa	1	folder
4fc7a3ef196e	1	folder
4ffcced5b853	16	folder
5001e949a701	5	folder
50092b3a34e8	1	folder
5015f9d3463a	45	folder
501d5cdea325	1	folder
5030f1e963e1	1	folder
5038c096d77d	1	folder
5040330bc26a	1	folder
50479a4c03e1	5	folder
5050cf31c079	1	folder
505c19205c7f	1	folder
506629d1fa42	5	folder
5068138e5a18	2	folder
5068478853f9	203	itself
506f65085fe5	1	folder
50752825370e	1	folder
5076e07c4713	25	itself
50883769dd59	7	folder
50a3f8d3de2c	1	folder
50a6a43bb5df	1	folder
50a6cc35a7bb	1	folder
50a6df6c4bd5	155	votes
50ab95911aa0	1	votes
50bd93efb46f	5	folder
50befb7c5182	1	itself
50c1181dc9c7	11	folder
50c5276802ee	1	folder
50d44ccf5102	1	folder
50e4ed1d796c	1	folder
50f83b62599b	1	folder
5107e6541f1c	1	folder
510b52cc210c	1	folder
510d22d0c255	49	folder
510d3fa6668c	204	votes
512c9a0eff66	1	folder
513bb0e0fdfd	1	folder
51443d42d15c	65	itself
5144a25ef84d	12	folder
514e170ee13b	1	folder
514fce2f3605	11	folder
515b5189e37d	19	folder
516284286e9b	205	votes
5180a5b81d24	38	folder
518240092ba0	1	folder
51909e92cd56	1	folder
5194721b6e7d	1	folder
5199ab47e3f5	1	folder
51a66554c445	1	folder
51b4f4263a0e	1	folder
51ca8f132eab	16	votes
51d2175bc219	12	folder
51e15ea872ec	1	folder
51e373879785	27	itself
51e8e11f48d8	19	votes
51e9c6eb0880	1	folder
51f84c3c0740	27	folder
51fca0b29392	11	folder
52003ef24015	194	votes
520870148154	26	folder
5211a891ddf1	87	folder
52164f6e39d4	57	folder
521997225538	1	folder
521a1dd2976a	1	folder
522135081c5b	1	folder
522193d546d6	1	folder
5260db101e64	1	votes
526bad25f111	11	folder
52743f04c1b0	19	folder
529085eaca73	5	folder
52952b177153	1	folder
5295bf8edbaa	1	folder
5296d842cb9f	1	folder
529790fcad9c	19	folder
5298782dd5f9	1	folder
52a8fd38ae78	18	votes
52a9d483355c	206	votes
52acf4ad9fa9	1	folder
52b574a25f5b	7	folder
52bb3c2de457	1	folder
52cc51b512c5	5	folder
52e0709fa2c6	207	votes
52e471eb341e	92	folder
52e75641961c	60	folder
52ebabc231bd	19	votes
53025b639eab	1	folder
530d52b160fa	45	folder
53111bdc6bbb	134	folder
531370b9fb15	1	folder
531772a9b326	1	folder
532a9ce93974	11	votes
532f483fc8b3	1	folder
5332ad175bb8	1	folder
5338506fa0ae	1	folder
533b279b3699	1	folder
533e3673522a	25	itself
533f3c85391b	1	itself
534a2c8a39fd	1	folder
534fd13a684c	1	folder
5352687260d0	1	folder
5353534865f8	5	folder
53561ee30711	208	votes
53568c063282	1	folder
536028d2ba18	5	folder
53668e6eea1d	1	folder
53724bd130be	1	folder
53745c3facca	209	votes
537914fd5086	11	folder
537a91df5461	11	folder
5380548a6b76	1	itself
53822bf8cd97	1	folder
539917623e64	210	votes
539be7155bb9	1	folder
539d3dd15a17	1	folder
53aac11ba661	1	folder
53b105b56d97	1	folder
53b6d34b881b	23	folder
53b75c58cf7a	1	folder
53b92ec6367b	45	folder
53cbb600fb8a	40	itself
53cc07e60692	1	folder
53dda4252a9d	6	itself
53e0f2c79613	1	folder
53e916443c14	211	folder
53f21325e0ca	5	folder
53ff86ecb9b0	12	folder
540c45f6f053	77	folder
540d60467d4d	1	folder
541782a035c0	1	folder
542000c83bba	1	folder
5420c9170047	1	folder
5421c4f0b472	16	folder
543bc1e33c64	1	folder
543dc75f0cc2	5	folder
5442cfa8aa4a	5	folder
54438ef9e07f	19	votes
54442eb02548	1	folder
544f09ba96d2	1	folder
5462993b53bd	1	folder
547ea73db4ab	1	folder
54824e9d8465	1	folder
5491bf75026a	47	folder
549bbe22cbcc	1	folder
54ab70a4aebb	212	votes
54addc94c541	1	folder
54b622b7d230	19	votes
54bd72f97d6f	87	folder
54c4d5516e5c	1	folder
54cee449a93c	12	folder
54f2324c4fa3	1	folder
54ffed8d29d7	5	folder
55083d76c8fd	1	folder
550c32c06034	1	folder
5510625bce85	1	folder
551cbb2c0e9d	1	folder
551ee029a503	1	folder
5522f9e6ae06	15	folder
55342e3e5968	1	folder
55356c55e6e9	1	folder
5539998a2791	1	folder
55405a8002c2	1	folder
554f0bb74bf7	213	folder
5556000c46e1	11	folder
55584188157a	11	folder
556b8be1985e	9	votes
557287f8018e	5	folder
55742f1504a0	114	folder
5575e70a2820	15	folder
55776d84e5a6	96	folder
557c98049aed	1	folder
5584e0b4b923	1	folder
5592414401a5	1	folder
55a1d238e7dd	1	folder
55a857571541	1	folder
55ac377b6fbd	1	folder
55ae91247ca0	1	folder
55b8eae2411b	1	folder
55c3a9086a62	1	folder
55c822ba8fa0	214	votes
55e33c7108c2	1	folder
55e6488219a7	49	folder
55ebff281298	1	folder
55ee59df89d1	155	itself
55f2d47d2327	28	itself
55fd025a7ecb	45	folder
55fd7f557aca	1	folder
561222a5be8c	1	folder
5616e8ec817b	15	folder
5622cd91016d	1	folder
5625eceec0a1	1	folder
562b58606004	1	folder
563483a587fe	1	folder
5634beb939b6	19	votes
5634e5c11d41	23	folder
563aa252507a	134	folder
56421ae34f08	1	folder
5671d92cda23	1	folder
569b5b96571e	1	folder
56ad82ac87e5	1	folder
56c3e4a81ee9	1	folder
56c61b3958db	36	folder
56cbcc8bebc1	5	folder
56cde5a34b10	1	folder
56d9fc5daf15	1	itself
56da1c2e564f	1	folder
56e0f05ee410	1	folder
56e12e4dc442	37	folder
56e41c67c925	19	votes
56f5096c5797	1	folder
57011530a666	5	folder
5704d6e4c74d	5	folder
570c78c7a4ca	1	folder
571078a40cbf	9	itself
5712290441f2	1	folder
57132d237c88	26	folder
571cba1076c8	37	folder
57207ed6b02f	1	folder
57217ac4afcb	6	itself
5724f2e86f2e	1	folder
573dde29c66d	5	folder
57400858ee9b	1	folder
5744aeb3b16e	16	folder
57479f4af734	194	votes
575ca36b0ab7	1	folder
575f7e9b2db0	1	folder
575f7f4c3011	35	folder
57642170f7d6	6	itself
577f0da6e392	1	folder
578f15c9f08d	15	folder
579af27ab673	1	folder
57a3e3c3ba33	1	folder
57a54047c46e	1	folder
57a69cda275a	6	itself
57ae10ea01a2	1	folder
57aeaba762c2	1	folder
57b561a86224	1	folder
57bda35aa973	9	folder
57be92761185	9	folder
57c8aaea1957	1	folder
57d6104ff1d2	215	votes
57d83995a868	1	folder
57db23de9436	1	folder
57ea3e834968	5	folder
57f187926e52	1	folder
58018b2f26fc	19	folder
5811f5f23304	1	folder
5819ac288a46	1	folder
5819ffca9bab	11	folder
58211acf6499	1	folder
582132dedbb5	1	folder
5828660cda86	1	folder
5831ba98caae	0	folder
58328c6b9b10	7	folder
58517f75a48e	1	folder
58529c7e6d19	1	folder
5857f7788c9f	133	folder
585c1784c5a8	1	folder
58636ce8cb3b	2	folder
5864498d3dc7	135	folder
58759fb7b2b9	12	folder
5879ebc11330	7	folder
587b7bc54e2b	1	folder
587dc8cdf569	1	folder
58834316a178	1	folder
588d851a7ee0	5	folder
58967ae4cad0	1	folder
5898161810e4	11	folder
589bee2e9d68	5	folder
58abcd67c2db	2	itself
58b1427c3e10	1	folder
58b27286027e	1	folder
58b6e0f6b9e6	1	folder
58b8d125fb69	7	folder
58baace1df19	32	folder
58bb977ee9db	9	folder
58ca2cb3a656	92	folder
58d91d44db63	216	votes
58f3d84fe5db	1	folder
5903b4c2ef76	5	folder
5904f0889b30	5	folder
5910d9e72528	1	folder
5912bc58932c	1	folder
591a9847fa3d	5	folder
5921d36989b4	1	folder
592572516a45	1	folder
59363f22c166	60	folder
5938dc30d0d7	1	folder
593da28b24b8	1	folder
593f696174cf	1	folder
5943c79ea9b1	1	folder
59459677a5ec	1	folder
595371415c12	1	votes
59567ca28951	134	folder
59660fd68dee	1	folder
5971c2bf9440	10	itself
5998385edf84	1	folder
599d02ed1565	1	folder
59a0f9cbfc3a	114	folder
59b5336ba87d	1	folder
59b5a84fe1b1	1	folder
59ba6bcf40c6	1	folder
59c87b7426a4	45	votes
59df41884d9a	1	folder
59e5fa5e8544	45	votes
59f74e319fba	155	itself
5a097283ed02	35	folder
5a0d4ad20d3c	1	folder
5a2000fdac1c	1	folder
5a34edda04fe	1	votes
5a3c4eee00e6	1	folder
5a457ca8c775	1	itself
5a4960bb67ee	217	votes
5a509b874715	19	votes
5a59e711bfdf	19	votes
5a5a6ff51fec	1	folder
5a5e4339ab35	5	folder
5a63635bfc5b	1	folder
5a659e5f354c	1	folder
5a6bb0dcd2aa	218	folder
5a81096dd804	194	folder
5a8ab329303a	19	folder
5a8e4ab3aae1	1	folder
5a8f6f6f3309	7	folder
5a9189470e42	0	folder
5a96cfb0096e	1	folder
5a9a7cd89908	1	folder
5aa20ca81993	1	folder
5aab87625eb2	1	folder
5ab3525beb7d	1	folder
5ad1f2319622	52	folder
5ad56d93be2f	1	folder
5ad723661e94	1	folder
5adbbf72692c	19	folder
5af13a1fccf3	1	folder
5af4917391df	15	folder
5af838cb5b30	1	folder
5b05db12be06	1	folder
5b1bc71ae8e0	1	folder
5b1f0af5ff26	160	folder
5b208423ef98	1	folder
5b2df96fab31	1	folder
5b4533914bb2	135	folder
5b58ea8cfa88	1	folder
5b61b0acce1c	35	itself
5b685f45c30b	1	folder
5b7b570d7f2a	11	folder
5ba019669888	5	folder
5ba40651c46b	1	folder
5bb10922855b	2	itself
5bba15df8bcf	1	folder
5bc42e0cae70	12	folder
5bc7544e5ec3	9	folder
5bcacc1544ee	1	itself
5bd05aa1436a	219	itself
5bd0d3cce433	1	folder
5bdeb0a65ab9	49	folder
5be33458917a	1	folder
5be5240cc644	37	folder
5c013cdbf323	19	votes
5c07c2a9ce2c	1	folder
5c08fa1203b7	38	itself
5c0a95251b81	1	folder
5c0bfeb4bbb0	1	folder
5c0ee679187a	219	votes
5c27953638e3	35	folder
5c3bb17b2262	220	itself
5c41ec49db66	11	votes
5c4aac8dbfff	1	folder
5c5882b8fcc7	221	folder
5c5985a57eac	1	votes
5c5f0fdda4cd	1	folder
5c700a4abdad	1	votes
5c72763e7d8f	1	folder
5c752735f89b	1	folder
5c84bfbd1947	40	folder
5c8e1fa65237	11	folder
5c92255442fb	1	folder
5c9586538f81	1	folder
5c97f34eef0d	11	folder
5ca53fd890de	1	folder
5caf1406e9ee	1	folder
5cb95611bae0	19	votes
5cbf9e6f1f48	222	votes
5cd17bfb75c9	19	folder
5cd7a00fc680	27	folder
5ceb6c8d51c3	1	folder
5cf0077c43de	1	folder
5cf1ac9fadb8	1	folder
5cf2959363a1	1	folder
5cf74e775a80	157	folder
5d0000add7d5	11	folder
5d073992b252	19	votes
5d1412f12bf5	1	folder
5d1725b5594b	15	folder
5d1ba3ebcb1d	1	folder
5d2c4fe1242e	114	folder
5d3d6fd947fd	1	folder
5d444ee35719	1	folder
5d45c45f59a4	60	folder
5d462a23302e	1	folder
5d46a1b0b422	1	itself
5d491d80804b	7	folder
5d4d7cdb3f1d	223	folder
5d57cf49ed71	224	itself
5d5b58a46c7d	1	folder
5d694bd981de	1	folder
5d9eda3f3e02	5	folder
5da130f024e4	56	itself
5dcf32c3084d	15	folder
5dd645bd4da9	1	folder
5dd874ec4b17	5	folder
5dee33902b56	57	folder
5dfa2534c802	1	folder
5dffc698265d	1	folder
5e009e462401	1	folder
5e0c024e650f	1	folder
5e16ffe0acca	5	folder
5e218e9e55d2	1	folder
5e21e216569a	1	folder
5e234e1069e7	1	folder
5e2b9fa59f3c	1	folder
5e454d930f52	1	folder
5e4eabe07890	13	votes
5e56abbe47a8	77	folder
5e5c9af33d0e	1	folder
5e6cfca757c5	6	itself
5e7ea9fa7deb	19	folder
5e834cf3aa67	5	folder
5e8e7219a1a0	1	folder
5e98212533bf	11	folder
5e9d2380f685	5	folder
5ea3daa174bb	23	folder
5ec21c89ee41	11	folder
5ec2ee64cdce	114	itself
5ec40cd93842	1	folder
5ec4a1196063	1	itself
5ec73f25e671	1	itself
5eca0643799f	1	folder
5ed24cbb3731	1	folder
5ed441256c44	7	folder
5edaea6b01f1	12	folder
5ede7b500db2	5	folder
5eeb41661d99	1	folder
5efdc5ef493b	1	folder
5f0244610f59	225	itself
5f06dddee2e2	1	folder
5f0c025e2722	1	folder
5f13ee1bb2a3	1	folder
5f1565f54643	17	itself
5f2893a17d51	1	folder
5f2a5d5eb0e8	7	folder
5f5b16b49067	5	folder
5f5eee11405d	1	folder
5f67753eda90	1	folder
5f8736e33d60	1	folder
5f95596249af	1	folder
5fa2ea5e6907	226	itself
5fa6ebf73426	82	folder
5fab7e32a553	23	folder
5fadc002d61f	1	folder
5fafd392a0e8	1	folder
5fb0bc2cf15c	1	folder
5fb5e13de6d0	23	itself
5fbabbd957ef	59	itself
5fc7f5733ec1	1	folder
5fc984a05155	77	folder
5fc9f2434a51	1	folder
5fcda270d0e0	1	folder
5fd05420468d	1	folder
5fe50782adc5	227	votes
5fe9eb338e90	1	folder
5fed77db528c	1	folder
5ffb05481a3f	7	folder
5ffcfac5e897	1	folder
600525dbfbb5	11	folder
6008ad7f575e	5	folder
600923d29a3a	228	votes
600bb7fd4eb6	1	folder
600fec26c0d6	1	folder
601865ac6823	1	folder
601b02e66efa	27	folder
6034a167a973	1	folder
6043fbf02c03	44	itself
606adc118016	1	folder
6071205f60c7	1	folder
609a641cb354	2	folder
609d41827e26	45	folder
609e575188e5	1	folder
60a1d7de6346	1	folder
60a393f093b4	19	folder
60afbce9ce58	1	folder
60b72da9c3c1	49	itself
60c124116ffb	42	itself
60ceb68b6f0e	1	folder
60d193827d33	19	votes
60d2c83400d0	7	folder
60d8f139abb0	5	folder
60dd479645ec	5	folder
60e0945fcca1	19	votes
60e0fb38a011	1	folder
60f2d7e823b1	1	folder
60f8884121f2	5	folder
6110202a1143	59	itself
61194f32bf45	1	folder
611e688cdae5	19	votes
6125149b8ad3	23	folder
6128e2f9ad2b	7	folder
615278e4b97a	1	itself
6158558788e8	19	votes
615bf80008c9	11	folder
615fdf71edc5	1	folder
61626f7d1bcc	1	folder
61627b8e11c6	1	folder
616c22722a9d	1	folder
616c2df25aa7	229	votes
616e45ffe945	59	itself
6177ccd0f41a	1	votes
61868652405c	5	folder
61895155c67b	66	folder
619c6d31d3a4	230	votes
619ef7da89d9	1	folder
619f9c8154ae	231	itself
61a437352ff0	130	folder
61b9e05352c4	1	folder
61c47b142ef6	32	folder
61d546b277ac	1	folder
61dc79896a06	5	folder
6207b44afea1	56	itself
6212a48c4c79	1	folder
62233b862eba	1	folder
62269fefd912	23	folder
62293eef2cf3	135	folder
622f0966d89c	1	folder
622f5d5acc99	1	folder
6237b20985f6	11	folder
62728009e87c	232	votes
6273551cf1bf	1	folder
6286cd96c404	1	folder
62874ba728af	1	folder
629dfece7191	5	folder
62b8ab414b7c	1	folder
62c906852073	1	folder
62ccd3274a96	1	folder
6304a75ecaca	1	folder
6304dfbbe7f4	7	folder
63070b47a661	1	folder
630cd699b213	1	folder
630fd5c58de7	1	folder
631daaa621ad	1	folder
631f62e939ac	15	folder
632f8bcd4c63	1	folder
633139cc64a5	45	folder
6332d008d6c9	1	folder
633aa32dba0c	19	votes
634e2b74b3a1	1	folder
63587007edd7	7	folder
635f78b5be7f	40	folder
636c69ff0650	5	folder
63776611d635	1	folder
63899679c1d4	1	folder
638c0ebf0291	233	votes
63a32976e2bc	1	folder
63ab7ee3e677	1	folder
63acce00fbf4	234	votes
63b19e3bc7cd	33	itself
63b6609f5d75	40	itself
63bb92990aca	5	folder
63c05754af2e	1	folder
63c2aadd1912	11	folder
63ca2a570de7	5	folder
63fef7d5ed09	1	folder
64085673f8a2	235	votes
640b7391a8ef	5	folder
640b8d694a5a	45	folder
641088bf168f	1	folder
6410a1262db1	36	folder
6413dbb76955	1	folder
6420ea70f301	27	folder
64268fd06a0d	19	votes
642bdb01d687	1	itself
6430105ae3f4	1	folder
643166023585	40	itself
64320b54216b	19	folder
64439742f254	73	folder
645217eb5de0	1	folder
646c7e430bd9	7	folder
646ccdfd8f9e	1	folder
6472d55698ce	1	folder
648095080eb6	1	folder
648493fef129	11	folder
648ecd787e59	1	folder
649a6559aa8e	1	folder
649b3036b2df	1	folder
649b9795e031	5	folder
64c64f967f7f	26	folder
64cca73f6dc1	69	votes
64cd5815ff02	7	folder
64d14d24b791	1	folder
64db4629925a	19	votes
65018535a57f	1	folder
6511b041dbda	1	folder
6514865cbcc3	7	folder
651d15756b83	1	folder
651e4e28ff49	1	folder
651ed627507d	1	folder
65247e0e2834	7	folder
652bd33c38e4	1	folder
652e1107852f	19	folder
653429b8410b	1	folder
654277529053	1	folder
6548e82382f7	45	votes
654e74bcf26a	1	folder
65536234e8e5	1	folder
655b290d1e7c	1	folder
655be6c81fde	19	folder
655e2bc9a0d5	1	folder
6566ded83e05	236	folder
65777ba63c44	5	itself
65786ae27beb	19	votes
657c2d74f898	27	itself
657c3e1e249b	1	folder
657fa6ef1c8c	5	folder
658feeb797a7	7	folder
6591db5ec81f	19	votes
65a506f770fc	1	folder
65acb31c198b	7	folder
65b1b5482c91	45	folder
65b20435a49c	1	folder
65b4abc470b6	1	folder
65bf947b70f6	11	folder
65c2a057ec82	1	folder
65d6d6b254ef	5	folder
65dd73156c9d	1	folder
65e0afacfc39	194	folder
65fb5480436e	1	folder
6603906a52d5	77	folder
660ae13cfd45	33	itself
6615421303d8	49	itself
661e758d1ab8	1	folder
661ec25c6a68	5	folder
66217a84f0a7	1	folder
6626c8f1b77a	237	folder
66331939d30d	1	folder
6649d65899cd	1	folder
6654b60616ec	12	folder
666feed3087f	1	folder
6680655757c2	1	folder
668442f5eecd	1	itself
66abd01418ff	1	folder
66ad880de71a	6	itself
66b445b90800	19	votes
66b8a8c69f6e	20	folder
66b99a470161	1	folder
66be8b62062d	11	folder
66c748bf1d9d	5	folder
66d533dfe01e	1	folder
66dca16ccf59	1	folder
66fcd0d0b99f	1	folder
66ffca9c486e	12	folder
670c785e00c4	238	folder
67190bda326f	1	folder
671a5771694c	1	folder
671e45e6894d	5	folder
672873ba0692	1	folder
6729a196b72c	1	folder
6733c3a138b8	5	folder
6739fc555c0f	1	folder
673d0abd5e16	11	folder
6741a0380760	1	folder
67434e0de14c	1	folder
67494ddea8a3	95	folder
675f8181f20e	5	folder
6769f9038a1c	19	votes
6786100c8d17	1	folder
6789aa25b530	1	folder
678fd336be44	5	folder
67b7c46baa73	1	folder
67be1d2eca3b	5	folder
67c19168aa67	23	folder
67e29c8fc220	1	folder
67e387d41ad1	1	folder
67e96a8ad19d	0	votes
67ebd9892d30	1	folder
67f843261901	11	folder
67fa320cf29d	1	folder
67fb5a2e72dd	5	folder
6800a55f3fd4	1	folder
6802dac6a283	1	folder
68081e97fa6d	1	folder
681767c4d36b	1	folder
68192958cb49	1	folder
6826f9424204	1	folder
682f1c8ae805	1	folder
6833608d4cc9	5	folder
683a5bb791cc	1	folder
683e03bc53e4	1	folder
684923e2817e	1	folder
68504930041f	1	folder
685335bf07d9	1	folder
685a84bc5cdc	1	folder
685ce8450a1c	239	votes
685d0e88bb5f	19	folder
6869631c6c1e	1	folder
686f3ac8788a	1	folder
687702da3bea	1	itself
687d03f64919	1	votes
688d7cb78bb1	1	folder
68996e52ab5e	1	folder
6899f666f0c7	5	itself
68a50486f996	5	folder
68af38033a4a	1	itself
68b6b20ef4d9	1	folder
68c973443496	1	itself
68d58372b67b	1	folder
68e4abe83354	5	folder
68ec84fc244e	23	folder
68f12567cf84	7	folder
68fc1503f969	1	folder
690209e43074	7	folder
690777cb4880	11	folder
6923816e47f0	36	folder
6928cffdc342	1	itself
69345b862a62	1	folder
6949e72dadac	1	itself
694bb919c3e2	27	folder
694f0108b03f	1	folder
69539e4c4474	11	votes
6972a609cc77	5	folder
698405840908	38	folder
699cab31db5b	1	folder
69a49ff165bb	12	folder
69b567d6a82e	1	folder
69b58db546d7	1	folder
69b7e9a370f0	0	folder
69b866a70051	19	folder
69bc449ebc0f	1	folder
69ce9ef29c01	1	folder
69cee58ded6e	1	folder
69dcdbe6ede1	54	votes
69eec1d4d49c	1	folder
6a0441a7e635	1	folder
6a0d76d73c81	1	folder
6a1122cee6a0	25	itself
6a13236a72a3	12	folder
6a145285c756	1	folder
6a28a53f7d86	1	folder
6a2af6197d30	78	votes
6a30bb9d20a5	0	votes
6a40e49278d9	1	folder
6a41d00eeffb	16	folder
6a4c7ea1e164	10	folder
6a598d4fc152	1	folder
6a648a90414a	1	folder
6a6c0ba24740	15	folder
6a7803d3b6cf	7	folder
6a887da6b38e	7	folder
6a9863f774c3	1	folder
6ac6de9f7f44	7	folder
6ac751683104	1	folder
6ad51f18208b	1	folder
6adac36450b3	1	folder
6adb922ca177	5	folder
6aea91085b8f	5	folder
6aead73d1319	38	folder
6aec5dd4f3f3	240	folder
6af0de293471	1	folder
6afd5dea7216	1	itself
6aff823dd024	241	folder
6b086513bf7d	32	folder
6b0e6da61013	1	folder
6b18abb20b48	7	folder
6b30bdf4f01d	1	folder
6b3a2cbfd990	1	folder
6b3b3e069672	1	folder
6b4303b99be7	1	folder
6b44b6b5652d	1	folder
6b45dc216c02	1	folder
6b4d145974a1	1	folder
6b58ed12bb58	5	folder
6b632fb239fa	1	folder
6b63e17895c5	1	folder
6b6af3c24898	15	folder
6b7875b42fd9	1	folder
6b7d68172118	11	folder
6b8c93aff936	1	folder
6b920cf587c1	11	folder
6b95f6e364c5	1	folder
6b9657eb003b	19	folder
6b973929b658	1	folder
6ba3571d2eca	1	itself
6bb0ccd0d8e2	1	folder
6bb0e2cdba7f	1	folder
6bb12ac25041	1	folder
6bb34a6268db	1	folder
6bbaaea9f4ca	1	folder
6bbceb4251c0	1	folder
6bbd0767cf0f	40	folder
6bc7b019f525	1	folder
6bcca43107fd	5	folder
6bccb2578e47	1	folder
6bd169416a7b	69	votes
6bd4a3335893	242	itself
6bdf5b26b769	134	folder
6be26f440685	1	folder
6be371be5f23	183	folder
6bf690372603	1	folder
6bfdedc5e4e6	45	folder
6bff2a3f849a	1	folder
6c039165b691	5	folder
6c1335ad4811	12	folder
6c2930fbeacd	1	folder
6c2cc1453129	243	votes
6c2fd980fb8e	1	folder
6c3555f9d630	1	folder
6c4d6560d4c9	1	folder
6c6c49cfe192	1	folder
6c6d7bc41798	1	folder
6c702cca68e7	13	folder
6c70b426df8a	1	folder
6c8cee5c282c	1	folder
6c98cd51fe13	15	folder
6c9b365a5f3c	1	folder
6c9d4f1350a8	1	folder
6ca03a4ac72a	1	folder
6ca69145d886	55	folder
6cb76975c4fd	1	folder
6cc0416a0513	1	folder
6cc0df260906	1	itself
6cdebf272b54	1	folder
6cdf467ebd89	1	folder
6ce30b20b490	1	folder
6ce49aa426a0	1	folder
6d162cde83a3	1	folder
6d1c9301b6ef	32	folder
6d1f329f069a	1	folder
6d2474d61ef0	1	folder
6d2596d93bf3	1	folder
6d2bad3c7bd0	19	votes
6d3fb078edab	1	folder
6d407b979317	244	itself
6d422dd2fefc	1	folder
6d54aefae4e5	1	folder
6d5ac01f71e2	1	folder
6d77a92688c0	19	votes
6d86e55b8852	12	folder
6d901ca15cf1	1	folder
6d9055d95bd8	54	folder
6d96f27580c2	2	folder
6da44459489f	1	folder
6da804f59298	1	folder
6db2a5ecfda0	1	folder
6db4d17749d2	245	folder
6dc0b64e9b38	12	folder
6dcb35bf94f6	5	votes
6dd19390ea00	1	folder
6dd6512cb061	40	folder
6dd874ffb2cd	219	folder
6dd929ad9966	1	folder
6ddbd6492deb	134	folder
6dfb36a92112	1	folder
6dfb9725355b	1	folder
6dfc4e4ec1ad	1	folder
6e04a877f080	1	folder
6e0e2a12d22e	65	itself
6e20b945bd7b	246	itself
6e392f24118d	1	folder
6e4589095734	7	folder
6e462c5ca0ff	1	folder
6e59d2bcd25f	1	folder
6e6799f37f1a	1	folder
6e687f629ce1	5	folder
6e71d5f77bf2	1	folder
6e7711da4ef6	1	folder
6e7eb501c50e	11	folder
6e87a835a373	1	folder
6e8a60dbe682	56	itself
6e9137eb749b	5	folder
6e923ac3ae34	5	folder
6ea60f61874b	19	votes
6eb50d48938d	1	folder
6ec3605d56fe	1	itself
6ec600d409e7	1	folder
6ecc0dc04da8	1	itself
6ed6fec5c2c0	9	folder
6eea928bde81	52	votes
6efb20d1007c	45	folder
6f081ee4cb75	1	folder
6f0fb577af38	1	folder
6f14404e92dd	1	folder
6f26a1f1a9db	1	folder
6f32324ee47c	5	folder
6f351effa28f	1	folder
6f3fc560c1bd	12	folder
6f442e40b04d	11	folder
6f4634b7596b	1	folder
6f49bf82af68	1	folder
6f4a8e7c08ac	247	folder
6f4b18dec88e	15	folder
6f4fdb5a1e84	1	folder
6f5468fae2e0	33	itself
6f58099d2db8	1	folder
6f5de02241d6	1	itself
6f6e2a4e18a6	1	folder
6f70d9696d3c	11	folder
6f711e019507	1	folder
6f7c4e3a1ec8	40	folder
6f7c910cc3f6	1	folder
6f828d2a6d77	1	folder
6f8a2e3e2b89	1	folder
6f8c14db7995	38	folder
6f9493f62696	10	itself
6fa3bfbbb461	45	folder
6fa5e9ffff2b	1	folder
6fb74f84505f	10	folder
6fb750d9ddb9	1	folder
6fbab4f96920	1	folder
6fbbba556361	7	folder
6fe5cbaf0083	5	folder
6fe92d80e6ff	19	votes
6ff0473b33c8	82	folder
6ff76447cdb6	45	folder
7000398469bd	32	folder
700105d1c43c	10	folder
701c272f42a6	1	folder
702d61e3ace1	35	itself
703337bb927e	19	votes
7034a68db135	1	folder
703701d14b64	1	folder
703f5588ab9c	62	votes
70413e92d3d6	32	folder
704148112437	1	folder
704f36564b3e	1	folder
706688ce36c4	1	folder
706cda5c2517	248	itself
7071437888a9	45	folder
708d089224c5	1	folder
7099fc1479d7	11	folder
70aa27b0facd	27	folder
70b0e0c56962	1	folder
70ba45613484	1	folder
70bdad0d77c2	249	folder
70ca6925cdfb	1	folder
70ca9bd7ab6b	6	itself
70d103938760	1	folder
70d1ab394efd	1	folder
70d3c8da5a88	1	folder
70d40c98ff35	1	folder
70e8dbef433d	1	folder
70ec8057e733	5	folder
70fa9673a4a7	1	folder
70fe85f1aff5	11	folder
70ffec2f18b5	1	folder
7100d6b43dbf	1	folder
71125c6d1354	1	folder
711d761a1fe4	1	folder
7121f6b90d82	1	folder
7135d8cc6b14	155	votes
71365bb857e2	11	folder
7140a46c7763	1	folder
7144930d9e6c	5	folder
714d87343b74	250	votes
715be8e762d9	1	folder
7160f6cf08bf	1	folder
71726cff1457	137	folder
717e3e4e17c9	45	folder
7182331d9481	1	folder
71955181004f	44	itself
71aa6a220c9f	11	folder
71ae3b4f6007	5	folder
71b160dffda5	5	folder
71b8ceadcf39	1	folder
71c3f2c5b37d	1	folder
71c7c84a057f	2	folder
71e0a9e94ac7	9	folder
71e26fd03293	1	folder
71e73a577af0	1	folder
71efe8ae288d	26	folder
71f116f942cf	1	folder
71f5a6025fd8	7	votes
72072022124e	27	folder
720c603e2acc	1	folder
72211c1c3ca5	6	itself
7221c685eeda	251	itself
7222e6d6a150	1	folder
722f43dcc2bc	1	folder
7236e410fe77	5	folder
724040c958b1	1	folder
72449bf04e6a	1	folder
724534940bad	1	folder
724c5bbcae98	5	folder
724e65c94d0b	1	folder
724f6925c542	5	folder
7251935c0cca	7	votes
72586db8c64f	1	folder
726debc4e0cc	182	itself
72a2359fb047	1	itself
72afe23a430d	1	folder
72b3ab940f24	252	itself
72b57a2f07ed	23	folder
72c89247485e	10	itself
72cdc31a7960	1	folder
72ceb6f95de2	5	folder
72dbfc3fa7b7	5	folder
72e6af2afd17	90	folder
72ed9f93737b	1	folder
72ef620809cb	1	folder
7300025ca01f	1	folder
730d74d47cb8	1	folder
731daf10075a	15	folder
731fa85481a7	1	itself
7325a6eb071b	15	folder
7329eec14681	1	folder
732c19bea3e1	0	votes
732c7bdd0c1b	1	folder
73328d47a458	1	folder
733316e101b4	1	folder
733a16284570	19	votes
7358c79f6e08	26	folder
736598a8541d	1	folder
7368990fd7be	6	itself
73744dba75f3	19	votes
7375cbc3335a	1	folder
73912878e693	1	folder
739723f44018	36	folder
739736311242	1	folder
73ab5f2ba2df	32	folder
73ad1bde4261	19	votes
73bab9ff7aa6	1	folder
73bc13be0ce6	1	folder
73d53bda4d7a	1	folder
73dada9e2297	1	folder
73f7756af2d6	1	folder
740bb3f1e3d4	1	folder
7411c796df84	15	folder
742209743453	1	folder
742b98818d16	23	itself
74328947c41b	137	folder
743c7b02b5af	1	folder
7444d6214b52	1	itself
744955106c45	1	folder
7449fd4f2204	5	folder
745ed2616b69	1	itself
74601d820f6b	11	folder
7462ecaf2b3b	2	folder
74639dcea44a	5	folder
746e4d0e562f	1	itself
7470613b4d74	1	folder
747bf5193224	1	folder
747ead01f8eb	1	folder
747fadca00da	11	folder
7484b37f9e58	73	folder
748c442dc841	7	folder
748e9fd58d5f	11	folder
74939ba16406	1	folder
7493d58fb100	1	itself
749edbe417b0	1	folder
74a789f627a3	1	folder
74a823067149	190	itself
74bb7ba120ca	5	folder
74c07a0db770	1	itself
74d3b275a628	253	votes
74d440d70b6e	1	folder
74dc839b6eab	1	folder
74e7492c4626	1	folder
74ec7ecb14e0	1	folder
74edc722aa2c	78	votes
74f6ff5d740c	244	folder
74f910615e15	1	folder
7501b5285e00	1	folder
750496db827a	1	folder
75084ac69b82	1	folder
750ab9c81584	20	folder
750e044e6fa7	1	folder
751226e111a8	13	folder
7513c7b263db	45	folder
752714fffe68	1	folder
75318884e4a1	1	votes
7531f2e2f074	37	folder
7548035e87cf	1	folder
754b4857fbd7	7	folder
754bf94f4d93	5	folder
754ead1077e4	1	folder
754ee4993837	7	folder
754fee763376	1	folder
755601a74577	1	folder
755aa14a6165	142	folder
755db94ae2dd	1	folder
7567bd348205	45	folder
757175525882	1	folder
75781be8441f	45	folder
7585fae5d878	1	folder
75903ce8ebaa	5	folder
7592178bb453	36	folder
7592b167130b	190	itself
7598f33f0b37	1	folder
759bee881162	1	folder
75b709bfbf40	254	itself
75b7ddc37dbe	1	folder
75c6a1dabedd	1	folder
75d02fb8c8d7	255	itself
76113dd72b4c	1	folder
76149878609c	1	folder
7614ef39b0d5	13	folder
76152bc3b9d3	45	folder
761f891f1c29	5	folder
762a3035c6c6	1	folder
762f422afe4c	1	folder
7630a72eff9b	37	votes
763482383bba	5	folder
7634a97e1009	45	folder
7648f57c5a50	136	folder
764b970d57ee	11	folder
764d211acebc	1	folder
7651367cb2f3	1	folder
7653c22ee66f	1	folder
7659dc364bb1	1	folder
767a304e309d	1	folder
767abfbe8624	1	folder
76859ca9a42e	7	folder
76880215db21	1	folder
768862df1bff	7	folder
76a5e42cfea0	12	folder
76a9631c362f	1	folder
76af4240122d	1	folder
76bacd4dcf08	5	folder
76bacf217ef5	50	folder
76baf0a4f654	1	folder
76c05b9d3d17	1	votes
76c385907c42	1	folder
76c9612bafb5	36	folder
76cc95f1ddc9	2	folder
76cd675d8472	55	folder
76d1f9064bdb	5	folder
76e50e0b7e6d	1	folder
76f9250fdef3	1	folder
77085a5dc8a8	155	folder
77164dd4f298	11	folder
771a7108261e	45	folder
7720998fdae9	1	folder
7728c395898f	1	folder
7735d201eb87	16	folder
7754a2f0d9bb	7	folder
775a8c093155	0	votes
77694bcc8738	5	folder
776961dfb9ca	1	folder
776bbddfeacd	1	folder
77715e5c8aea	6	itself
77789ea33bed	19	votes
777c82be3c60	5	folder
777c8a3e5dcf	47	folder
77976f7a1bb7	1	folder
779c3bd5e431	1	folder
77a3f70fe681	1	folder
77abb7b6346b	1	folder
77aebe6ef5fd	1	folder
77b5282be2ce	1	folder
77c6272f4d0d	1	folder
77ddeb907f38	1	folder
77df0de7ac0e	1	folder
77e4eeaff7e2	1	votes
77fc76154862	11	folder
7803a8051b7a	1	folder
7803b6f0651a	1	folder
78175d9b5f8b	1	folder
7824dd7eb36f	256	votes
782a29609558	1	folder
782acf6841ad	257	votes
782ccb2becc5	1	folder
783bef541a16	1	folder
784286275ba2	1	folder
78492dfd7c74	59	itself
784b799bc994	47	itself
7856ee6f25ad	1	folder
785b2d53fe65	36	folder
78606ff72712	1	folder
7877cd02144a	1	folder
787a67a37756	1	folder
789275e95a6c	42	itself
78937d7d4381	1	folder
789ecd548735	1	folder
78a0b2833fd9	20	votes
78a853200d8d	1	folder
78b25426b44b	5	folder
78d7c3c8f962	1	itself
78da23f245f5	1	folder
78e49b0f35f3	11	folder
78eecbe491f8	1	folder
78f2dd42e371	6	itself
79083b9ae142	1	folder
790da648c576	11	folder
7910d92d0f44	258	votes
79188e5afb31	23	folder
792818ef20c5	1	folder
7936b6e16c69	16	folder
7936e0a6c59a	7	folder
794256ea7c5a	27	folder
795231fe06ea	1	folder
79750d2488ff	36	folder
797b62961a93	5	folder
797d45a6852f	1	itself
798ed2c9b86a	1	folder
7991821ffb2b	259	folder
7999e9c1219b	114	itself
7999eaa2295c	1	folder
799dd36dc1ca	1	votes
79a3748b53c3	0	votes
79a54d3b4f67	5	folder
79a6600f0c00	260	votes
79aa94adb96d	1	folder
79adb64bc43a	1	folder
79aea187d01c	5	folder
79bad63aca45	1	folder
79bd55f5d2ee	1	itself
79cb822b8db0	1	folder
79d6205e2ee9	1	folder
79dadffc00c2	5	folder
79e75d27e187	1	folder
79e81d30a518	19	votes
79e8ffa84765	5	folder
79f64a0920aa	19	votes
79f6c3895c47	11	folder
7a03b54e7fda	7	folder
7a04b3e38871	1	folder
7a0b5d7b05ce	45	votes
7a273431e0de	1	folder
7a2e82ad86af	1	folder
7a3cbba34a9b	1	folder
7a4085384c12	2	folder
7a47f5d1bbcc	114	folder
7a4b432c3b0c	12	folder
7a51609ae5f5	19	folder
7a6ea59c7e34	1	itself
7a75ef76ac8b	1	folder
7a782129769a	1	folder
7a7eeddd2879	45	folder
7a82dfdce407	1	folder
7a878d8930b7	5	folder
7a91e8fb0bd0	1	folder
7a9495c7b756	1	folder
7a9ac7f4beb9	14	folder
7aa19fd6b47a	1	folder
7aa2f432e555	1	folder
7aa90aea946d	1	folder
7aa9b64ad943	1	folder
7aa9f4d4b744	12	folder
7aac80664969	1	folder
7aada90dec02	1	folder
7aae401c9e50	35	folder
7ab62ad2fbe8	5	folder
7ac086a23046	5	folder
7ac73e246864	1	folder
7acea8f138a1	5	folder
7ad1c5b49187	32	folder
7ad8d94795d4	11	folder
7b0fc127d93b	1	folder
7b1641a094c6	1	folder
7b332d6d30e4	1	folder
7b385ebb7bd9	19	votes
7b3d20b0a9b1	1	folder
7b48a058005c	5	folder
7b547768ae5d	62	itself
7b5d141efec6	1	folder
7b634152af2f	27	folder
7b735c74e810	1	folder
7b767d9eb37f	1	folder
7b7e1017d907	7	folder
7b828f755bc1	261	votes
7b8eeedcb2fc	1	folder
7b91a994a689	1	votes
7b9b0941ab0c	1	itself
7b9de6dec56a	5	folder
7bb049f13293	1	folder
7bb4da22db7f	5	folder
7bb571eeaef4	1	folder
7bbc66782979	2	folder
7bbce7a4bc37	200	folder
7bc4fd8125a1	262	votes
7bc8978003b6	92	folder
7bccea88c4ed	7	folder
7bdab2b77bc2	1	folder
7bdd55a2caf3	1	folder
7beaa909416a	45	folder
7bebb7260482	1	folder
7beffa31bff8	1	folder
7bf5616e506b	134	folder
7bf7cc7eeb3d	1	folder
7bf8bc2b4c79	15	folder
7bfcc38f7782	1	folder
7c0bdc2cccce	1	votes
7c177c9895f3	92	folder
7c195d511674	26	folder
7c1c82b77a95	2	folder
7c1e7a274400	1	folder
7c21f27158f4	263	votes
7c2f3933ecc5	11	folder
7c3d642c7ec2	5	folder
7c3f603f49a7	5	folder
7c4841ae0176	1	folder
7c4dc4de3694	1	folder
7c5549cae70d	1	folder
7c5f68524107	1	folder
7c613a1328d0	25	itself
7c7d8fd244b8	1	folder
7c818fde83f1	14	folder
7c8ef09dbf6f	264	folder
7c98b0bf5462	1	folder
7c9afa86762f	1	folder
7c9e1c41e7ba	265	folder
7ca8882b746e	5	folder
7cb517fa3eb4	1	folder
7cbfdc3759cd	1	folder
7cc598e15d1e	266	votes
7ccbe4a3de35	1	folder
7cf02d4dadae	56	itself
7cf23a4e698c	1	folder
7cfaa2792214	225	itself
7d00781b6993	1	folder
7d051100caa5	1	folder
7d1416023be8	11	folder
7d1a9da7d69f	5	folder
7d37bb2b0085	40	folder
7d3d161036a6	1	folder
7d403652af5f	77	folder
7d415ae3fa80	1	folder
7d582f5f4562	2	folder
7d59f39872b4	1	folder
7d5d547e539a	1	folder
7d605205d867	1	folder
7d6cb4baf0c0	1	folder
7d7232e9eb08	15	itself
7d784eddec1e	1	folder
7d79470fb923	45	folder
7d838160ebf9	1	folder
7d85079cfc8c	5	folder
7d857add9706	1	folder
7d89d34c4f29	1	folder
7da71b7da661	1	folder
7dbec7086794	82	votes
7dc02d1b5ec3	267	votes
7dcb5b1c6673	1	folder
7dd87f3a57ad	15	folder
7ddc71e79820	268	votes
7decfa0b3f20	35	folder
7df4278d5d5c	1	folder
7df9dd2fb4df	269	votes
7e006a4f6e87	1	folder
7e00b3935f33	1	folder
7e0529fee4be	159	itself
7e0947df6d50	47	itself
7e1ae9a21b63	73	folder
7e1b406d7865	1	folder
7e1d01875b20	11	folder
7e1e5cac05eb	1	folder
7e2295f28fef	270	itself
7e24891aa785	12	folder
7e3984ee8a8b	1	folder
7e3bdcbdab58	19	votes
7e425e855f28	56	itself
7e4ba701445d	1	folder
7e4e009d6f92	1	folder
7e55c3b92b5e	1	folder
7e5a0a9d1306	1	folder
7e668e26c3da	271	folder
7e7b68d7826e	1	folder
7e7e28b1fac3	1	folder
7e8edf12af9c	1	folder
7e964cac03c5	1	folder
7e98a64801b9	55	folder
7e9c279af182	1	folder
7ea0f07d468d	12	folder
7ea9da8410c3	1	folder
7eadc887749b	1	folder
7eb09dfed9ac	1	folder
7eb3691f9268	6	itself
7eb6783fbe6d	5	folder
7eb821726497	1	folder
7ebda94b2af4	5	folder
7ec105fe91c5	1	folder
7ec257b2f2eb	1	folder
7ec4acb0a7fd	5	folder
7ed1e92fd644	1	folder
7edc6fbd7f2d	45	folder
7edc9ca9edf1	1	folder
7edeb46c4417	1	folder
7ee4ba5eba50	1	folder
7eefba1f1ae6	1	itself
7efd67e8edc5	1	folder
7f06021684f8	1	itself
7f0fd9887f2f	1	folder
7f1a67d46a19	1	folder
7f2b0f5eee80	5	folder
7f33a32fab5b	1	folder
7f34a502ea0f	1	folder
7f37db220fdb	1	folder
7f3ec728bc71	1	folder
7f4f3bd65a95	1	folder
7f5aff7352ed	45	folder
7f5c105b12b2	1	folder
7f5d0bc49873	5	folder
7f77edc39c72	1	folder
7f7be6e54e2b	272	votes
7f843550533b	5	folder
7f8da061a27a	25	itself
7f8f33679aa2	273	folder
7f9490a5f6d8	7	folder
7f956d8e1ab4	51	folder
7f9cfafd716d	5	folder
7f9d5582d7d9	1	folder
7f9dd3deeb8e	19	folder
7fc77ba7bec2	1	folder
7fd37e278c2e	1	folder
7fd6fd345173	5	folder
7fe163a16f6d	5	folder
7fedc17ecd84	1	folder
7ffc985bc62b	1	folder
7ffe680871ca	1	folder
80057fe4bdfb	5	folder
800b90fd9393	1	folder
800c87be8c5d	252	itself
8010db59d26e	1	folder
801567e1a14d	1	folder
8026c285a329	11	folder
802d991bffa2	274	folder
8035c2e6d184	1	folder
8042af733377	5	folder
804e8b0923f3	1	folder
805b4b114766	11	folder
806213b34bf7	11	folder
80782e1619b5	1	folder
808e033b5412	1	folder
809972d4dd4c	1	folder
809cb90029bc	1	folder
809dc91e4c3a	19	folder
80aae372c21f	6	itself
80b06e5ffd92	1	folder
80b80f0c5afb	12	folder
80b912b1d83a	1	folder
80baa36832b7	1	folder
80bceba41a4e	275	votes
80c3dfede2fe	1	folder
80c49e36ea58	62	folder
80e69dcdfccc	27	folder
80f494932d3a	7	folder
80fe0a0c36bf	1	folder
8100767c2b00	1	folder
810146e9f8e4	1	folder
810d5a0dfdeb	1	folder
8111ee7f7944	1	folder
811c3d65ce2b	5	folder
812cfd48a050	1	folder
8136cf42437e	5	folder
8140b9e51dd6	1	folder
8157d6f60a56	26	folder
81585c1dc0cd	1	folder
8173d2f81484	1	folder
817a29b17985	1	folder
8183d31eb125	276	folder
81859e2d3ecd	5	folder
819a11d03f0a	1	folder
81c90bbbd3ca	1	folder
81ca1d0c6534	1	folder
81cbd9a5d943	40	folder
81ce00db1b34	12	folder
81d293532226	45	folder
81d77db0fab6	2	itself
81da7fada442	1	folder
81db0d7da9d2	40	folder
81df6415a4b3	1	folder
81ef1575df1e	1	folder
81f15628efa5	1	folder
82080094c5c2	1	folder
820b60e5c613	7	votes
821340d2d459	1	folder
8213d7991568	1	folder
8226d06ffa6f	1	folder
822c4f920a10	1	folder
822d64e1b9ec	1	folder
8230aca1977f	1	itself
82384e95827d	1	folder
823ab758c437	1	folder
823ae57e196a	27	folder
824c06888dea	59	itself
824d835fbb63	1	folder
8259ce8acc4b	244	itself
825a8bc04e01	7	folder
827364993025	1	folder
82742c82a72f	5	folder
8274a490f92c	12	folder
82761fc15626	1	folder
82769b72abc5	1	folder
82780de9b744	54	folder
827d9761b31e	45	folder
8284f23c5657	1	itself
828b0c8caf05	1	folder
828d72c4b0ef	1	folder
829031eb410f	1	folder
829c355374b3	1	folder
829ceafe2ce4	57	folder
829f5f783957	11	folder
82a02ec0b57a	1	itself
82c0d4988ed8	1	folder
82c526f4d789	1	folder
82c758980d2f	136	folder
82c863ab1719	1	folder
82c8fe865bd7	1	folder
82d7ddb820b7	1	folder
82de3bbe110f	1	folder
82e7594196b5	1	folder
82f3b0b351a8	1	folder
82fb69e92859	1	itself
8305d67015c9	1	folder
830b1c9180e8	1	folder
830eb036dc48	5	folder
830f01426c54	1	folder
83238790e43a	9	folder
832ed6174b15	1	itself
835a07abb7f6	1	folder
8365cea0cbce	1	folder
83696b3981cd	5	folder
8372ff4997ac	1	folder
8376c543d193	1	folder
837f810e0a75	27	folder
83808e9b69af	5	folder
838280ff7780	5	folder
83829efe654f	23	folder
8384ebe9a5bd	199	folder
839eaf3fddb2	133	itself
839f33528435	1	folder
83a04f457a42	52	votes
83b3139e8ea3	134	folder
83bba1427185	1	folder
83bc59cdb37f	11	folder
83bed5df2eb1	277	votes
83bf24814ea9	1	folder
83c39cab5473	1	folder
83cfa25a9d91	1	folder
83d5c2ebc316	1	folder
83dab0e7db03	1	folder
83db0ac6df74	1	folder
83dde286f4a5	1	folder
83e327ee6dfb	278	folder
83e4872981d3	1	votes
83eb7d3f8a68	1	folder
83faa8012ccf	1	folder
83fd2a13e717	1	folder
84042e223504	7	folder
840bcffb8b92	32	folder
8411ee8e7f4e	1	folder
84156194c811	1	folder
8418a357ad39	1	folder
841d94eb8db9	1	folder
84251dba296b	1	folder
8428a4db7049	7	folder
842fa10b90a3	1	folder
8435256329c6	34	folder
8448ec008cb7	19	folder
84550887be53	12	folder
845e199d974e	11	folder
845feb271892	1	folder
846283ef4c38	1	votes
8469ac3bfad3	1	folder
8470c99d275b	1	folder
847670c03dff	5	itself
8486a34b24c6	279	votes
8486d8a30c5c	1	folder
84a70890e281	1	folder
84ba10b0166b	1	folder
84bc1440829d	1	folder
84bca8f69564	5	folder
84bf8ccc29d3	47	folder
84cd565ba49a	1	folder
84d37ed79e82	1	folder
84f703fc560c	1	folder
8505dddaaa61	1	folder
850921b68427	1	folder
850afb16df31	1	votes
851831d06f06	1	folder
853b8b9221ed	1	folder
85438a9ff26b	5	folder
85472555d0eb	280	votes
85497f8d7fe1	19	votes
855578ba017b	1	itself
8559526d9cda	1	folder
856d006aa65d	92	votes
8576c5bf41ea	1	folder
857c406becc0	1	folder
857d5ce18490	7	folder
857ea8124484	87	votes
857f29ff6309	36	folder
85803577690b	1	folder
85869f98ced1	1	folder
859b302b469c	1	folder
85a54440e9c5	1	folder
85a6f52d3825	1	folder
85a9ac153cf3	1	folder
85b0bd10a678	1	folder
85bc5adf730d	1	folder
85c67f77814a	1	folder
85d14bba481e	1	folder
85d823f13a6c	1	folder
85dc1341fb3b	1	folder
85f446453ea3	7	folder
85fbeeee7506	1	folder
86082da4a264	38	folder
86214dcbd448	36	folder
862588a6fe68	1	folder
8630f262cdb7	1	folder
863dae96fa6f	1	folder
86425aea5a5e	1	folder
864b92ea490f	281	folder
8658b3cf155a	1	folder
86621b7bf2ae	5	folder
86661313816c	1	folder
867035796fa6	2	itself
867ae32387a8	5	folder
868224b9d138	36	folder
8682c1f4b542	1	folder
868379e4c7da	5	folder
86898aa43d87	1	folder
869dcc9e4106	1	folder
86a23abcbcf6	6	itself
86a86e9717f9	1	folder
86a92aec5996	1	folder
86ae42f8833f	1	folder
86b0bd447d1d	262	votes
86b928f23d39	1	folder
86bfe2c96e2b	1	folder
86c677b67bdc	1	folder
86c7d670daa3	1	folder
86c8142db62e	5	folder
86cb7dbb5388	1	folder
86dd50603a34	1	folder
86df3f32a6e4	15	folder
86e566803258	1	folder
86e890142f35	1	folder
86eed77c660c	47	folder
86efbcb8a5d4	7	folder
86f130b54872	1	folder
86f5e55ae153	59	itself
86f8eea7c2c7	1	folder
8702b0158527	134	folder
8702b273a561	1	folder
8707f7ceee8a	7	folder
870b6ba377ae	65	itself
8713dcd440d6	1	folder
8723f0f50eef	1	folder
872895fabd15	1	folder
8728a1a3da94	1	folder
872975b517d6	1	folder
872a15bec606	1	folder
873ae30d996a	7	folder
873c6ad87df9	1	folder
87437abae6af	1	folder
874fed1645a3	27	folder
87580591ea72	85	itself
875a8813e722	1	folder
875b913127a3	1	folder
8760a8273c62	1	folder
87622a1098eb	1	folder
876be839fda6	5	folder
877589e28f9a	238	votes
877b0c6e8082	1	folder
877d4d087b9c	15	folder
878273f3c370	78	votes
878cee536428	5	folder
87914809fa2a	1	folder
8798e430b535	11	folder
87aa7a8acac5	1	folder
87b6301d7707	34	folder
87c8c6c085ff	194	folder
87e6da86edcc	1	votes
87fd9709555f	1	folder
87fe12502e77	275	votes
880110b1d4be	1	folder
88052e950111	1	folder
880576872e65	7	folder
8808f58737bc	1	folder
881eae3fbed1	1	folder
8821a0f2b54c	5	folder
8821debc5fe5	1	folder
88386a32121d	1	folder
88416c6c9557	11	folder
884238280768	1	folder
8844da5239f9	1	folder
8860704c2e43	1	folder
88618d54661d	5	itself
88673caf1dee	1	folder
887423a5707c	1	folder
88894bebe6cc	1	itself
889b697a693f	1	folder
88a9afa82ce3	5	folder
88b393d7b7b2	1	folder
88c899177ecc	52	votes
88da6ea271cb	1	folder
88de44a899d8	12	folder
88deef113a75	15	folder
88e61ab9b342	1	folder
88e7eaf791f2	1	folder
88e91428068a	1	folder
88f0002b9c03	1	folder
88f16d127114	1	folder
88f307c75cb2	1	folder
88f53c601523	1	folder
8903beefe762	90	folder
892c3a660548	5	folder
892f7c8a18e4	1	folder
89392ae9e2fe	1	folder
893b7230ca6d	1	folder
8952627142b9	12	folder
89560f4bbbe3	1	itself
895cadcfa0d8	78	votes
8962598212c7	12	folder
89679288e468	1	folder
8975e9126f65	1	folder
89766264ea6b	125	folder
897938a0c666	1	folder
898023b1c445	1	folder
8983d2b9e833	1	folder
8989e487ffde	134	folder
899a4b2d4a0e	1	folder
89a0a2401cbb	1	folder
89a257e705df	6	itself
89a6bb3b817a	1	votes
89cc1b6db249	1	folder
89d6c1ec0a21	1	folder
89eb171140a7	12	itself
89eea8ebc003	1	folder
89fb5ef24e1f	47	folder
8a05fc97afe8	1	folder
8a20401537a7	282	votes
8a3c4c364dad	283	folder
8a3cb0812418	10	itself
8a466202a786	284	folder
8a4837bbea29	1	folder
8a48f48ab7e3	1	folder
8a5407853257	12	folder
8a5f84677104	5	folder
8a8161ee7e11	11	votes
8a871ebeec4c	11	folder
8aaf24a35e83	1	folder
8ab1dd621bfb	1	folder
8ab442adc723	1	folder
8ab6f8d514e0	12	itself
8ab8b2b6b3b0	26	folder
8ab9d85ac678	1	folder
8aba153e2aa1	1	itself
8abf9664f4c5	1	folder
8ac26708e4a1	1	folder
8ac40522dc09	285	folder
8ac55053bcdf	1	folder
8ac6cd46e599	167	folder
8ad175eb6098	7	folder
8aea8e106bfc	1	folder
8afd458e063f	1	folder
8afd8c9a4af3	7	folder
8b12f6615c25	7	folder
8b2432be75f2	72	votes
8b27addf0339	1	folder
8b29f2888257	1	folder
8b34e2abfba0	1	folder
8b396eabffdb	1	folder
8b43e5a3e5e3	1	folder
8b4611b9b5c4	92	folder
8b4b1d220ac8	16	folder
8b4f20f97b0e	16	folder
8b55c18c8806	1	folder
8b71c824479b	1	folder
8b7293a3e635	1	folder
8b77906fbdc9	1	folder
8b82b3921c42	1	votes
8b8581a54fe9	11	folder
8b87935024f7	15	folder
8b94aea9ba25	5	folder
8b96f48fc5b7	1	folder
8ba10e0e31a4	85	itself
8ba39df402f7	15	folder
8baf8aa02cdb	9	folder
8bb04737964e	65	itself
8bb0dd7cd094	1	folder
8bb29f46df6a	5	folder
8bbafef877fb	1	folder
8bc3745e231d	35	folder
8bcb74902e2c	1	folder
8bcec40c5851	45	folder
8bd46c7cee1b	1	folder
8bdd47eee264	1	folder
8bdedfc488d3	91	folder
8bdff29b9c30	1	folder
8be7d4ed65e0	36	folder
8bf707cabb37	11	votes
8c11597a3d0b	5	folder
8c1a0f285a34	7	folder
8c2950ba80ed	16	folder
8c2b9f2e9d9e	1	folder
8c2faa01feb3	1	itself
8c35ee5aeb2f	5	folder
8c400f0bb570	1	folder
8c51e05b0fd9	1	folder
8c521d0305e9	1	folder
8c52a27764cf	134	folder
8c63bf109609	1	folder
8c794272aef9	1	folder
8c7a056130bd	145	votes
8c7cf803440c	1	itself
8c83f5175d5f	1	folder
8c8486e6d7c2	1	folder
8c8ad5d8266b	1	folder
8c914cc7cca5	11	folder
8ca35fc0056d	1	folder
8ca91fc563cb	1	folder
8cb5dfeb76e7	1	folder
8cb74749871d	1	folder
8cd365bef248	1	folder
8cd9711be3bd	1	folder
8cfd32f51d64	12	folder
8d03f3afac27	11	folder
8d0b9fde4e7f	1	folder
8d0e16b5a351	13	folder
8d240084f5da	1	folder
8d2911d74a58	1	folder
8d2ba266d662	47	folder
8d2d37ad60db	1	folder
8d30d577aa5a	1	folder
8d4b207b41c1	5	folder
8d5a2fb1fe9f	1	folder
8d77f80b4a8f	1	folder
8da0a753d346	1	folder
8db9509b3cae	126	folder
8db9a03dafd6	5	folder
8db9df3c8a9e	23	folder
8dd975d61b04	0	votes
8ddc8f340e3f	12	folder
8de14b914b57	1	folder
8df596fa344a	5	folder
8df6b53579d9	5	folder
8df73a4f4052	1	folder
8df8c7c7ee84	5	folder
8e017d5e239e	19	votes
8e046608555f	1	folder
8e04eab52975	1	folder
8e0629130b14	1	folder
8e0f337eb231	1	folder
8e10c3fad897	19	votes
8e121d1c634e	1	folder
8e1b15e4846e	1	folder
8e305ccb1834	11	folder
8e30b379b742	5	votes
8e36f0e98f80	114	folder
8e435d3880e8	1	folder
8e5cb9a5e2ff	1	folder
8e7204b8fa27	1	folder
8e722ca044d1	1	folder
8e9c8af307b7	6	itself
8ea10cb88671	1	folder
8eab4679ba76	1	folder
8ead38e310ba	1	folder
8eda64957c7c	1	itself
8edbd890801e	1	folder
8ee32e2514c2	14	votes
8ef9492e257e	1	folder
8f04cb036e4d	56	itself
8f05e970891d	1	folder
8f0691163853	1	folder
8f1864a9a9fa	36	folder
8f212712e72f	15	folder
8f2271938499	11	folder
8f2bbd7dcb84	1	folder
8f2dde81d2d1	1	folder
8f34792a6e22	1	folder
8f3551993186	1	folder
8f4aff992a50	0	votes
8f52968ca0a2	1	folder
8f5a9d7046d5	5	folder
8f62f7fd9f16	1	folder
8f63a2f71df4	1	folder
8f6635c50317	1	folder
8f7256806d87	2	itself
8f7aceddc7dd	1	folder
8f7cc7953185	1	folder
8f7d4605d8f0	7	folder
8f80636566e0	11	folder
8f82070fc358	1	folder
8f8ab5ac28d7	1	folder
8f8e8069f3b0	11	folder
8f916ee857a0	1	folder
8f946f65d778	286	itself
8fb95a213801	19	votes
8fbc88aa84ba	1	folder
8fbfbc7302e6	11	folder
8fc0bc845c7d	1	folder
8fc335964f98	1	folder
8fc73b54f1cf	1	folder
8fd15728bfa1	1	folder
8fdf98b5d78b	1	folder
8fe05feef45d	1	folder
8fe77a54d35f	19	folder
8fe97862ff58	60	folder
8fef7d2a93cc	1	folder
8ff1bf7b9942	1	folder
8ffd6277d66c	1	folder
9005ad4dc828	1	folder
900a17fae8b9	5	folder
9028585cccee	19	votes
903bd400284b	1	folder
9041879dd8b7	5	folder
90487358ab60	1	folder
9064b80a4cc7	7	folder
907160285083	1	folder
907342ec717c	1	folder
90764b891875	1	folder
9082e3b08a3a	1	itself
908efc6b64ac	11	folder
9096bc5f89f3	1	folder
909c29b349c8	1	folder
90a64547e8f1	1	folder
90ae0597c788	19	votes
90b72eaebc9a	1	folder
90bbab773ca7	27	itself
90cdad48053a	1	folder
90d3ad6423c3	1	folder
90d46df6e1da	1	folder
9106af374f7a	38	itself
910a605b8776	1	folder
91174d62c853	1	folder
9118a2db1775	11	folder
912549c5087a	1	folder
913e924d51d4	1	folder
914554af2f44	15	folder
91659bb65976	23	folder
917068b31996	1	folder
9191dd53d612	5	folder
919f91fcfc13	12	folder
919ff0e98b95	1	folder
91a371b8864f	92	folder
91b500de5451	7	folder
91b502ffa759	40	folder
91b9d244c68a	1	folder
91c81d4a4ec4	12	folder
91d0d1ab20c8	1	folder
91d7707a2df6	1	folder
91dae10c39ee	1	folder
91e948338115	72	votes
91ec02ad34bd	32	folder
91f155862595	20	folder
91f7af8cd67d	1	folder
91f8a4e0c961	1	folder
91f8b70b1b43	1	folder
92003f485c28	1	folder
9200c6d26668	1	folder
9201ac998ff9	1	folder
925232a6099a	1	folder
9257b9bd1e56	5	folder
9261119c1bfa	287	votes
9263635bd8bb	55	folder
926a60d767b0	1	folder
9278df2f3d6c	1	folder
927ecb722e94	1	folder
9286ea99d8d8	1	folder
9289b8f6dd88	11	folder
9294dc7a7407	1	folder
92983bb635e2	5	folder
92a79161659f	288	votes
92b43a109c3e	1	folder
92bb9533fa61	6	itself
92bcf29180ae	1	votes
92c2b7133b20	32	folder
92cb2a3f1f83	37	folder
92e0f945dfc7	90	folder
92e5f80b8bf2	0	folder
92e69248ac47	45	votes
92e99de87cd6	289	itself
92f703619835	1	folder
93074ed495b6	56	itself
930f22faaa81	47	folder
931fd0bcf27d	1	folder
9321a5840bda	5	itself
93241519f2fc	1	folder
93319c7d35c8	11	folder
933457c7380c	1	folder
93362e25d16c	45	folder
933f74a46dba	0	votes
93452983b784	1	folder
9346073112e0	290	votes
93592630e274	1	folder
936a31f703d3	11	folder
9371842cdb4e	1	folder
937450696135	7	folder
93759ba533c7	92	folder
937985e0125b	1	folder
937bbe505853	1	folder
938fc2025a71	15	folder
9394a8f9e429	1	folder
93961b0d3388	291	votes
939cabe631d2	35	folder
939dc9460c88	1	folder
93b1854ca9a6	1	folder
93b9c4c9e292	292	votes
93bbb54d6c58	11	folder
93c07c4b7a5c	32	folder
93c13cf3d7d5	19	votes
93c886733151	45	folder
93d2c1a681b2	1	folder
940023b36cc7	1	folder
94020c1dd2aa	5	folder
941bda33306b	1	folder
94218a9b8597	1	folder
943d11e78703	56	folder
943feb99fe47	1	folder
94425df0dcc3	293	folder
94465d23d0de	1	folder
94511ae6c269	294	folder
9461beb58946	1	folder
9463020a14a8	15	folder
94638bcccfa1	45	folder
946a14e566ff	295	votes
947d9d0849ae	0	votes
947dd190f85a	1	folder
949327258b81	1	folder
94a2ed194df4	43	votes
94aa463cda91	5	folder
94c1d457655a	90	folder
94d2b8b306fe	87	folder
94d3d1032311	1	folder
94e35a2f39a6	1	folder
94e3b4dffba8	5	folder
94f7aa623fc0	45	folder
95268f10ef77	5	folder
95289afc7e75	1	votes
9528a827b360	296	votes
952c0cf12139	1	folder
953712862c40	1	folder
95381acfdbc4	1	folder
9539f4d3cce6	1	folder
95408ac79544	1	itself
95528e9a1f0a	7	folder
9557be36934b	1	folder
95651f072fbb	1	folder
95680c5df289	1	folder
95695167b379	135	itself
9571838da959	1	folder
95742113e91a	65	itself
95749eb2669b	1	folder
9575f9e7a5df	56	folder
9579636922a7	11	folder
957b2ed73167	19	folder
957ef1a2813e	65	itself
958edb039337	5	folder
9593f0aaefbf	19	votes
95abf9ded380	1	folder
95bf285fb8ea	1	votes
95cc28703550	1	folder
95d513df82c7	1	itself
95db17ebfa19	10	folder
95dfa2ce68c6	297	votes
95e4b18540ee	1	folder
95e547ac5053	155	votes
95efebe9bc99	1	folder
95fc7bd6dffa	1	folder
95ff47c41aba	1	folder
960b32147b08	0	votes
96133f6b5db4	1	itself
9629f59774a3	36	folder
9630db372bf9	1	folder
96334e4089e4	1	folder
9633bdc54353	1	folder
9633f70cfb30	1	itself
964867efdac9	1	folder
9649123718a3	160	votes
9651b5fca8ed	1	folder
9655224a3c5e	5	folder
965786da758d	142	itself
965aceb4d4fc	1	folder
965f8dd1b7e8	1	folder
966171a475ce	5	folder
96681cbbee22	10	folder
967365999a96	1	folder
9673c7a78f6a	1	itself
967beeb84462	7	folder
967f08d7c3e4	1	folder
9684caee6172	5	folder
968e1df2303a	1	itself
96970fe58ab8	1	folder
96b2fa9ab054	298	votes
96b40264522b	65	itself
96c67d661799	299	votes
96caa0020e20	32	folder
96cd65568cf2	1	folder
96d0f7513dfc	1	folder
96d70a52b070	19	votes
96f28d13d25b	1	folder
96f3f07bbc30	300	folder
96fc772a7ecd	1	folder
9708624c3c7f	9	folder
971b233d1e5c	11	folder
971f2d33f462	1	folder
9720ffd1e162	5	folder
9721cefd12a7	1	folder
9722d21ac176	1	folder
9750dc915f95	19	votes
975dc88da62f	5	folder
977fc660a5c5	1	folder
979f45ed55ff	23	folder
97a49505e7d2	5	folder
97b9901fb1b0	1	folder
97c705473664	11	folder
97cbe6eda2d5	13	itself
97cede1423fb	1	folder
97d3ffca580b	19	votes
97e417ba3dc5	2	folder
97e4f8b7808a	6	itself
97e6db12ac0c	1	folder
97eed50ae1d2	1	folder
97ef7cc73e42	5	folder
97fb1b947073	1	folder
97fcc542032b	1	folder
980431a9167d	45	folder
98283dbeff81	1	folder
9835eb9a5ef4	87	folder
98487320a905	1	folder
984bb620ba34	1	folder
98541f5649f0	5	folder
985855a4ab91	1	folder
985993e51a66	40	folder
9864a408a367	5	folder
987c841a3103	1	folder
9884d613d768	5	folder
988ab93bf20a	301	votes
988d844ed8ae	5	folder
988dc15e493e	1	itself
98932b4bbf50	11	folder
989674c22096	1	folder
98984675f0dd	1	votes
989cdaebc0d0	1	votes
98a05494b346	1	folder
98a375df3705	1	itself
98aaa5a92da7	1	folder
98b64969b450	1	folder
98bbed2ea99c	5	folder
98c6c3f825d3	1	folder
98d088677608	1	folder
98dd908954c4	11	votes
98e7af74f164	1	folder
98e8644e5d55	1	folder
98f32b9a8085	5	folder
98f780d19bc0	1	folder
98fcff60230b	59	itself
99004043574e	1	folder
9909312822c3	6	itself
990eb126f857	11	folder
990ee6662643	1	folder
991eb0c003c4	1	folder
9930346e1b5c	1	folder
99378791d520	1	folder
993a81d3f195	5	folder
994312a6b098	1	folder
9957519a6569	37	folder
995c1829a33c	55	folder
9967b6a9a2fd	57	votes
996f3047a328	1	folder
997a161a6b14	11	folder
997bd856068d	1	folder
997d25913a20	302	folder
9982cfb6a109	1	folder
998d127174f8	1	folder
99906b3fbb8d	1	folder
99961b5b7de4	5	folder
999bcd84a93e	1	folder
999fc730492b	1	folder
99a07e6d461f	32	folder
99b04821bfd0	5	folder
99b2abb5f01a	5	folder
99ba6fcc5c62	1	folder
99bdeba8ea4e	1	folder
99cbdd479d70	7	folder
99dbe6d599d8	5	folder
99dc5bff0fb1	303	folder
99e1988f45a9	1	folder
99f14dfd173e	11	folder
99f219ecc69d	1	folder
99f359cd7376	5	folder
99f7385f65e1	1	folder
99fda72d55fa	1	folder
99fe5b3087db	304	folder
9a0e62fedd0a	11	votes
9a1b1ed18f77	1	folder
9a1cd023b089	1	votes
9a233eca6769	1	folder
9a29712c8f91	1	folder
9a320bd9245f	1	folder
9a32c868f8df	134	folder
9a42f104502f	1	folder
9a435b018357	7	folder
9a4eda1c643f	7	folder
9a54551874fd	1	folder
9a69e403977d	305	itself
9a6d5cf4fca6	1	folder
9a70f04c0d54	11	folder
9a76fdc78015	1	folder
9a922119dd89	23	votes
9aa17fbe8bee	1	folder
9aa3c637aff4	5	folder
9ab072133b2d	95	folder
9ab87967165d	306	itself
9ac429ebc05d	1	votes
9acd624e26b3	142	folder
9ad556ddcfe2	5	itself
9ae09582ba1f	307	folder
9ae442232b9a	1	folder
9af8cee728ff	7	folder
9afeff3e5471	92	folder
9b00809eb5d7	1	folder
9b08ad7b09d5	1	folder
9b10cbf04560	5	folder
9b16961d8180	1	folder
9b2188296887	1	folder
9b29a5404984	1	folder
9b35163c13b0	1	folder
9b36448eef8f	1	itself
9b3e7b63dc7b	1	folder
9b49191c3f77	1	folder
9b6057282d02	308	itself
9b75f19c3f71	309	itself
9b79247640ab	1	folder
9b8811184593	310	folder
9b894fa52a7e	1	folder
9b98b1dc078f	1	folder
9ba16ba96046	11	folder
9ba23a4a80f5	19	votes
9ba78cf86ef4	11	folder
9ba8baa77eef	11	folder
9bae3ed18fce	1	folder
9bba56e9c71b	26	folder
9bc14456df2d	1	folder
9bc22fb7cfe3	1	folder
9bc641ef1895	1	folder
9bd0d11e453f	311	votes
9bd176e316a1	1	folder
9bd6352d90b1	312	itself
9bdebfff6216	1	itself
9bef6d20ff02	313	votes
9bf14b319179	1	folder
9bff0c44d3ae	45	folder
9c14b7005eb9	1	folder
9c180a44106a	5	folder
9c1ed59f3d61	19	votes
9c310cdb143f	47	folder
9c36d53c45ed	314	votes
9c38ab04ab1f	1	folder
9c43414a9bf0	7	folder
9c4a0df3c03a	315	votes
9c63db9b24db	1	folder
9c6e38739af5	48	itself
9c74ff692d2a	5	folder
9c89a32385de	1	folder
9c92cd5875b5	49	folder
9ca36ece4eec	1	folder
9ca694400c72	1	folder
9caa260a2813	1	folder
9cca7c07a450	1	folder
9cd0ba033afd	15	folder
9cdb553d0fbd	1	folder
9cde02db39ad	69	folder
9cedee764e5a	1	folder
9cf016b64a01	1	folder
9cf1680cded4	5	folder
9cf6ba821990	1	folder
9d0a3c467fbf	5	folder
9d16fa00ddc8	11	folder
9d1918a9d9c7	1	folder
9d22069317e3	316	folder
9d2f169b0124	5	folder
9d3568717825	1	folder
9d364a218b91	1	votes
9d473f3df3c1	48	itself
9d547071a2a4	1	folder
9d6453043bc2	6	itself
9d6ab646b8e0	7	votes
9d6d693477e1	49	folder
9d6de23b92ab	1	folder
9d7f230806ed	7	folder
9d82d98cc78c	16	folder
9d899790236c	1	folder
9d8dca5f2c4a	5	folder
9d9ba2041663	11	folder
9d9bc1618a0a	27	folder
9d9d3a455a27	1	folder
9dc6cd53a624	5	votes
9dd3eb6b9df3	45	folder
9dd99dd48cbc	85	itself
9ddbd26e5c5c	1	folder
9dec4d8e9b2a	32	folder
9e03e873e9a5	49	folder
9e0c51281fc8	155	itself
9e107f498155	65	itself
9e22654cb4fe	1	folder
9e2615562480	1	folder
9e277240f585	1	folder
9e28c34b8b61	198	itself
9e2c917ef22b	1	folder
9e33d63ce263	1	folder
9e3e8156801a	11	folder
9e4248d0b13c	125	folder
9e42af8a1ade	1	votes
9e477b018c40	1	folder
9e558fa21390	317	votes
9e58786bc4ba	1	folder
9e58e3dff763	1	folder
9e593c548b29	5	folder
9e5e6a2f0f60	5	folder
9e5f46d837ff	1	folder
9e634d3ba9e2	1	folder
9e6df0d94e85	5	folder
9e75ada75d5c	5	folder
9e76a32b09f5	7	folder
9e83f63ebbb9	1	folder
9ea1fd50309d	15	folder
9ead4a473520	1	folder
9ec66f482245	318	votes
9ed3939b0ef5	1	folder
9ee92eb1e0ef	1	votes
9eea1314b80f	1	folder
9ef32bb847b2	1	itself
9f0162e84495	1	folder
9f0d405632a5	7	folder
9f0dc7f25f0f	12	folder
9f15f06fb73d	1	folder
9f183606d1e2	1	folder
9f1a7b968f2c	1	votes
9f1acba028fc	134	folder
9f1efff6186b	1	folder
9f3328567ad9	1	folder
9f3e381e726f	1	itself
9f3f6a62d007	6	itself
9f40c5f8b412	155	folder
9f47f953b158	7	folder
9f5950b8fb92	92	folder
9f5a0ba06593	11	folder
9f6c2769487c	1	folder
9f74ccaf3a8c	1	folder
9f7f680018ab	1	folder
9f8306c27d2f	164	folder
9f874c230c65	1	folder
9f8790524ec2	1	folder
9f936536f0bf	15	folder
9fa0e4a80a9f	1	folder
9fa4d22b843d	25	itself
9fafda6c05a0	7	folder
9faff5587f60	1	folder
9fca3b5c8d1a	194	folder
9fd50c1f74d8	1	folder
9fdb9954d748	1	folder
9fe1c4af3f9f	11	folder
9fe82394d18d	319	votes
9ff94b37304b	23	votes
9ffae2229fb8	69	folder
9ffedf83b6da	1	folder
9fffa1d9fb87	1	folder
a013627c73e1	1	folder
a023266d6768	1	folder
a03179f8a152	36	folder
a038305681e9	1	folder
a043c8782fb7	1	folder
a04c64105e7c	155	folder
a04c81b0cc07	7	folder
a05b279fc638	1	folder
a06a3be1e8e8	1	folder
a073b1c9f21c	59	itself
a07532900cfc	1	folder
a0782f1ebce3	1	folder
a082e693bd42	1	folder
a090e24a3682	1	folder
a099c1598fe5	320	itself
a09a9127f9f4	1	folder
a0a4d9662011	321	itself
a0b8a326b6cd	65	itself
a0d51622243c	1	folder
a0d5780fd89a	1	folder
a0dafaaf5bac	1	folder
a0dcbcc42968	51	votes
a0de88e85029	1	folder
a0e68a96c6cf	1	folder
a0f22314dbcc	54	folder
a0f3d75d1949	5	folder
a0f737469ea6	1	folder
a0f93e875717	1	votes
a103a8cdf2f8	16	folder
a10b8274fc6c	1	folder
a11edd1078fe	45	folder
a1361a6bc672	36	folder
a13dbb31720d	26	folder
a148d56f6340	1	folder
a149b19d345d	5	folder
a15a70e8cd9e	1	folder
a16bf1edbad1	56	itself
a16d85c509a0	1	folder
a174998cfb20	1	folder
a185773a3e5f	157	folder
a19387975793	134	folder
a194083ad972	1	folder
a194b76851c9	1	folder
a1ad490bcb0d	1	folder
a1b5f92e1e9a	49	folder
a1c3bb97ee8d	1	folder
a1c4e38d8088	1	folder
a1c8b9eed22a	5	folder
a1e3910d4c4c	322	itself
a1ec1f8f4f0e	1	folder
a1eeb31aa25e	36	folder
a1eec2685330	1	folder
a1fdc757efc3	323	votes
a2109d995ebe	7	folder
a2164b8ca687	26	folder
a216c997a3cf	1	folder
a219ad7a9db2	19	votes
a21aacf61676	49	folder
a21bac800f67	65	itself
a21bfb9d4f4e	19	votes
a21d5c0344fa	45	votes
a222c14d9087	1	folder
a22bdf9c7944	12	itself
a239aae2de32	5	folder
a23bba031dd9	12	folder
a23bd2153940	6	itself
a23fc90539bd	2	folder
a248e10fea94	1	folder
a249e1fec8af	1	folder
a24fa98d3c9e	1	folder
a2512f05d2f2	73	folder
a2515cf433a3	5	folder
a251bd530b13	134	votes
a2556ac9a5f7	1	folder
a2586e344ac5	324	folder
a25eb14756ce	164	folder
a272605e2334	1	folder
a274b8613f4f	7	folder
a27b59960f05	1	folder
a28f14635a09	11	folder
a292d6b25526	38	folder
a29b6bbe8518	1	folder
a29bbbe61e00	36	folder
a2a4dd0b6f2b	6	itself
a2ac682f5151	1	folder
a2b2f2e5dcc4	1	folder
a2b7882da669	1	folder
a2c7d5119e31	5	folder
a2cc5954e7a2	159	itself
a2de13877538	1	folder
a2de584c9d5d	1	folder
a2e0249a9e70	5	folder
a2e81480eeb5	5	folder
a2e93ff0a30c	325	itself
a2f3ee320a40	7	folder
a2fbcf2b55d0	1	folder
a30f2479e673	1	folder
a31539f957ba	65	itself
a316512a447b	1	folder
a32626a16616	1	itself
a3299d32a402	1	folder
a33511f3218f	15	folder
a33f2840db5e	1	folder
a342de44033e	11	votes
a34ff709dccc	1	folder
a35000503656	1	folder
a355a6eccd4e	57	folder
a35daa18625f	11	votes
a36100d8a946	45	votes
a36406663387	5	folder
a367fb82d42b	12	folder
a368554c43a9	1	folder
a375e769d7b8	1	folder
a380796faf04	5	folder
a387cac3aa3f	1	itself
a3a1b359237d	1	folder
a3a5e23bf9b1	77	votes
a3b4f49dbf12	1	folder
a3b88316eebf	264	folder
a3c179ff9162	49	folder
a3c82128fe6a	134	folder
a3cf44bf7271	1	folder
a3d3b1e53381	1	folder
a3d55686d1ba	1	folder
a3d7c88a385c	1	folder
a3f56f46fb16	1	folder
a3f897b4a851	1	folder
a3fd518cba74	1	itself
a409cc0ad840	1	folder
a4291071bd5e	1	folder
a42b910ba882	326	votes
a42ef64bbfa8	1	folder
a431ca84ef64	1	folder
a45035a91da2	49	itself
a4559a92430b	7	folder
a45eed455e93	1	folder
a46376d6c839	23	itself
a469fa7e028d	1	folder
a487964012ac	134	folder
a48bcc5a3f89	1	folder
a4a1eeec35f0	1	folder
a4a579610c8d	1	folder
a4a8614beecd	1	folder
a4bb1bb4af35	1	folder
a4ce05daa63f	49	itself
a4d49df14ba7	42	itself
a4faffc1cc18	1	votes
a508e29feceb	1	folder
a50d373e05d5	193	itself
a50f01d2ea51	15	folder
a51539ca0d9a	1	folder
a51c6f1b529c	1	folder
a5288e5bd0f8	118	itself
a52ae88f7003	1	folder
a5477d90641a	1	folder
a54e9ab23663	1	folder
a550a9c988c1	1	folder
a557838ddcd2	1	folder
a5585a51a8a5	1	folder
a5594e5c10c7	7	folder
a559652dce11	1	folder
a56379f76616	45	folder
a567519d8420	1	folder
a56943448f13	1	folder
a57c45db292f	1	folder
a57e16c8bebe	5	folder
a5847554a652	1	folder
a59a36259c09	1	folder
a59d41c4f1d9	5	folder
a5aae09e0abe	7	votes
a5bcef411535	1	folder
a5c0154fac69	1	folder
a5c58f1de1ed	1	folder
a5c688c815ca	1	folder
a5c800347016	1	folder
a5cb5f325592	213	folder
a5d47491a342	12	folder
a5db531642dd	5	folder
a5e61a0ff65f	1	folder
a5e6b8138987	1	folder
a5f881d44e3a	1	folder
a601ba2cb602	1	folder
a612e998448e	23	folder
a6191165f52a	1	folder
a62ba9b1dff0	114	folder
a62e7f5d0291	1	folder
a63de9678c53	1	folder
a640aa31fe7f	327	votes
a6484a0a7c2a	1	folder
a6576ee5cbc7	1	folder
a65dfa03febe	11	folder
a66231413487	26	folder
a66c10ea62fe	1	folder
a66dc7ee21de	62	itself
a67678de4e68	40	folder
a6814fd23cf5	1	folder
a691ed186226	1	folder
a6a90511dfe4	1	folder
a6ad10c8b67e	1	folder
a6b89a224da5	1	folder
a6ce944f9bd4	1	folder
a6da1bb1db2b	1	folder
a6dc151e2889	2	folder
a6ef3d673848	1	folder
a6f2aea3a5a4	328	itself
a6fafba6fc69	1	folder
a6fbfe1806f6	1	folder
a71345c5375e	1	folder
a7159a5a059b	1	folder
a71da3cf8039	1	folder
a73d25cc620f	7	folder
a7485161648d	1	folder
a74e7764d033	1	folder
a7549330e4b0	1	folder
a75957b68b68	1	folder
a770360ade6a	38	folder
a7712fdabedd	7	folder
a776d12ff2cc	1	folder
a77d369ea294	1	folder
a789b601d041	5	folder
a7bf72cd6a40	1	itself
a7c176851eff	19	folder
a7c20cf65a01	12	folder
a7d1438b6517	5	folder
a7d18c653129	5	folder
a7e71b4170a2	1	folder
a7e997297494	1	folder
a7f864c2c3bb	1	folder
a7fab5c6fe4a	1	folder
a7fb24c22dec	329	votes
a7fd7d2d9a4d	19	votes
a800b041fe82	1	folder
a80a5b66b3fb	167	votes
a8193e05604e	15	folder
a8219a92e75b	47	folder
a822de40c5f4	1	itself
a83541802afd	1	folder
a85270b70a4d	1	folder
a8530ba28c48	1	folder
a8572f9807d2	59	itself
a857d60fa79d	1	folder
a86449e55719	5	folder
a865ad7ff03b	1	folder
a867d2796997	23	folder
a86bd25479df	11	folder
a86d6302f72c	52	votes
a86f99429f6f	1	folder
a872a4288a29	1	folder
a87aabde98d9	19	votes
a88abf09e360	330	votes
a88f0d362148	1	folder
a8a037b58f41	47	folder
a8ae433687b3	27	itself
a8b136b0cc85	1	folder
a8d256b25c77	1	folder
a8d41289d285	1	folder
a8df7ad2e152	1	folder
a8e6185431ff	1	folder
a90d77fb58dc	1	folder
a9131e102cf5	45	votes
a91a5a5ce99d	134	folder
a9247f14c1e6	11	folder
a936979465cf	1	folder
a93d7a01784b	1	folder
a946730845c4	219	itself
a94738cb6d70	7	folder
a9474d74d0a4	1	votes
a94d58a1ebf8	1	folder
a951654aaa8b	33	itself
a955f25edaa5	1	folder
a95834ebadac	1	folder
a96616797e0b	1	folder
a96883d66032	224	itself
a975d47c55ee	1	folder
a9777cc19c69	331	votes
a983c9fbb7d2	1	folder
a9852ff26e65	5	folder
a98ff90b33ac	16	folder
a990a2487dd5	83	itself
a999d3299807	19	folder
a9af8b9810c2	1	folder
a9c315d4bdfa	1	folder
a9c50fc61b41	1	folder
a9d45bb4792c	1	folder
a9e0c12d0928	1	folder
a9f1a8a371e8	11	folder
a9f2f76f4595	11	folder
a9f36a85d64a	7	folder
a9f50776d5a6	1	folder
a9f6440ed218	1	folder
aa0167065629	6	itself
aa11ccd03055	1	folder
aa1331bd6a37	52	votes
aa1ed4549017	303	folder
aa23d013034b	38	folder
aa46464030f4	5	folder
aa51047d2acf	1	folder
aa52f46ea3bb	38	folder
aa5576d9c28b	1	folder
aa5d0e9e8ce4	6	itself
aa60db8d45d4	1	folder
aa624f7bedea	12	folder
aa64e561a2f5	1	folder
aa651426cca2	11	folder
aa691af9ed73	278	folder
aa6ad625611d	1	folder
aa6cc58ce192	65	itself
aa7347265e80	5	folder
aa744c2a3b2e	1	folder
aa747904e71b	1	folder
aa78a9a4ec1d	45	votes
aa8ebe48453d	11	folder
aa99ffb72e4e	1	folder
aa9bc528c729	5	folder
aa9d9a1aff42	1	folder
aaacda0d5f40	332	itself
aaacfd8e4414	5	folder
aaad213d616c	1	folder
aab60f20605c	49	folder
aab79b544a12	135	folder
aabc59e55da7	1	folder
aabd23962615	1	folder
aac226ca3aba	1	folder
aaca73de4965	142	folder
aad134ffc55f	5	folder
aad6498f40ef	1	folder
aad82b4152d4	45	folder
aae2efa4c6c7	2	folder
aae4b6452f94	1	folder
aaf7596e956c	1	folder
aaf8f1f2c2a0	1	folder
ab01517895a3	333	folder
ab0aa761a4e6	1	folder
ab132f06225b	10	folder
ab2209b66605	1	folder
ab2c18e90eaa	334	itself
ab3cf7276c7f	5	folder
ab46203dcdfe	11	folder
ab54dd6d093c	1	folder
ab55ef164754	73	folder
ab7152fc9a01	1	folder
ab71c3c6e3fb	1	folder
ab7cdde004aa	1	folder
ab7f987760be	65	itself
ab80d45be05e	19	votes
ab8545145e0e	1	votes
ab88762810b2	1	folder
aba6198fdb10	38	itself
abaa718bc4cb	77	folder
abb47bd2cc7b	5	folder
abb6eaa1b1a0	1	folder
abd5a989cef0	0	votes
abd662f18f66	1	folder
abda58ba349c	194	votes
abe7c46f8b52	1	folder
abea8ceb0fcf	1	folder
abeb23722541	1	folder
abebc2253259	15	folder
abfae6197010	1	folder
ac00b9f32618	11	folder
ac0cc17b669f	1	folder
ac11d58d58e9	1	folder
ac181c4f7890	7	folder
ac2dcef1ce26	1	folder
ac4153f1ff1b	1	folder
ac427e038e1a	1	folder
ac4fe0f772ef	1	folder
ac50693adcc6	1	folder
ac53d1af4886	1	folder
ac63de3b5c79	65	itself
ac6645b5d033	1	folder
ac6ae1a3dbb7	1	folder
ac7ab79a58e5	7	folder
ac7b36ab631a	1	folder
ac810d61f3cc	19	votes
ac83038a95b2	5	folder
ac88387150ce	335	folder
ac902f27397c	5	folder
ac93e8830ec0	5	folder
ac94efbe0516	1	folder
acaca45c9157	1	folder
acaccb289c50	1	folder
acb0f0b2aac8	7	folder
acb66f3fae11	12	folder
acbbfdf3d5c6	1	votes
acc6840521e0	1	folder
acc8a9153ffd	15	folder
acc8b6345391	5	folder
acd2f242667d	171	votes
acd3cce515b6	1	itself
acdcaf45cb8f	5	folder
ace710503351	1	folder
acea8b326396	7	folder
acfacfabc962	336	itself
ad09c130e144	45	folder
ad185d56167f	16	folder
ad2626f008d6	1	folder
ad31e913de2d	1	folder
ad34b6b4909c	16	folder
ad4fc19e31f2	337	votes
ad53457da695	1	folder
ad5cc7e65352	1	folder
ad6662a43525	1	folder
ad666b939845	19	folder
ad6bd70e4da8	1	folder
ad6f190b43b3	1	folder
ad6f22ff5de9	1	folder
ad746fc9a640	5	folder
ad778769ad53	1	folder
ad839ab88aaf	5	folder
ad84ce05f5ed	1	folder
ad8b36f450cf	1	folder
ad8efd807a9a	28	itself
ad9328ad26da	1	folder
ada1927509df	27	itself
ada96704da21	1	folder
adb29748d170	338	votes
adbfac5038c6	19	votes
adc56c7b9372	1	folder
adce6eb36122	19	folder
add9f36d3a11	1	folder
addafd9dd8ee	238	folder
ae021da1643d	5	folder
ae068652f488	1	folder
ae09d87b76a8	16	folder
ae15fffeaf30	1	itself
ae16f0fa9f87	1	folder
ae21502e643b	1	folder
ae270a8e299d	1	folder
ae2b49142e58	1	folder
ae2d1a81d5b1	5	folder
ae39fb02ce7a	339	folder
ae3d052052b2	1	folder
ae4465177156	1	folder
ae4ca33caa19	91	folder
ae5a46fe0335	1	folder
ae5b0d832fe0	7	folder
ae5f336f820a	1	folder
ae626d3d7407	1	folder
ae69b6804646	5	folder
ae74f7873d8b	340	folder
ae7f0aceedb3	25	itself
ae800b15cc10	190	itself
ae815c237c05	5	folder
aea3ac9dbf8e	7	folder
aea71619175d	5	folder
aea829f0b119	1	folder
aeb778af85e3	26	folder
aeb821f6778c	32	folder
aec464647941	1	folder
aed09559d3d9	1	folder
aed161e39f0f	1	votes
aed412d9648c	1	folder
aedb549b679a	1	folder
aef8c0830d7f	1	folder
aeff728e06b9	1	folder
af0326a8160d	26	folder
af04bf36e849	1	folder
af04cc92c84b	1	folder
af059514452c	1	folder
af1854bd6087	1	folder
af1fd0ad66b9	1	folder
af2c2c210c3f	32	folder
af3d423691af	1	folder
af40047bc8ed	1	votes
af48752cd88c	1	folder
af4f25cc77db	9	folder
af59d552e64b	1	folder
af68e1462fed	1	folder
af6b99186e40	341	folder
af6c54af8954	1	folder
af747fa6c8c7	325	votes
af75adb3537f	1	folder
af79782bbaf5	15	folder
af7b61b062d8	5	folder
af918e3809a9	1	folder
af9bc43e461f	342	votes
af9f56189c58	244	folder
afa54a057e0a	12	folder
afb43d2cfebf	1	folder
afba8ea1e5b7	1	folder
afd2d78d9dcf	7	folder
afda07b50013	1	folder
afea7a8eeea7	5	folder
b00762fd83be	1	folder
b0082a05712e	1	folder
b00d5d76c204	1	folder
b014956228c0	1	folder
b014e34733e8	65	itself
b038cf8d6149	12	folder
b03ec3f2cc6b	1	folder
b04715edba77	1	folder
b04b2794606c	1	folder
b0607f35f56e	1	folder
b06288db680f	5	folder
b06974c673bd	1	folder
b06f414066cb	1	folder
b075b0f1acab	11	folder
b0797cc7fe3e	1	folder
b08a4c770303	5	folder
b0905c5bf954	0	votes
b0970a87a453	1	folder
b09ee3b640c0	151	itself
b09fd2ae5934	1	folder
b0a64d34796b	1	folder
b0c0b1a0afb6	38	itself
b0d5dba7a1fc	1	folder
b0de8d9b9e4c	5	folder
b0e78c66b867	1	folder
b0f2b8c100a2	5	folder
b0f2e4e28b60	5	folder
b0ffcbeab240	1	folder
b1024673bd51	1	folder
b12ac2965d88	1	itself
b13649db76b9	1	folder
b146f27dcfb6	1	folder
b1521388bf88	1	folder
b16587e8b939	1	folder
b16d3a7aad3a	5	folder
b17b29c9adfd	1	folder
b188184fa06a	5	folder
b18a6ec431d1	1	folder
b193de0ceb8e	11	folder
b19a395b9489	19	votes
b19d3231b4ed	247	folder
b1a249153645	1	itself
b1b0012abd95	11	folder
b1c4ec082c6d	183	folder
b1cb19a68c4a	1	folder
b1cfcd6ff39c	6	itself
b1dbd32a5bef	1	folder
b1e2196e8d9d	5	folder
b1e73c1cb8f8	1	folder
b1edb74a3b46	1	folder
b1f0cd53f23e	25	itself
b1f0d3e22aae	5	folder
b1f61dad856e	1	folder
b2023334d39c	1	folder
b21997eb9c08	1	folder
b21f5d0475a1	1	folder
b23a386c4230	12	folder
b23c73fda267	38	folder
b24f710be529	1	folder
b25ccbaa347c	1	folder
b263b33de573	1	folder
b268a489ef39	1	folder
b273b5e33845	1	folder
b276d9aebb2e	303	itself
b2772989f577	12	folder
b277df1872d1	1	folder
b279d42c34a3	1	folder
b280a0bf002e	38	folder
b2888f6905f2	5	folder
b288971dd4c4	7	folder
b28def3d7e17	13	folder
b2a15fc55997	1	folder
b2ad398b3d3b	49	folder
b2af2a90c723	6	itself
b2b50faadd5a	9	itself
b2be24b3673a	55	folder
b2bf6d9f766d	69	folder
b2c1d8e477c5	9	folder
b2cf79ee6d11	5	folder
b2d7f2f0f8d1	40	folder
b2dd244a7422	1	folder
b2f567c3074d	5	folder
b30096358813	1	folder
b30d4409ba80	1	folder
b316e881e454	5	folder
b327f734891f	7	folder
b32cc44164c2	1	folder
b336045f6b2b	26	folder
b34e2cbe0411	27	itself
b354e57d3080	1	itself
b35f9b538528	15	folder
b36b78ea0cb9	1	folder
b36fb15df53b	52	votes
b3841a6ca72b	5	folder
b38eb115cc36	19	votes
b39ffd6aea8e	1	folder
b3aff4fff1c5	96	folder
b3b791f7b685	1	folder
b3d75af82d5e	1	folder
b3dff3e7831f	1	folder
b3e0df15f3be	32	folder
b3f1df1789c3	1	folder
b3f5c0ca62b1	12	folder
b3f75b0a3a1e	1	folder
b3ff3df794d4	5	folder
b4096754f743	1	folder
b40d77d7ed95	1	folder
b412903a2bba	49	folder
b4204ec986a3	5	folder
b4210535dc6e	1	folder
b4227c5010db	19	votes
b4348e51e025	1	folder
b436b8cec779	142	folder
b438a5a73d70	27	folder
b43a9da36787	5	folder
b43dc85af3e0	11	folder
b44a8040d219	62	votes
b44bd6e7e83b	1	folder
b44f6c1f3446	5	folder
b45566bd7fec	1	folder
b45a0aca597b	1	folder
b45f92eef34e	11	folder
b46683b8f240	5	folder
b46cd732cf09	1	folder
b46ed582b970	1	folder
b47609b9252f	15	folder
b479747c6819	7	folder
b47c48ecd04d	11	folder
b47c5d8161d3	1	folder
b48b657aa7ed	5	folder
b48e406e9e61	343	votes
b49d3ed754d9	1	folder
b4ac20ec0a29	1	votes
b4b1d22f7da1	19	votes
b4b2b22043ea	1	folder
b4b53ed470a9	1	folder
b4c7b4287c73	45	folder
b4cc7f9f429d	47	folder
b4f57c9a5f34	5	folder
b4f9e75a7cd1	16	folder
b51aa27353fa	1	folder
b5257e4b7d52	5	folder
b52f3dd7d0f5	32	folder
b533849c36a8	32	folder
b547006686c6	1	folder
b55aa75660c1	1	folder
b568d06481e0	1	folder
b578ee3d2f28	5	folder
b582c02a767e	1	folder
b5865eaea130	5	folder
b58f90ee436d	246	itself
b58f9aaf9fb7	1	folder
b59b45fdfc96	1	folder
b5a5ee353e13	11	folder
b5a77a19ce6e	1	folder
b5ab0d6d3cab	5	folder
b5abce1c25b6	1	folder
b5b4616e6ee6	5	folder
b5b47edb228b	1	folder
b5b97c803323	65	itself
b5d1ac22c554	1	folder
b5d219bcae3a	26	folder
b5d8a88dc001	190	itself
b5dada0aad84	344	votes
b601475250c2	1	folder
b603e87f368d	1	folder
b608de2665f6	19	folder
b616df33e833	45	folder
b61833c9399e	1	folder
b61cb93d848b	1	folder
b62076ec670c	1	folder
b62f9f37aa6d	1	folder
b63869d4066f	23	folder
b63b654ffe4f	1	folder
b642f4ce54eb	23	folder
b649a888680e	11	folder
b64d0bbab528	312	votes
b668730a3ede	345	folder
b6787b2f8395	1	folder
b67d0a02e069	11	folder
b6969def60b5	1	folder
b6985e6dd190	1	folder
b6bbfd0737ff	5	folder
b6c4316cc08a	19	votes
b6cd19a33e60	1	folder
b6d0b39ec510	57	folder
b6d2cfab2d7a	1	folder
b6d42af79454	1	folder
b6d6e11e3bc3	1	folder
b6dc552fb972	1	folder
b6e1c5ab7a50	7	folder
b6e1e6be92f7	1	folder
b6fc8b57518c	1	folder
b70dc61d71da	1	folder
b720d94e1937	1	folder
b721a207207f	5	folder
b73247803377	19	votes
b738707679e2	5	folder
b76ab1194b15	1	folder
b76b0beb5cd9	11	folder
b76b95f94b2a	1	folder
b7720356c33a	346	votes
b78ad809226b	19	votes
b78c70e45bf0	69	folder
b791b74e5551	11	folder
b79f7bffd6ef	5	folder
b7a40d1f881a	19	votes
b7b726e09711	9	folder
b7ba3b7700a5	1	folder
b7c0d1cebfc2	1	folder
b7cec11b95aa	1	itself
b7cec80e3494	1	folder
b7dab3160083	7	folder
b7de9210c256	1	folder
b7e8d25d6d08	1	votes
b7eae6aacd2c	6	itself
b7f361eac9c5	1	folder
b7f7402c479a	1	folder
b8007fe87218	1	folder
b810febea442	19	votes
b815cbcfaebd	1	folder
b821c7ecf2d8	347	votes
b83e0810dd07	1	folder
b841ddac7ebb	40	folder
b84519ae2dd8	1	folder
b845470fb0b5	7	folder
b84b2b618b7d	45	folder
b84e8b2ff9c3	19	votes
b85cc5faefc6	1	folder
b85df31059a8	1	folder
b8668b4d5f34	348	folder
b86ad567e64d	14	folder
b874f456f513	1	folder
b899f3aa04dd	1	folder
b8a6d8c86962	12	folder
b8b88f56531e	5	folder
b8bd9a655bff	1	folder
b8bf9baea5dd	1	folder
b8bffa2ecfbd	1	folder
b8c5dc26b14f	1	folder
b8c9f352bb37	1	folder
b8e5f982b810	51	folder
b8f11a71d8b6	5	folder
b8fe4b8b417c	96	folder
b90b4537c9ae	0	votes
b90caf13c45e	1	folder
b90d1cd08cf6	1	folder
b912621cf221	1	folder
b92332159521	11	folder
b94392661945	5	itself
b948e4e6cc61	1	folder
b94f48616295	1	folder
b9589f94673f	1	folder
b96303a8366e	1	folder
b9664ee27081	349	folder
b96a6d5896cc	1	folder
b96d6a84a22e	1	folder
b971ef929a5f	92	folder
b976b3955da0	1	folder
b97fbf5f32b8	56	folder
b99a94718db1	1	folder
b99e1a155c53	155	votes
b9a3995fe907	275	votes
b9a9268d9798	1	folder
b9afa9b3813c	1	folder
b9b44509514b	19	votes
b9bf3ed6c6de	5	folder
b9c4d6e67683	1	folder
b9c5d4dd77a4	1	folder
b9c82a97d962	1	folder
b9d22afdce9b	1	folder
b9d4f155cbc0	1	folder
b9da521beeac	1	folder
b9e54c3f6aa4	1	folder
b9e8be00d615	12	folder
b9fab290cfef	1	folder
ba0c532898c6	49	folder
ba120741a23a	1	itself
ba1b42d4d042	1	folder
ba1d4ff062f2	1	folder
ba2c67edcd83	1	folder
ba2c94258189	1	folder
ba3c12e11e49	1	folder
ba47e386899a	65	itself
ba5f37cd080a	1	folder
ba6b4f6587c9	5	folder
ba76f7f98ad1	11	itself
ba78b600f300	23	folder
ba82da29ffbe	59	itself
ba868569d20e	5	folder
ba8a01fced34	27	folder
ba8a84f35a92	1	folder
ba91af4cb902	23	folder
ba99642b4464	1	folder
ba9d542083b1	1	folder
ba9fa25dba4a	1	folder
baa2b6b959a3	5	folder
baa9b7d8eecf	1	folder
baaafc842bec	23	folder
baab7f80f19c	238	folder
baacdb506152	19	folder
babeff7537c6	5	folder
bac321dfe9bb	1	folder
bac975d5f5ef	52	votes
bace4cf97f06	114	folder
bad6f9815645	1	folder
bae6844f85e2	1	folder
bae970ca022f	1	folder
baf139f3fabc	1	folder
baf9ee7052a7	11	folder
bafc44c74f0d	1	folder
bb009d7b1fdc	1	folder
bb13c5d6c182	1	folder
bb2a160980bd	19	folder
bb325e2dd084	1	folder
bb4947bccc9c	1	folder
bb52722ba9b2	133	folder
bb53defd4e12	5	folder
bb587ed594cc	90	folder
bb5e64a87c05	1	folder
bb679770f512	16	folder
bb72c6b68abd	181	folder
bb7d0b4af86f	66	folder
bb7eb7ed2f34	11	folder
bb7f4d94bedb	350	folder
bb8243b89ab3	155	votes
bb8485f6dbe6	1	folder
bb88b8b5d387	19	votes
bb8c28a56241	11	folder
bb8f07ae8afb	19	folder
bb919600c592	1	folder
bb9d84f014ab	19	folder
bbb2d61d3dd1	1	folder
bbc05d8782dc	1	folder
bbc55d00dce8	1	folder
bbd858e3eb88	1	itself
bbdc8523e34b	1	folder
bbdedab1eb8a	351	votes
bbeacf9e7970	15	folder
bbeddcad1f71	1	folder
bbee59603575	1	folder
bbf17b6b9fe4	1	folder
bbf7d4988e8e	1	folder
bc00c5e507b6	73	folder
bc09eda503b2	12	folder
bc0a657d84c9	1	folder
bc1da527ae9e	11	folder
bc23e076fc2d	1	folder
bc2880a869c0	1	votes
bc292f9a3399	1	folder
bc445eb3395e	1	folder
bc6884a01b96	1	folder
bc805b267c7a	1	folder
bc84e627e067	15	folder
bc85816d5ddc	1	folder
bca2ddf42fa8	19	folder
bca961d00fb3	1	folder
bcc67803799f	1	folder
bcc84ccddc39	1	itself
bcd79949f5e2	52	folder
bcde64839865	1	folder
bcf966f21ba7	228	votes
bd0010d4e21d	37	folder
bd053d9dacb3	1	folder
bd0e49a7a1c4	1	folder
bd1a8518e9b6	1	folder
bd1f4c469d7a	1	folder
bd2416e9d846	69	folder
bd292a9b92a2	15	folder
bd338abf634d	27	folder
bd3424aa9755	1	itself
bd35f24ba7f4	5	itself
bd3e85315b53	1	folder
bd429134e2db	16	folder
bd442baab49e	53	folder
bd4d44513695	10	folder
bd57b602fef9	1	folder
bd5e058870a6	1	folder
bd6af85a422d	11	folder
bd6c56999118	1	folder
bd7f5701d7af	1	folder
bd7fb7cb6bd7	5	folder
bd811683c296	5	folder
bd9971e84aae	1	folder
bd9a5378463e	1	itself
bd9d8b17c3a8	1	folder
bda14f35030f	1	folder
bdabdd5d443e	1	folder
bdaf1853d573	52	votes
bdb596f37957	1	folder
bdbd88dcefed	1	itself
bdd7eb9167d4	1	folder
bdf140d254cc	1	folder
bdf2744a038c	52	votes
bdffefe2393e	352	folder
be00f1eeb388	37	folder
be057061311f	23	folder
be102eeb91f4	1	folder
be1cd18cf585	1	folder
be1da100df4d	1	folder
be2113b7db53	1	folder
be247fd4208a	15	folder
be24f63a5754	5	folder
be33fe7ff89e	51	votes
be3646f90050	1	folder
be37c2e89f22	353	votes
be37cb2545bb	7	folder
be40dd756ef0	1	folder
be4a80233603	12	folder
be5070e4eb49	62	folder
be593ac96d75	47	folder
be5f4fb22d43	160	folder
be62c82b9ffe	37	folder
be6c0da3d863	1	folder
be7410fd548d	0	votes
be7ecaabbd10	273	folder
bea78c7af35a	1	folder
beb11d01172e	1	folder
beb978ee2692	1	folder
beba04a252d8	1	folder
beef6d2fabee	1	folder
bef295c2f5e0	1	folder
bef5a88b7133	1	folder
befa1e9c3220	1	folder
befd50abde45	1	folder
beff5eb67afd	10	folder
bf070738671e	125	folder
bf16a713b9e5	11	folder
bf189a4d1e95	27	itself
bf189dc59a08	1	folder
bf1a6eaf56d8	1	folder
bf1d78b6905f	238	folder
bf265225a2eb	12	folder
bf37c0386e88	1	folder
bf3e77264263	1	folder
bf431b1ca6b2	1	folder
bf51f2dd52d8	1	folder
bf57aa93628d	7	folder
bf85d8f828e0	5	folder
bf87c6fa8b0c	12	folder
bf8a5693cf5b	1	folder
bf955ffc213b	354	votes
bfad32311722	355	folder
bfaf2b0db920	65	itself
bfb38b485174	11	folder
bfbff5a82dcf	1	folder
bfc0475ddacc	19	votes
bfc5f8cf28b7	1	folder
bfd4efec7bf1	1	folder
c002bc326346	1	folder
c00900ff89c3	1	folder
c00c45ab1d67	1	folder
c01cc31bada4	5	folder
c02850012997	1	folder
c031cbeee8c6	1	folder
c03525779ff8	56	itself
c03a0fd61e83	1	folder
c04603ba5dbe	85	itself
c049d3bd52cd	1	folder
c06cb36a3483	356	votes
c0771d8c9b4f	1	folder
c07afa828ce6	33	itself
c0852dd2fd09	1	folder
c08ad8069e23	1	folder
c09297732a6f	0	votes
c0965dfdebf7	1	itself
c09b86c5875b	1	folder
c0a14a5464e5	1	folder
c0a3b149d63f	1	folder
c0af3cdec1a1	357	votes
c0c0631d96cc	358	itself
c0c51bce790a	1	folder
c0cd7c7a8d68	1	folder
c0dc5751e28d	1	folder
c0f7d7327165	1	folder
c0fa99abe465	1	folder
c1189604c1f1	1	folder
c11a10fbf1e1	1	folder
c12d7d4d0343	19	votes
c13589a8f003	1	folder
c14c4c81c511	15	itself
c14dcdd7258a	1	folder
c14f1ecc71f3	1	folder
c15027646e80	58	folder
c153374012df	32	folder
c15a8bc8c974	55	folder
c1681aebd74b	12	folder
c1735a729a3f	7	folder
c1830374e5ed	1	itself
c18f08b8949d	1	folder
c19212b09466	77	folder
c196d03d63cb	1	folder
c1ac4e0bed7f	23	votes
c1b24e6d601d	1	votes
c1c4079bdfda	359	folder
c1c88d19a73a	1	folder
c1dbcd070847	1	folder
c1dde6e07637	1	folder
c1f079c61403	1	folder
c1fe451be06b	1	folder
c1ff1ab91e05	1	folder
c201cc7f2a7b	11	votes
c2027130a3a1	238	folder
c20294dade8e	1	folder
c203d9509f2f	11	folder
c20857c55072	5	folder
c21d7b2ad33f	1	folder
c21da62eb398	1	folder
c21f07a056f8	92	folder
c22de2702374	32	folder
c23329c118cb	360	votes
c2375613ff3e	1	folder
c23e587dd322	12	folder
c24308012539	1	folder
c24cd8560ab3	5	folder
c25c82b8377a	1	folder
c2641b0118d7	1	folder
c26e7a60eb1c	1	folder
c2741b1d0bcd	1	folder
c281c65a1824	45	folder
c288993820a7	1	folder
c2896f5586ff	19	votes
c28a23b83862	26	folder
c290544bdab7	1	folder
c2a29d956562	1	folder
c2af9781b63d	15	folder
c2ba042c15ee	1	folder
c2c839e43fbc	15	folder
c2d457a24790	5	folder
c2d4d366473a	1	folder
c2d5721fb291	1	folder
c2edf12fe4e9	1	folder
c2f67100fa51	1	itself
c2f6faded146	19	votes
c2f70c627bc3	78	votes
c2f98645f1c7	92	votes
c303b5d01997	1	folder
c3092dc5d4ce	1	itself
c3232b2c2387	1	folder
c32f135b3440	135	folder
c33c4e969f64	11	folder
c341108230f8	1	folder
c35241d60985	1	folder
c352fc63ee26	23	folder
c354f93a5916	1	folder
c36c8ff6f209	1	folder
c36e41a689a6	1	itself
c37476cb170d	15	folder
c374e6a22485	1	folder
c3752aa2c6e9	5	folder
c3771535eb90	1	folder
c37d6579a3eb	11	folder
c38d0edb5868	1	folder
c394687e80a3	1	folder
c39a13d7f425	1	folder
c3a00f4bc687	1	folder
c3a9453bde3b	26	folder
c3ae65c685d8	200	votes
c3bbf7962736	134	folder
c3d0bfd47b6a	13	votes
c3d15c99494a	1	folder
c3d2364db1ad	10	folder
c40f2387eea2	1	folder
c4128b6dfe2b	9	folder
c41cc6963db1	57	folder
c42f234d97c0	12	folder
c4331196b050	1	folder
c4388e7f765c	9	folder
c44b2be2034b	45	folder
c44ba11d2426	19	votes
c45a84d1ee24	1	folder
c46591abba99	1	folder
c466a452c541	1	folder
c46c127fdf35	26	folder
c47338224bbf	1	folder
c47ce88d19ab	1	folder
c47ec61c183f	16	folder
c48668c8611b	1	folder
c4a1668d29fd	1	folder
c4a39f87b1e8	361	votes
c4b5777f986c	15	folder
c4b84c7c2bce	130	folder
c4c5c652830a	10	itself
c4c704e293a0	362	votes
c4c862c560bb	1	folder
c4d84dbfe2b9	7	folder
c4e5318b93d6	1	folder
c4f00226e362	1	folder
c4f61a5a7044	1	folder
c4f79af82e17	1	folder
c4fb93281010	1	folder
c4ffef4479f5	1	folder
c53a860e3943	1	folder
c5504f88a45e	1	folder
c56af7968f8f	1	folder
c5750421ab29	1	folder
c576b1f81ec1	11	folder
c57cf1512284	7	folder
c587193f171b	77	folder
c591b2725666	363	votes
c595d7c3a094	13	folder
c598d89cdb86	1	folder
c5aeefc657ba	1	folder
c5b474e360a7	19	votes
c5b9c688358d	1	folder
c5bf5ebfcaa2	27	folder
c5bf86a84a04	1	folder
c5c2be8eee90	1	folder
c5cea4a23dc2	114	folder
c5d392bb1ed0	5	folder
c5dd652eb63c	5	folder
c5dfdee3ba5d	55	folder
c5e16c2264ba	5	folder
c5e227cd72b9	1	votes
c5f033c70cb1	1	folder
c5f4378b2775	1	folder
c5fd09d23b6c	1	folder
c60a2d8c40e1	7	folder
c6180a5cdfc2	1	folder
c61a263e49a4	134	folder
c620b5decf18	1	folder
c625204e12e0	1	folder
c62a01fd2ac1	1	folder
c62fe18a152b	12	folder
c638eb596ba7	1	folder
c63dc0c592bb	12	folder
c64c81e6891a	1	folder
c658d96b0a12	1	folder
c65fe3b7d38f	77	folder
c660043e287e	1	folder
c672b4fc301f	1	folder
c6743f232595	1	folder
c67546f76055	1	folder
c6acc8128667	1	itself
c6b9e5480b4c	1	folder
c6c235265bfa	1	folder
c6c5630f42e3	1	folder
c6cdf4fce91e	364	votes
c6cf77f905d2	1	folder
c6d77c00d6fd	1	folder
c6e4bbb27eb0	12	folder
c6e7b8b249d0	1	folder
c6ee79d9d74d	1	folder
c6fa47692094	1	folder
c7004b7161fe	11	folder
c700618356dc	1	folder
c70580477c9e	5	folder
c70ea8bf2de1	1	folder
c71b40c62560	15	folder
c71e3e1ad50d	1	folder
c728c950b1c4	83	itself
c72faf1f81ec	19	votes
c73291e3046d	1	folder
c736c537e664	1	itself
c7394a61f855	45	votes
c73b4bbea84a	1	votes
c73bae297bc6	1	folder
c742ee56d11f	1	folder
c75d03d8d9fb	1	folder
c75f206d3b7b	1	folder
c76665fdda13	1	folder
c77228ed2abb	5	folder
c77b5829592c	18	votes
c77e1e81c86d	1	folder
c78a2f4e6189	1	folder
c78e3a4d1310	1	itself
c794d46c13ea	1	folder
c7a2b5ee138b	40	itself
c7a307f9c1fd	1	folder
c7a7a3b0a17b	1	folder
c7b49527e3ce	1	folder
c7b5bb29322c	1	folder
c7b856556d71	1	folder
c7bf7233cac6	1	folder
c7c18e984a39	365	votes
c7ccf2ffd3b3	55	folder
c7d130f40ee1	1	folder
c7d365dddf32	1	folder
c7d5f6f09883	1	folder
c7ddd13b784f	1	votes
c7eafd3d5e83	27	folder
c7fb69d5b0a7	1	folder
c7fca7a52dbd	6	itself
c805656729c9	15	folder
c80d294b1d87	366	folder
c81330a0e12c	1	folder
c8247714c413	16	folder
c83fd6c38992	136	itself
c8439985f87f	367	folder
c8515b3ecba7	1	folder
c85d99d3eca6	11	folder
c86200d4f431	1	votes
c865392af6e9	9	folder
c86c5ca46406	1	folder
c871482d52e6	1	folder
c87158246e89	27	itself
c876e113c6db	69	votes
c877c9e2d248	1	folder
c8797a587af7	85	itself
c88503d00de2	5	folder
c8990ea1e3b5	1	folder
c89dbad7f96b	1	folder
c8a3992601a3	5	folder
c8a985de5c3e	1	folder
c8b6327c79ee	1	folder
c8bc94b723c0	1	folder
c8bf3583b5f7	14	folder
c8c01d5a112a	11	folder
c8c0639f0617	7	folder
c8c53a5cab0e	36	folder
c8c61dc98ce3	1	folder
c8e223e3974c	15	folder
c8f9afca68f6	11	folder
c909d37911c8	368	itself
c90ece1fabf0	16	votes
c90f8e414d84	6	itself
c9171ce0b0bd	1	folder
c928f4214fdb	5	folder
c9301bc148aa	1	folder
c93be1dd7a5c	1	folder
c94470107ca6	77	votes
c9568c440ceb	5	folder
c9644a6d53a6	1	folder
c981bea5ef4d	214	folder
c98d1479f8f9	11	folder
c993b8e7277f	369	votes
c999f5381f03	1	folder
c99da3d86ced	11	folder
c99faac05b34	370	votes
c9a714935a4c	1	folder
c9ad6bd009f2	5	folder
c9c9f61f6daf	82	folder
c9ca1932c3b7	5	folder
c9e828cada71	1	folder
c9f0a8ac1e88	1	folder
c9f7a8218fa3	11	votes
c9f969c7c219	1	itself
c9fd7dad8fdf	1	itself
ca1b4bb515f3	73	votes
ca1ff370bfb5	7	folder
ca21c5070107	1	folder
ca258c046351	12	folder
ca281bc2ac0a	5	folder
ca3372b626af	1	folder
ca57229110bf	1	folder
ca5d4931199e	45	folder
caa69633fc30	26	folder
caa93dc84189	146	itself
caacebc54ea7	35	folder
cabe3bf33ca2	23	itself
cad3c06dd7a1	1	folder
cadad9f1d3c1	1	folder
cae413a60d6e	85	itself
caeab3286bb4	1	folder
caeff414f7b5	1	folder
cafc0963c31a	1	folder
cb0c0a987460	1	folder
cb11f651f647	1	folder
cb132e37b4ef	7	folder
cb190eeb5050	219	itself
cb1fb22128e2	40	folder
cb32c2f7ae24	1	folder
cb447620edb7	59	itself
cb4a2044bda3	1	folder
cb537073202f	1	folder
cb589ff8eca1	6	itself
cb5e89792978	1	folder
cb64fedb66e6	5	folder
cb6bf215e84f	5	folder
cb6fcfe1cb57	1	folder
cb8480f9c45c	27	folder
cb84c258b411	1	folder
cb87b9f3f8e4	371	votes
cb8e96bfc3c9	1	folder
cb995a6a479e	1	folder
cb9f64415357	0	votes
cba7d683f2be	1	folder
cbaaa66a25ea	372	votes
cbb52d92fd1b	1	folder
cbb93ea1993e	1	folder
cbba326b8c76	19	votes
cbbda2210bf9	1	folder
cbc1feea91fe	1	folder
cbc4591c4175	1	folder
cbc8391a5e36	1	folder
cbe13142b66f	1	folder
cbe157a8658b	1	folder
cbec0c8a8b59	1	folder
cbfac7b55866	19	folder
cbfef6caf044	2	itself
cc01bb42c3fa	15	folder
cc1e06e136a9	1	folder
cc1faaadc962	1	votes
cc3f55c30df4	114	itself
cc449d584eb3	11	folder
cc4fa0fedc8d	373	itself
cc5494e4a0df	1	folder
cc592eba09c5	1	folder
cc5a0754c369	374	votes
cc657b6f108e	1	folder
cc6edbcc5d05	321	itself
cc809cbbc107	19	votes
cc826cc5479a	1	folder
cc846d42cfce	5	folder
cc8750d5cb69	36	folder
cc997c8f75f1	1	folder
cc9ddca2349b	1	folder
ccae7f4d71f1	375	folder
ccb376241113	376	folder
ccb8359aaf76	1	folder
ccc8e1013dd1	1	folder
cccf40631713	1	folder
ccd440e45892	1	folder
ccd945b997e6	190	folder
ccdb604efb86	1	folder
cce735b318ea	1	itself
cce78cb0991b	1	folder
ccf1dac004de	11	folder
ccf675d40741	19	folder
ccf6c31a2e54	249	folder
ccfb49301f4a	1	itself
cd0d486de920	1	folder
cd1833320f61	11	folder
cd20e9c91383	38	folder
cd21867425da	219	itself
cd2205bd6c57	1	folder
cd2ef4b3af3c	15	folder
cd34bd012330	1	folder
cd3b3d943df3	1	folder
cd3dd12ef7ac	19	votes
cd456f97343a	11	folder
cd4ef33430a3	11	folder
cd58a80dff35	36	folder
cd5affe38e03	1	folder
cd5d8ac0a21a	45	folder
cd6f1ceaec49	1	itself
cd7611dcca96	1	folder
cd7ac6cd1b95	1	folder
cd7bad03c08e	1	folder
cd905c7d5d94	1	folder
cdb23c2320de	1	folder
cdb390fbcd01	1	folder
cdbade4cedb2	0	votes
cdbca781e5d6	11	itself
cdc05b007956	1	folder
cdc7f6d0f4c5	1	folder
cdc8a987f82a	1	folder
cdce1b53d445	16	folder
cdd133edf301	1	folder
cdd92bc2a64d	1	folder
cddc13e4caff	1	folder
cdde1bba1901	133	folder
cde56328e5b3	1	folder
cdf293aa90a7	7	votes
cdfb75799824	1	folder
ce1b806b7d8a	49	itself
ce1e67f32cc7	1	itself
ce2b17b91612	1	folder
ce2b81d06f14	5	folder
ce35c1600be3	1	folder
ce46a6d27e63	1	folder
ce49684b306e	1	itself
ce5cb254dfbf	1	folder
ce5ccc896c68	1	folder
ce5e0cad3f5b	5	folder
ce5ea3a747e0	1	folder
ce5fc57051cb	119	folder
ce62bb5668bc	1	folder
ce690b69b01e	1	folder
ce82809e0d06	1	folder
ce82aeec6b44	11	folder
ce88cd8fdba9	11	folder
ce93777f6c4b	1	folder
ce967d53635d	1	folder
cea156559a8d	1	folder
cea4c03e5dc1	1	folder
ceac1b059ace	5	folder
ceb6ad4885d6	15	folder
cec0c84c6b78	1	folder
cecb95f300d7	1	folder
ced13d9dc15e	1	folder
ced186e3fe5e	78	votes
cedcb6c0d54a	1	folder
cee0a7b4bf5e	1	folder
cee75d0d3ca9	1	folder
ceef03f0df27	7	folder
cef15838cb44	1	folder
cef206332da7	1	folder
cef7b8fd8b6e	19	votes
cefa726d7e39	1	folder
cf1b88d67be8	56	itself
cf1e4ce8c1d7	5	folder
cf22d7be33c1	55	folder
cf23838f2aee	1	folder
cf25f4666502	1	folder
cf265fb3b2fa	12	folder
cf2b27af4152	1	folder
cf30032f60d2	1	folder
cf325865a375	1	folder
cf337fcfc210	1	folder
cf38b9b72fc9	1	folder
cf429bc438f8	11	folder
cf4d34269ab1	377	votes
cf4dddc24537	1	folder
cf521ca53f5e	11	folder
cf56f96342a8	1	folder
cf5c4270fe7b	1	folder
cf710812d8c4	1	folder
cf7a34324343	48	itself
cf81f31767fc	11	folder
cf8ac263f675	2	folder
cf9273a92ef4	1	folder
cf99673fb875	1	folder
cf9a47c123dc	5	folder
cfa61ef70ad5	1	folder
cfa63ae3650f	12	folder
cfa89b226b84	5	folder
cfacd4550536	1	folder
cfadedfd417d	11	folder
cfb32796e4a3	1	itself
cfb9bc407a3b	1	itself
cfbcbfd720f0	1	folder
cfc673e455da	65	itself
cfe573b7e021	1	folder
cfe9af1f1220	1	folder
cffdce3d5b8d	1	folder
d01d62c90cd6	1	folder
d02380348bb9	5	folder
d025e2168b8e	11	folder
d028e26faa06	57	folder
d02c76bbc523	19	folder
d0310f14ec49	219	folder
d0452422ea24	5	folder
d047579fd0a6	1	itself
d05cf1a6092f	7	folder
d0635873d049	45	folder
d06e523aa4c6	1	folder
d071d3bac5cd	1	folder
d094b1629b23	11	folder
d097b50b3a34	27	folder
d098d0256be5	45	folder
d0a4c8718c3b	1	folder
d0b698b49a60	11	folder
d0c17d50857d	5	folder
d0c377b53e5d	5	folder
d0d43b631e87	1	folder
d0d59a9bfd1d	15	folder
d0dacb161e80	1	folder
d0ed1df493f1	11	folder
d0f65e39f954	85	itself
d1023078eb84	1	folder
d10889f818d3	27	folder
d11340b851f1	1	folder
d11501be542e	1	folder
d1177dfa788e	51	votes
d118d0257c9e	1	folder
d11fa8b3e622	11	folder
d126258aaff5	1	folder
d12948b5f3e9	5	folder
d12f94d61914	1	itself
d13105fa6ea9	1	folder
d1329ec6c6ef	1	folder
d133b7c1f283	1	folder
d134ef032c54	12	folder
d135599c477a	9	folder
d1391d6ef875	1	folder
d13c2d0786d4	1	folder
d1443c2fcd10	378	votes
d148d1a7ee26	1	folder
d14f70edcb80	6	itself
d159aaec3305	26	folder
d1616318ddff	224	itself
d17680b492c1	77	folder
d17d5679e150	1	folder
d19ebc2da5e8	1	folder
d1abc02d5fea	5	folder
d1b42b1f3c2a	5	folder
d1b43192f790	23	folder
d1b459cd6436	77	votes
d1cb3a21e3d5	1	folder
d1f0ec80335d	1	folder
d1fa1deeaba6	5	folder
d20437ee7c9b	19	votes
d20e1a5c6e8a	1	folder
d218f21efce1	1	folder
d21c9db90d5c	1	folder
d2266e7eb6b2	27	folder
d22bc51dd168	19	votes
d236fbbfea0e	1	folder
d241cfa57ef5	73	folder
d24a550ddf47	27	folder
d24f53a90038	1	folder
d24fdb66f3d3	1	folder
d2536d65201b	6	itself
d256ac525d26	1	folder
d260b93c8528	1	folder
d2681d4c9a1d	7	folder
d26b8f784294	1	folder
d27abbf58aa8	1	folder
d27ee34ef293	1	itself
d284218d0a29	1	folder
d287a3aa9f5d	1	folder
d28d3c455b00	19	votes
d29cbdbafb86	1	folder
d29d40bc7554	16	folder
d2a317c1127c	379	votes
d2a5197c36d1	1	folder
d2aaa611828a	1	folder
d2c0008354bd	1	folder
d2c076b4e96e	1	folder
d2cb09ad2a6a	38	folder
d2d26a91e237	1	folder
d2d4fe806550	134	folder
d2de261dd555	37	folder
d2de48a0a192	1	folder
d2ecf8f42de3	1	folder
d2fcf5f21db7	1	folder
d306e4d886c4	1	folder
d317109183e5	11	folder
d328c4103ce3	51	folder
d339e8ca3463	1	folder
d34ee3ebac00	7	folder
d3587aa2043d	190	itself
d35d3b021477	1	folder
d35e34568417	1	folder
d35f54fcc985	1	folder
d3638d535b09	56	itself
d365f9a7db5d	38	folder
d377a47a180d	1	folder
d3898fab970b	354	folder
d39647c32bad	1	folder
d398045ee806	133	votes
d3a82c42bbe1	5	folder
d3ae616905e0	1	folder
d3b09a4510f8	1	folder
d3b4c497144c	5	folder
d3b5159799df	65	itself
d3ba2a1a0fb5	1	folder
d3bea926130a	1	folder
d3c48e3e7709	1	folder
d3c50961be17	1	folder
d3cb1ecd16ca	85	itself
d3cc8416dc0d	5	folder
d3d18501d95a	12	folder
d3e4d8422ce0	1	folder
d3e761fe73c3	380	votes
d3ea5e7e3837	1	folder
d3f9bdb5b11c	1	folder
d4142e41718a	1	folder
d42a1439ebd8	1	folder
d43d4b51ffbc	1	folder
d43ddc4db13d	1	folder
d44c2dfdb9f0	1	folder
d454cec12c00	1	folder
d4550aca94f6	1	folder
d4577b5b0938	1	folder
d46d8cc991de	336	itself
d46e0f6ef427	142	folder
d46febfe7d7b	49	folder
d475608c51c4	19	votes
d475b543cf31	1	folder
d476021f80a3	1	folder
d47b60bf6a45	1	folder
d48f243ede69	1	folder
d4910445fcd7	9	folder
d4949942eba5	1	folder
d495e2e15d3a	1	folder
d4b014d55b38	381	votes
d4b3ab1842e5	1	folder
d4b5242d2240	1	folder
d4bab24162a9	1	folder
d4bce6b809b4	1	folder
d4c7318523a0	1	folder
d4c7e30ffcff	1	folder
d4d5972b8cc2	45	folder
d4dd3557ea30	1	folder
d4dd8b31d978	1	folder
d4df310da4f6	382	itself
d4ebda88ac90	7	folder
d516e1907539	1	folder
d55005a6e9a1	11	folder
d5510827e171	11	votes
d5547b96b9d7	1	folder
d554890e39c7	1	folder
d560bf77b324	1	folder
d577eb971c2f	1	folder
d57c2248bb6b	1	folder
d58170130079	1	folder
d5845fe9e606	134	votes
d594c1e42157	19	votes
d598d9b6b89b	338	votes
d599349124bd	5	folder
d59e1b45a855	1	folder
d59ffb94e893	1	folder
d5aafefb72ad	383	votes
d5affb61283b	5	folder
d5c5c7eca942	6	itself
d5cac8656235	1	folder
d5cd65d02093	1	folder
d5da5c89ff8a	11	votes
d5e2b7997792	5	folder
d5f2d1df6609	11	folder
d5f959e917f9	1	folder
d604322464ea	1	folder
d60d27b0f41b	15	folder
d6156739379e	73	folder
d6231ee2ff13	1	folder
d6234d819fa7	1	folder
d62d51258a32	384	votes
d62fbfb8e662	11	folder
d64a2b3e68ad	1	folder
d64e73f37439	1	folder
d656e7ded7c1	1	folder
d65ecf607717	1	folder
d66ac93905c4	385	votes
d66f30d395d4	65	itself
d66f36c81483	386	votes
d674bd76e6a6	1	folder
d6896d4fc2be	1	votes
d6a2d9c74207	387	folder
d6a3fd72c559	1	folder
d6a8f85f132e	1	folder
d6aa53390a84	1	folder
d6b315a8cf2d	1	folder
d6b5542b7377	1	folder
d6b723b3d0fe	388	folder
d6ba28386d44	45	folder
d6cee687441d	389	itself
d6e533bd7e4f	11	folder
d6e93c866844	155	folder
d6eb0c426990	9	folder
d6ec9f685e14	5	folder
d6ecda35a167	233	votes
d6f645bf29f3	26	votes
d70702698e5a	390	itself
d70e63031667	19	votes
d7170e80ded2	5	folder
d730c3dbf86c	1	folder
d735d132bb68	1	folder
d7388026d6b2	1	folder
d74bdc013932	1	folder
d74bfcaeb3a2	5	folder
d74cdb6b3ae5	1	folder
d755624b1451	1	folder
d7567142eeb0	1	folder
d769caa9e609	1	folder
d7748f4d97c8	5	folder
d77acf6e84d0	11	folder
d788fecb5313	65	itself
d78bce5ea928	1	folder
d79040e5d791	1	folder
d7976315eb0a	7	folder
d79fbe893905	32	folder
d7a81bc8e3e3	391	votes
d7b0d5d01dd9	1	folder
d7be6e9f7d6d	1	folder
d7be77396589	5	folder
d7dc96182334	249	folder
d7e08559cbbd	392	folder
d7e7eee29822	1	folder
d7eb9fd86609	393	itself
d7fccd96f8c0	1	folder
d7fe5834f537	92	folder
d7fec17bcd1a	1	folder
d7ff5ae3039d	45	folder
d804a86244a3	1	folder
d80ffdf7f185	1	folder
d8104775a36a	5	folder
d837b0607aaa	32	folder
d84710e7d225	1	folder
d859608be9ce	1	folder
d8679e8ebf06	1	folder
d8763e1884b4	1	folder
d88c293634e9	57	folder
d890d50798a3	1	folder
d89c12b41adf	1	folder
d8a4dbe32438	1	folder
d8a95b6ac0e2	1	folder
d8aa08f75a3e	1	folder
d8bb7c9dd755	1	folder
d8bd737f7d2e	5	folder
d8bddc578627	1	folder
d8ce374ccd0a	27	folder
d8d5b1a1c54e	1	folder
d8d71767b431	1	folder
d8dfadb5e1cc	45	folder
d8e547ba0034	1	folder
d8f2e126be17	9	folder
d8f6f4ce50a0	1	folder
d8ff4bdaadfc	1	folder
d9169b9bdfc6	1	folder
d93e3bb57bcb	1	folder
d95d84540a05	1	folder
d96660dd7e2e	1	itself
d96b9bf21b54	32	folder
d97ceafa5892	1	folder
d97d96001a1b	1	folder
d9837291a0c6	1	folder
d98ac54c2b4c	1	folder
d99cbbbd96ab	11	folder
d9a5c89f0f68	394	folder
d9b314bc547f	1	folder
d9c0a9addc4f	57	itself
d9c135a98e00	11	folder
d9cd18b0e203	23	folder
d9d98fad9fb0	47	folder
d9dd58ddcb71	1	itself
d9e25788b61d	1	folder
d9ea5852fd39	1	folder
d9eafbe59127	47	folder
d9f0d8ea0c4d	62	folder
da04cc36d744	1	itself
da15d5858b60	1	folder
da3d4cc52164	133	folder
da47c2a1e50e	23	itself
da47e83f5c61	5	folder
da49bdfd769d	1	folder
da4b63ca38eb	183	folder
da529b551f2b	1	folder
da54f312b87b	11	folder
da5c5fb7304b	11	folder
da6156317c7c	45	folder
da6c5d8e094e	2	folder
da7cca9a06cd	1	folder
da807db57239	1	folder
da888c4d2e8d	1	folder
da8947e253ca	11	folder
da8c64a1c34a	1	folder
da9682bd4ee9	5	folder
da96d83ee551	1	folder
da97704ca6a6	1	itself
da98cf14fbef	1	folder
da9da6d82609	5	folder
daa1c68e3c41	1	folder
dab01b15be5c	1	folder
dab0a774bdf3	1	folder
dabec5a8e641	1	folder
dabfdcf59558	7	itself
dacc0abfdaac	19	votes
dad0fd721541	1	folder
dad94edc08d2	1	folder
dad97ae2252f	1	folder
dae6bb166eb9	49	folder
daed9b9c3678	1	folder
daf0f02c9773	20	itself
daf6b8dfb7fa	19	votes
dafb65401a91	1	folder
db0273c85db2	45	folder
db04f6886361	1	folder
db08c93336ab	135	folder
db0dea8b1fab	135	folder
db12d33aba98	1	folder
db1c686bbd17	9	folder
db25053bce63	19	folder
db27a782e4eb	7	folder
db2b8f6ac1fa	12	folder
db329951285f	19	votes
db371ec7e60f	19	votes
db38dfe0811c	19	votes
db4341bc0320	5	folder
db482fb33658	1	folder
db4b0feb6a72	1	folder
db5338bf9613	19	votes
db543f605aca	1	folder
db639a05c56d	1	folder
db6a650ef0b0	325	votes
db7189e58db7	1	folder
db721a2dcf90	238	folder
db75c4b329e8	5	folder
db7e8777db42	1	folder
db7ee700e8af	395	folder
db858d0ec6f9	1	folder
db8cd4ca4a39	5	folder
db907e6bd44f	5	folder
db9e680ae882	265	votes
dbb02695e8c4	5	folder
dbc3c48d1bdf	1	folder
dbc73d011282	1	folder
dbd066122611	57	folder
dbd5e4c7cb6e	2	folder
dbda80948657	5	folder
dbdafce6f066	1	folder
dbe1372b9ab5	1	folder
dc00cb1475c3	40	folder
dc099b00969f	1	folder
dc1780f55ab9	1	folder
dc1fe3c9232d	1	folder
dc21ae82977d	16	folder
dc268d2b3607	11	folder
dc27dbeb6a1e	1	itself
dc2a2d684a83	1	folder
dc3c271acb55	1	folder
dc403bd3d431	0	votes
dc433f72df6e	41	folder
dc4a4988388c	1	folder
dc4b5f7305dd	1	folder
dc5159b6d3a6	38	itself
dc616e8e38f2	1	folder
dc6181036d38	1	folder
dc6421117f55	44	itself
dc72233e89b1	1	folder
dc758822746c	396	votes
dc76a933bb3a	26	folder
dc77bf83ab1c	5	itself
dc7f10dd889e	1	folder
dc7f9da73afd	47	folder
dc8a584d029f	190	itself
dc8b1f27121b	1	folder
dc8b6439e15b	36	folder
dc97db294bd7	1	folder
dcaad9683fff	11	folder
dcb78352013b	1	folder
dcb9470da54f	1	folder
dccd741f1d24	19	votes
dcd37dd13e22	5	folder
dcdb4ff99ace	1	folder
dcdfd72b4d4e	1	folder
dcee800987c6	19	folder
dd0c609e4e71	5	folder
dd0d89c4ef7d	19	votes
dd13c9f9755e	59	itself
dd20a5c7162a	397	folder
dd2432a55e8b	1	folder
dd45b6b72bb9	34	folder
dd4fcb255fcb	7	folder
dd542d6141c7	1	folder
dd61b498fe47	1	folder
dd6b57c78f2b	1	folder
dd76d2b81d32	32	folder
dd7b79ffca5b	5	folder
dd8222d4142c	1	folder
dd919f08159c	5	folder
dd93ad643860	1	folder
dd99201205c6	1	folder
dd9a00a89aa6	1	folder
dd9e962ff432	1	folder
dda1a62af6e1	1	itself
dda9007c4854	1	folder
ddae9bcac366	1	folder
ddc71385cc28	1	folder
ddce5a83fb49	11	folder
ddd97388ca7f	1	itself
dddd8e713277	1	folder
dde24f7a12d4	11	folder
dde8c89fc97c	1	folder
ddeee1e1077b	47	folder
ddfc25a36a2a	40	folder
ddff40287b70	1	folder
ddffebebe613	398	votes
de126facaade	1	itself
de19d2c617c2	19	folder
de19de777408	1	folder
de269110e8bd	1	folder
de2c50765a1c	12	folder
de310a72fd4c	1	folder
de347fe650df	15	folder
de3b0c598b69	1	folder
de443f8b9dbe	393	itself
de4f359bd096	1	folder
de53761486d2	15	folder
de58b32b110c	95	folder
de58e903e26e	1	folder
de69ffe91633	1	folder
de6e8acfb5c2	1	folder
de7ca94afda3	38	itself
de85b0f1b7e5	40	folder
de935df55ab6	60	folder
deb51f868308	91	folder
debcfc580472	16	folder
dec1049c1676	26	folder
dec595dbd9ce	7	folder
dec66d56d1d9	1	folder
dec788b19236	1	folder
dedfdbd38563	293	folder
dee1b8bb4a46	53	folder
deef5545996d	5	folder
defa4d07a36f	38	folder
deff7ad232fe	194	votes
df146c64f5d6	11	folder
df19830c5594	11	folder
df1a52c09a13	1	folder
df1ccc5c7927	1	folder
df21616eb21f	1	votes
df3b46044dd6	1	folder
df4286daef72	1	folder
df4719823d0f	53	folder
df4784714c9b	5	folder
df48b6df1bbb	1	folder
df50452bb154	1	folder
df535f8987eb	146	itself
df5a47d21098	11	folder
df6484ab4c21	1	folder
df6c1dc22f81	59	itself
df7528658983	1	itself
df779d987174	11	folder
df82e98c4254	58	folder
df8b5d22f5be	1	folder
df9f873b1336	399	folder
dfa3d3875a39	19	votes
dfa8c86bb8bf	1	folder
dfabb36e679f	1	itself
dfb20d414c47	1	folder
dfb405c0d2cc	1	folder
dfbcd6c93b29	400	itself
dfc672265789	19	votes
dfcbc3f26ec1	401	votes
dfcd98a2fc31	402	itself
dfd3fcd49a6f	1	folder
dfe76fe2f2bc	27	itself
dfe8225b4e27	1	folder
e001227eb2be	403	folder
e0024750b0fd	1	folder
e008d6f514a1	1	folder
e00bbff40328	32	folder
e00e4739cfcb	32	folder
e01b86ba97db	9	folder
e0210e6d0dfa	5	itself
e0314c38a36f	2	folder
e03337510861	11	folder
e03d09da44ba	77	folder
e03eced0393c	1	folder
e059fd8fd09c	1	folder
e07c8703989c	1	folder
e07f0866ca2d	1	folder
e08190a2d904	1	folder
e0857b76e263	5	folder
e085f5ebbe67	1	folder
e08cb8719d38	16	folder
e08dc3f11fdd	1	folder
e08f9efd94e9	5	folder
e09733f313b5	13	itself
e0a21dfca49b	1	folder
e0ae0f7c278b	1	folder
e0c3de9b4768	27	folder
e0cc7a381f7e	1	folder
e0d36f5b2c28	1	folder
e0d7a5c482da	1	folder
e0e490ce9d01	1	folder
e0f3a8669cea	12	folder
e0f579d564c7	15	folder
e0fa156e99f2	1	folder
e0fbe293b636	1	folder
e105a6542286	1	folder
e1190a654fb0	1	folder
e11d73f66207	36	folder
e1217f540cf7	222	votes
e12cbda1d135	10	folder
e132d8febf47	5	folder
e1337125db5a	23	folder
e13c7544e599	19	folder
e142b2bc6133	404	votes
e17daeba8604	15	folder
e17e4fc23328	11	votes
e18d494865e9	7	folder
e1915930e3f6	1	folder
e1981c676cf1	1	folder
e1a4520fb62c	1	folder
e1b173dfeb07	1	folder
e1c0df7af0cb	5	folder
e1cf1db3d2e4	1	folder
e1d048334c04	1	folder
e1d70e870775	405	itself
e1dc4ed2d9be	1	folder
e1de2905bbfe	26	folder
e1ea5c86843a	244	folder
e1f568049245	1	folder
e1fbca93f878	1	folder
e1ffb7ea27db	36	folder
e21dbcd8f321	1	folder
e231948a06bc	11	folder
e23aa02fd647	11	votes
e23cd09c8df5	5	folder
e24084859bcd	1	folder
e24604dcf001	45	folder
e24bc68f2880	1	folder
e24c0b29b902	406	votes
e25137134b6d	11	folder
e25623396799	1	folder
e257a7dba84b	11	folder
e257ae9eae15	16	folder
e25a93e4159b	247	folder
e25d8f951db7	11	votes
e264be721c6a	1	folder
e269aa0d67f8	407	itself
e27291bad790	1	folder
e278cb59fbad	408	votes
e27a3d2e3f36	1	folder
e27ffb1fff4d	15	folder
e2a4c0a951d3	1	folder
e2b8462801e7	1	folder
e2da8d9dbc74	1	folder
e2dd55d068cb	69	votes
e2e32d336077	1	folder
e2e4b1af2f33	1	folder
e2e78257d329	200	folder
e2ef13b250f4	1	folder
e2ef95204882	11	folder
e2fa9ebadcb7	26	folder
e30878d99d84	12	folder
e3123cb4b9d7	11	folder
e31ef2df5840	1	folder
e3212ddd154f	354	votes
e32728b87692	1	folder
e334e5f72b46	1	folder
e335d7309689	11	folder
e33c03c4df14	1	folder
e36e6bdf908f	219	itself
e37b8daefc1b	15	folder
e37bc22aa321	15	folder
e38275d9c0d1	409	itself
e38794a5e371	125	votes
e38928b63275	19	folder
e38ba10d5ef7	410	folder
e39a75abff2c	58	itself
e3a50f00e8be	1	folder
e3a5784e4674	90	itself
e3a810fc3244	1	folder
e3afb0c35a77	38	folder
e3b121517cd8	5	folder
e3b309b34fe1	1	folder
e3b755da3786	1	folder
e3bcd5232247	1	votes
e3bd5744575e	1	folder
e3ca9f9791ae	1	folder
e3d08564f37f	1	folder
e3db992373bc	1	folder
e3deb3d0546c	23	folder
e3eed395d142	5	folder
e41d1c4b8d9f	1	folder
e42fde314cd1	19	votes
e439135fddd2	1	folder
e4409f2e8322	1	folder
e4445607e170	12	folder
e4575f93dfe2	1	folder
e457a2c1caec	5	folder
e45e87aa992a	1	folder
e46a2c9b622c	411	votes
e46bd5d9be6f	1	folder
e46ee7e5ce97	12	folder
e470a4ac35d2	5	folder
e4848f645307	1	folder
e48810ad6fa2	1	folder
e489f9532f3a	26	folder
e49dd6eb9bad	1	folder
e4a4d7d63811	6	itself
e4bc3ca5c337	1	folder
e4bd2d1264e1	5	folder
e4c3fc4a629f	1	folder
e4ca2b144557	5	folder
e4cc6f601900	9	folder
e4d5903aa708	1	folder
e4d5cb4dd185	5	folder
e4d60b60c68a	40	folder
e4ddf43249d2	11	votes
e4f32ae4dab5	412	folder
e4f9e399756c	1	folder
e4ff6d87c609	12	folder
e5236147e701	11	folder
e528947c1acb	1	folder
e5350a0a1ff2	19	folder
e53911c1db8b	413	folder
e548f2c58f8c	1	folder
e54c9daad148	36	folder
e54cde349fec	1	folder
e56fa838792e	36	folder
e5762d6458d0	5	folder
e584ebd99d65	45	folder
e587e8b05205	11	folder
e58bd5c635c8	1	folder
e597afe46a54	5	folder
e5aa56a4891a	1	folder
e5ad420a363a	414	votes
e5bb345374ee	11	folder
e5d3effb3602	5	folder
e5db116a7535	1	folder
e5debdca1ce0	1	folder
e5fd4ee76a81	1	folder
e6004fc2f5f5	1	folder
e6084f422f1f	11	folder
e60d75bb8c60	1	folder
e61687870503	59	itself
e61bfcbd0a6d	11	folder
e61f0be5d97f	1	folder
e628ebcf88df	1	folder
e64bd0630b1f	32	folder
e65bf4a2bebe	1	folder
e65c4e7a28c3	1	folder
e661a7e71a2a	1	folder
e66b442a64b6	134	folder
e677354da675	11	folder
e67bbe412930	9	folder
e681f0ea4905	244	itself
e68a619411e6	1	folder
e68bb0a68fda	1	folder
e68e48095f85	1	folder
e6949b87d8b6	1	folder
e69a1f55880c	1	votes
e6aa1d625056	11	folder
e6ad3cd47a93	5	folder
e6c2eda6ae6f	1	votes
e6ca5d3c31e3	1	folder
e6cbc83e9c94	1	folder
e6d43c435eef	1	folder
e6eab2d4c269	1	folder
e6f1d600ce94	40	folder
e6f39c98d1b5	1	votes
e6f97e7b434c	1	folder
e6feed9f1e50	1	folder
e700a1727b6f	1	folder
e702139097ff	1	folder
e706f86ec339	5	folder
e709023e4e16	1	folder
e709c350d33b	5	folder
e710bc174d04	415	folder
e711a90a85f9	416	folder
e7145f6d0d98	1	folder
e71d59129b40	47	folder
e721a473e939	5	folder
e7397332aa44	1	folder
e73f1076fe75	11	itself
e740eb11bc40	1	folder
e74e6dcb5979	1	folder
e7520b468152	23	folder
e7555c705746	1	folder
e755a309da55	5	folder
e76264c19d17	19	votes
e76597ea3675	417	votes
e78cf803f7bf	1	folder
e795a6c95206	1	folder
e7a365f61570	136	folder
e7b39a9bc53c	45	votes
e7d348cdfec1	1	folder
e7efbe41e9e4	1	votes
e7f5787aa863	1	folder
e7f9425a547e	11	folder
e7fae848d1c2	1	folder
e7fbcfad76ea	1	folder
e805522ef7d5	19	votes
e8073031a5b0	1	folder
e814397fa6cf	1	itself
e816f36b0302	1	folder
e8172af097d7	1	folder
e82102548ff6	1	folder
e8442b3dd5ea	23	folder
e847964088bb	1	folder
e84aede1c473	183	folder
e85c49492419	418	votes
e860750a6274	1	folder
e86c44abde0f	12	folder
e876cc3a01bf	69	folder
e8798fac6fd0	1	folder
e87e723fd727	5	folder
e887eeeeb316	19	votes
e891afe3a55c	40	itself
e891ea6c21ee	19	votes
e893ccd010a9	11	folder
e89a50aca359	1	folder
e89c162a997b	1	folder
e8acdf0035cd	23	folder
e8afbeeda965	238	votes
e8b7be027115	5	folder
e8c6f5ad9b32	1	folder
e8e15cc460f7	7	folder
e8e3bac692ec	1	folder
e8e45bcc97a6	13	folder
e8ef3f4851ab	1	folder
e8f48e600c8a	7	folder
e8fd79af8d6f	5	folder
e90aa8a62d5f	1	folder
e91830d320c4	1	folder
e92aa091fcb1	37	folder
e93251c26ccb	1	folder
e947da39c5ef	1	folder
e9491b6e4ed4	19	votes
e95deff9c249	1	folder
e9609f1e1e3c	130	itself
e96376914c1f	1	folder
e9654b583c6e	38	folder
e981d5a1b83f	1	folder
e9853f133027	1	folder
e989b8fccb7e	1	folder
e9948c20a936	52	votes
e997dcd9a07f	0	folder
e997e184c33d	1	folder
e9ab4d13166d	1	folder
e9bc37dd553d	1	folder
e9bcb04a1061	1	folder
e9bf4b202f9f	1	folder
e9c36dc1b415	1	folder
e9c8beaa807b	1	folder
e9cbc574c3a8	11	folder
e9dc56caea20	214	votes
e9e9e34120a3	35	folder
e9f348769f91	5	folder
e9f53fdc36b5	1	folder
ea06540af272	1	votes
ea08e4b0d316	5	folder
ea1ac627c7c7	5	folder
ea30234e1a2a	48	itself
ea4502cd1c48	83	itself
ea4612062b59	1	folder
ea4ed427b71e	419	votes
ea5471fc2d82	12	folder
ea5b018ebb13	1	folder
ea5e80c2b7d4	1	folder
ea6bcd2a19ee	1	folder
ea7a4081f8a9	49	folder
ea972712adc7	15	folder
ea97bf09a16e	420	votes
ea9a49782990	65	itself
eaa02192bb2e	5	folder
eaabdc32a8e8	1	folder
eadace4e26ff	26	folder
eae73b00da8e	1	folder
eae901b394b7	1	votes
eaf276515a73	332	itself
eb0cbcf50657	1	folder
eb18fcb77317	1	folder
eb19582c395c	1	folder
eb1e2c7db5c8	5	folder
eb216812aebe	1	folder
eb2330144a5f	1	folder
eb235f68e07b	1	folder
eb277de190d3	1	folder
eb362a2a5010	114	folder
eb3f50990a2d	1	folder
eb40346454fa	11	folder
eb50a0f878cb	19	votes
eb5676357a5c	2	folder
eb5a9ae00c76	1	folder
eb5c57f6a9ac	11	folder
eb604938560c	1	folder
eb6c1697b652	1	folder
eb7512012141	5	folder
eb7670f710f9	1	folder
eb81b2716f0e	1	folder
eb896da0e1f4	421	votes
eb8cf1999485	5	folder
eb8f45483e46	1	folder
eb927be453db	2	folder
eb96169e254f	1	folder
eba9133cb1fb	1	folder
ebad26ccdbc6	1	folder
ebb05b7f0394	422	folder
ebddfdf624be	1	folder
ebe024e04f40	325	votes
ebe0adfa9fc8	1	folder
ebe88564217c	1	folder
ebe99e25b94f	423	folder
ebf2f58934e3	294	folder
ebf69da6eb27	1	folder
ec03184c8310	1	itself
ec0b2bdd2c2f	45	votes
ec121bc50ac7	1	folder
ec1a71e3ac63	1	folder
ec3b9641b101	95	folder
ec3e7ae7e232	1	folder
ec40b4df840b	5	folder
ec426910878e	1	folder
ec462adab775	1	folder
ec5c3146538b	87	folder
ec6fe146c4e1	1	folder
ec7af10b2cd6	1	folder
ec8651227ed4	134	itself
ec8a3a006310	1	folder
ec9d5ef3878c	7	folder
ec9e88f9225a	1	folder
ecb11f7fb1eb	1	folder
ecbb2b747d46	5	folder
ecbd0a5a3614	424	folder
ecdc614d88b5	5	folder
ece5355fdfdd	5	folder
ece597dbc7c1	1	itself
ece848117a6d	60	folder
ecedefad8990	45	folder
ecf176abcc94	5	folder
ecf27683d8e5	1	folder
ecff04073a46	1	folder
ed0c1ec364cc	20	folder
ed1090d6cad1	1	folder
ed18bb9f7aee	1	folder
ed19c8bc5c26	1	folder
ed2135fffd8a	11	folder
ed2b5dee41d1	1	folder
ed41a7b0c046	12	folder
ed4ecec0fd5c	219	folder
ed4fe6d92a31	1	folder
ed5d63b95b1e	1	folder
ed5da6f3f581	1	folder
ed6019de7eed	5	folder
ed6280e033a9	1	folder
ed69fc2db49d	1	folder
ed767a50e998	1	folder
ed98908baae7	1	folder
ed9b489cef6d	5	folder
ed9b8fe3a0dc	1	folder
ed9d8e13a732	1	folder
ed9dcb7cfafa	1	folder
edaa9eff7ef7	1	folder
edaf8d544621	56	itself
edb7517e5cd7	5	folder
edd56fac489a	11	folder
eddaef561792	1	folder
eddafde67975	1	folder
edde3fbbc946	1	folder
ede637ce4621	159	itself
edeb45c97966	35	folder
edf0ca748290	1	folder
edf1d3e9d9b2	1	folder
ee10e38bcb56	1	folder
ee11cd5bb7a6	1	folder
ee1bcac62a73	114	folder
ee2306f271ab	2	itself
ee26d1634121	7	folder
ee2992621602	5	folder
ee3b6ccd90d0	1	itself
ee3bb073a9aa	1	folder
ee43ac838dae	1	folder
ee540ff951b4	12	folder
ee55a9eab82b	1	folder
ee5c5696ee93	7	folder
ee6003792bf5	1	folder
ee649489ffe5	7	folder
ee7023a7714c	1	folder
ee7371e8c8a7	1	votes
ee77a97abee8	1	folder
ee7990784d41	1	folder
ee7a0afa252b	92	folder
ee814624eae3	1	folder
ee81d1509651	1	folder
ee8b30097db0	1	folder
ee9b297a15d1	1	folder
ee9ed931021d	1	folder
eea5280c0644	5	itself
eea603c9ed6d	1	folder
eea7e50cf58c	1	folder
eea842aec762	1	folder
eea89402088f	11	folder
eeb8ed55a5a4	1	folder
eebe5eb8b783	20	folder
eec85bfeaa91	1	folder
eeced6448d16	1	folder
eecfeacdb5d7	11	folder
eed5ea3984d5	5	folder
eee4cf7d854b	155	votes
eee5d66e91a8	425	votes
eee72402c91d	1	folder
eefa85113457	1	folder
ef113bf3a74e	1	folder
ef18cad6a682	20	itself
ef225869c935	1	folder
ef26d9f226e6	1	folder
ef2f7a0f97b4	1	folder
ef3361840fd3	19	folder
ef39b6970246	1	folder
ef3a42479485	1	folder
ef5fe97cc186	60	folder
ef819e629dc1	1	folder
ef8a7724f501	1	folder
ef9361ae21bf	1	folder
ef9cdb79e047	7	folder
efa0102b04ef	11	folder
efa6aa6e5928	1	folder
efb8bd1fc7f3	1	folder
efbed5177287	1	folder
efeb473c1908	11	folder
f001677c31f5	1	folder
f0059af1025b	19	votes
f013aa43824f	19	votes
f01d3613714e	1	folder
f01eebadf224	1	folder
f02cb7a98ac2	5	folder
f02f1197b9bb	1	folder
f03e60928d79	11	folder
f067e27f3d3c	47	folder
f0683a57862a	1	folder
f07bfe182114	1	folder
f08b52346369	14	folder
f08e85b066a9	417	folder
f0908fa165cc	73	folder
f09c9ace22f4	1	folder
f09f0a885330	1	folder
f0abe4c151fb	1	folder
f0aee57c8fcc	45	folder
f0b12b689dc1	5	folder
f0b2cc0ed876	1	folder
f0bbee6cba1e	1	folder
f0c171ee2af8	1	folder
f0c29ab0ce31	19	votes
f0c8516bbe1e	1	folder
f0cae0439469	1	folder
f0cea63f5fbc	1	folder
f0cf6c6d9416	45	votes
f0d93195b987	1	folder
f0e687cf2a37	1	folder
f0f539e0b900	1	folder
f10791227364	135	folder
f10915932d75	5	folder
f10bd9201077	1	folder
f116b87e6203	1	votes
f11a920d77cd	1	folder
f11ef5109dda	1	folder
f12053b4848d	12	folder
f127bd7ed8d7	26	folder
f12bef45b41e	5	folder
f1328157cdf1	1	folder
f137de6e5e4f	1	folder
f1407c895dce	1	folder
f1418572a98b	60	folder
f1464d8263e6	1	folder
f146e1027d4a	1	folder
f1522f131eb6	1	folder
f16b724bae7c	1	folder
f18283f6c68a	171	votes
f195cf94392e	1	folder
f19d815dd88a	1	folder
f1a87d867235	1	folder
f1aa5f5c4896	27	folder
f1abfb5b2d40	1	folder
f1aedb7431f3	1	folder
f1af32ceee0d	1	folder
f1b31a9784cb	19	votes
f1b8b6bdc073	65	itself
f1bb14933b09	1	folder
f1cfb4858671	1	folder
f1daff8378df	19	folder
f1e136af5d9e	1	folder
f1e829965f23	1	folder
f1f430db7d0d	19	votes
f1f44498e4e2	5	folder
f1f6284e06c4	1	folder
f1fabc78a37e	1	itself
f1fc73967927	244	itself
f21494282040	1	folder
f21dd3ad424a	1	folder
f22827cf0d44	1	folder
f22b2e20c504	1	folder
f22d752102c6	1	folder
f23f529841bc	1	folder
f2449de966a9	26	folder
f24eb0b56c51	1	folder
f25f6758af6b	1	folder
f2665ef21df9	1	folder
f26ffef450be	5	folder
f27c993d4239	1	folder
f282a414800d	222	votes
f2894cadf152	36	folder
f28f30d2fd37	12	folder
f28fea23514c	1	folder
f2932826e124	320	itself
f29923270d0a	2	folder
f2a8cff0632a	69	folder
f2a8d3a0f839	9	votes
f2bb4581d296	1	folder
f2bbc9251f71	1	folder
f2d67113b703	1	folder
f2d6dd936cb5	6	itself
f2ee0f52b37c	1	folder
f2f343a92ee9	1	itself
f2f6fced8550	1	votes
f2f800983361	5	itself
f2fe0af444c3	1	folder
f2ff64644fd8	1	folder
f300db7ff70f	426	itself
f300eb14a00a	1	folder
f301b581f052	1	folder
f30a3fd9683f	32	folder
f31e51b03a35	1	folder
f336bbe8a3c0	1	folder
f337a4e9ebde	1	folder
f33e51f66508	1	folder
f344d0e1117f	134	folder
f3472156fd51	1	folder
f34fe629341c	0	votes
f35096425196	27	itself
f3560f30c77f	1	folder
f371c7a8d7c1	5	folder
f37aa35852b8	1	folder
f384fdd5ce2e	1	folder
f38f33282142	1	folder
f39a76a535fe	11	folder
f39bc4244108	1	folder
f3a0e3c004d8	11	folder
f3a2cf3487b8	1	folder
f3a37d9cfdbf	1	folder
f3a38d7517ae	57	folder
f3a42acdfc7c	1	folder
f3a6780db872	1	folder
f3a93ae5cf63	1	folder
f3ab1ab19127	2	folder
f3b3e52d5aa1	1	folder
f3ba7a31b5bb	19	votes
f3bb7b4bfa14	120	folder
f3c9b2f5acab	1	folder
f3ed91a7c0cd	45	folder
f3ef1cc8e7a2	5	folder
f3f29b20db83	45	folder
f3fd2b7974ca	5	folder
f4002dd21ebd	1	folder
f417f17e4849	19	votes
f420518363b2	11	folder
f42171785bc2	1	folder
f4227c75f1f5	1	folder
f454ab6bd0b3	1	folder
f45c79f10d76	427	folder
f462fa98a55d	19	votes
f467b0ffafaa	328	itself
f46987bd73c2	1	folder
f4815e1ad82b	1	folder
f4816d05aa89	1	folder
f4821fc303db	27	folder
f483d7e5e7ca	1	folder
f4866c22175e	5	folder
f4a43d858802	1	folder
f4aa1a218c6d	1	folder
f4ad23568fa0	1	folder
f4b908113d2c	12	folder
f4b926a86e45	60	folder
f4bef1615fd5	47	itself
f4bf9df972b1	1	folder
f4c16e6ac525	1	folder
f4c2baf7c903	403	itself
f4c7a01762e9	11	folder
f4c8d0208b37	1	folder
f4d0d29d2ae7	1	folder
f4d7e3dff090	96	itself
f4f71deb6565	1	folder
f5126d556b39	5	folder
f51690d2485a	5	folder
f523e87954ae	1	folder
f52a9be55e23	1	folder
f5301232b66f	1	folder
f53573e500df	6	itself
f540f3b48256	23	folder
f54b5a9d59a0	1	folder
f54fb112703e	1	folder
f553b86f4a41	15	folder
f5588117d278	11	folder
f56f610f3046	1	folder
f5815fc4e376	1	folder
f5a49410c6af	11	folder
f5a9028cd77f	1	votes
f5af612dc2d1	1	folder
f5b8cfc78101	1	folder
f5b8ebda4cd2	1	folder
f5ba30937264	1	folder
f5c6ec14cb7d	11	folder
f5cc3e22c684	1	folder
f5cdda45e467	1	folder
f5d8d3b3a35c	5	folder
f5d9b61edc11	1	folder
f5dad7e17658	1	folder
f5dd6d764201	1	folder
f5de7a85cb23	46	votes
f5e5094362f7	7	folder
f5f3a9579d5b	1	folder
f5f865a1eb22	1	folder
f5fb103dcb82	1	folder
f5fc70578564	1	folder
f5feb7b059c1	1	folder
f5ff0e900d27	65	itself
f5ffd61f06b5	1	folder
f61764dba3d9	92	folder
f62e69057d99	1	folder
f636f78e5d3c	1	folder
f63b8813a0f4	45	folder
f6417f1c8734	275	votes
f646a7a1ffca	1	folder
f655ff58020a	428	folder
f65b834ff5a0	1	folder
f65d0cf872e1	429	folder
f65eb3464489	7	folder
f66c5f31eedf	1	folder
f66d8ea1c078	1	folder
f68282514d9f	1	folder
f694c0f6aa04	1	votes
f69bf04408d6	1	folder
f69ea70885ca	83	itself
f6a03879db7a	2	folder
f6aff45f0ef0	5	folder
f6b1da24ed49	1	folder
f6b33edd9b5f	11	folder
f6b91e4e9784	1	folder
f6bdba11462f	1	folder
f6c09c0ffaa6	28	itself
f6c905c1d73f	1	folder
f6d990dcf4bd	1	folder
f6e2afef79a6	1	folder
f6e451413067	15	itself
f6e81f1208d9	1	folder
f6e9bc020653	1	folder
f6f880c77db5	1	folder
f704e4737a14	38	folder
f70a4a6a3fd8	19	votes
f7202c5c79bb	1	folder
f729338e2113	36	folder
f73519b04972	5	folder
f7399af29bcf	1	folder
f73d27aea2b8	1	folder
f74a104a88ec	1	folder
f772dc96c326	78	votes
f77b8a3d5db0	430	votes
f78282ad2356	0	votes
f790c82b8e13	5	folder
f7930a62f718	38	votes
f797a03e9af0	1	folder
f7a7e2e6602b	1	votes
f7a7e725648b	1	folder
f7bf2c0f3c60	1	folder
f7dfa625631a	12	folder
f7e52b9e8a9d	20	itself
f7ed16292c60	1	folder
f7ed359fbedf	26	folder
f7edd0fa4da1	1	folder
f80151d96e32	1	folder
f813c503f53e	1	folder
f819e5ad3925	23	itself
f8259566cb3b	12	folder
f82a56b8a939	1	folder
f83c8250cab1	1	folder
f8414cce7de1	1	folder
f841ac89f3d9	133	folder
f848e0d39a58	1	folder
f84946abe9ec	1	folder
f84c1551c785	1	itself
f8520d83b535	12	folder
f8570d971e21	1	folder
f86669a2f578	431	folder
f86dcb229b40	96	itself
f87c7a95b49a	1	itself
f87c8c89c1a7	1	itself
f88043d671b3	1	folder
f8828be60087	1	folder
f882d4276628	11	folder
f88e5719f5f6	32	folder
f8918a020919	1	folder
f8936048bf15	12	folder
f89872976a3e	1	folder
f89acaa39681	1	folder
f89aec1cbe4a	1	folder
f8abb6a6bbe2	1	folder
f8ac9cf7beba	1	folder
f8aec51aec6d	136	folder
f8b494d16ded	1	folder
f8bb3872ee17	1	folder
f8bd6c6ffdd2	45	folder
f8bf5b96f841	1	folder
f8c688f4e0c3	1	folder
f8cf6f616e75	11	folder
f8d748b03776	1	itself
f8dd41003974	432	votes
f8e4ecb76775	1	folder
f8e7b6e7f0ec	249	folder
f8ece64f315f	36	folder
f8ee41848857	1	folder
f90c486d576a	5	folder
f90d9e53965e	43	votes
f9135f1f1d50	23	folder
f91ed3b20d6d	0	votes
f9217d07827f	1	folder
f92b0c63e72d	1	folder
f92b97d5d4ac	338	votes
f941d118f810	11	folder
f9434aaf1e18	1	folder
f9528d38b17a	16	folder
f952a427945d	10	folder
f9531a7a36ff	23	folder
f956f68c16b1	433	votes
f96065951345	5	folder
f9647d7ad019	1	folder
f97972fe7fc0	1	folder
f9806b6e94cc	47	folder
f982945c1361	1	folder
f9864e85ffbc	11	folder
f99967bfaf19	1	folder
f9a379ea9d32	1	folder
f9b126ce3707	1	folder
f9b3f945bbd0	1	folder
f9b5504490de	1	folder
f9c1927150f1	1	folder
f9c886cf4790	1	folder
f9d63a3567b2	49	folder
f9df600f5ed9	1	votes
f9f47286fae6	55	folder
f9f4e47207a0	125	votes
fa0a385b706b	1	folder
fa0e3768f5c4	5	folder
fa14ed727ce4	11	folder
fa15ebf72fa2	1	folder
fa1a63aedb49	5	folder
fa1bcfe0d590	1	folder
fa2a451dc37a	2	folder
fa2b69b7a5ec	1	folder
fa353b80fd75	1	folder
fa3b44cc9080	15	folder
fa3be680570d	1	folder
fa3cc49e91ac	54	folder
fa443f73bb51	1	folder
fa5246f171bb	58	folder
fa65efa1e5a8	1	folder
fa68d8b0392a	1	folder
fa69cacac154	47	folder
fa75b41abdc7	9	folder
fa7a69b7b3cd	36	folder
fa81311330e0	1	folder
fa8a25e79013	77	folder
fa913df5627c	7	folder
fa9cf4770d43	11	folder
faa0549d5bda	1	folder
faa66443a775	434	votes
faa7af798faa	1	folder
faaf8df7d592	1	folder
fab022b5e584	1	folder
fab09433b906	1	votes
fabf246811f2	5	folder
fadaa473a8e4	142	itself
fadd0338fb58	1	folder
faf1b3e7c95e	435	votes
faf8da8aa45a	5	folder
fafa4d2d6a15	1	folder
fb1d37adfb24	23	folder
fb3a84ae69a9	7	folder
fb45209f4554	436	votes
fb45f8120e06	1	folder
fb58fd3dd4c8	5	folder
fb5ea1c12530	1	folder
fb61002fb96d	1	folder
fb663443a3a7	1	folder
fb6ce70b37b5	1	folder
fb6f5f36fe93	437	votes
fb7088b2a227	1	folder
fb71198d7925	85	itself
fb711f9bd98a	5	folder
fb76e73eb989	1	folder
fb78f6b14b6b	56	folder
fb7f934acd00	1	folder
fb814bf4a6a3	38	folder
fb86090c34dc	1	itself
fb8910789453	14	folder
fb8dc54c7f4c	19	votes
fb8ec181ae82	1	folder
fb9327294658	2	itself
fb942f020045	5	folder
fba7e52d4d7e	1	folder
fbaf46545bf8	1	folder
fbaf7a42f8ad	52	votes
fbb08b3ea0fc	16	folder
fbb2d0f2ab1b	1	folder
fbb588f2e7c3	1	folder
fbb713972363	271	folder
fbbc838073e0	45	folder
fbc408c7e96c	1	folder
fbcdb1779194	1	folder
fbeaba4246c4	1	folder
fbf1285d1753	249	folder
fbf953a9d4ef	5	folder
fbfd2c0b7f0c	50	votes
fc03b3b35955	5	folder
fc08c098d62d	16	folder
fc0967632ec9	55	folder
fc0aa8a3c26c	1	folder
fc2c057f343f	438	votes
fc2c16496f78	1	folder
fc2e2208b792	45	folder
fc315f091998	11	folder
fc31749f4b37	38	folder
fc3226532e30	58	folder
fc5be5263c74	1	folder
fc649768961c	19	folder
fc7386dc9851	1	folder
fc7551c9c61c	1	folder
fc7a0b510dd5	11	votes
fc8782148263	1	folder
fc8fd4f7d5e6	1	folder
fc947ad0f9c9	439	votes
fca00fbe7de1	27	itself
fcaf04af8f1b	5	votes
fcb7e241963e	19	folder
fcc46125e360	19	folder
fce6a2b304f7	19	votes
fcf04222de40	1	folder
fcf32c01d243	1	folder
fd04c6fcb9a6	92	folder
fd103f5ed168	1	folder
fd12f3aecc23	38	itself
fd28a363cbe9	1	folder
fd318bdfea60	440	votes
fd33c797374d	82	folder
fd3ecaf08d57	1	folder
fd47fdd6ae73	1	folder
fd52154c099c	1	folder
fd55598bd66a	12	folder
fd5fb3a058e1	16	folder
fd6931271a5f	59	itself
fd754e0487a4	1	folder
fd75f4f4187d	1	folder
fd81b6a09b22	5	folder
fd842072b895	1	folder
fd851b9e8ab2	37	folder
fd86aa9a397b	1	folder
fda051f345d8	1	folder
fdaaf9d68eea	1	folder
fdaf9578905c	5	folder
fdb3503ef666	19	votes
fdb5037c00aa	15	folder
fdbdff52b349	1	folder
fdbe53223dc4	1	folder
fdc497c4eefb	1	folder
fdc557ab20e1	1	folder
fdc6e811b433	1	folder
fdcb4f9cc059	1	folder
fde602bb21ce	1	folder
fdf0bf8ede4d	7	folder
fe02c4fac55e	12	itself
fe0f8473aed5	49	folder
fe1938be0228	13	folder
fe199e03c372	1	folder
fe1b7cc88374	12	itself
fe28843996ed	15	folder
fe2cbc3f478f	1	folder
fe30d7b064af	1	folder
fe3440e908c4	11	folder
fe346747de28	1	folder
fe34bef66b48	1	folder
fe3c6d7730a4	1	folder
fe42cf0ef2fa	1	folder
fe4ded583efe	5	folder
fe4e272f28ec	11	folder
fe4eba61bb91	23	folder
fe63b0dcd022	441	folder
fe67fe9150cc	1	folder
fe6f4698ed54	1	folder
fe6fbaf0b069	1	folder
fe740cfdf5b8	1	folder
fe77fb06c200	1	folder
feaae1ab956e	27	itself
febf6b08802f	442	votes
fed1f7d58bfe	1	folder
fee8c7d014d8	1	folder
fef0a3a6cf9e	9	folder
fef3e174d1be	1	folder
fefa21f3e439	1	folder
ff00b8ffa0e8	1	folder
ff01c9a23ce6	1	folder
ff1f8690e683	1	folder
ff30143bc4f3	49	folder
ff317f5cd3ae	57	folder
ff37559d1644	45	folder
ff485c075152	5	folder
ff48c4968d95	11	folder
ff4b4fd81d45	1	folder
ff4c666a4e74	5	itself
ff4dce3d9936	92	votes
ff54ad76c5f5	5	folder
ff5e7d0b9666	1	folder
ff6690045e2f	443	votes
ff71f389e168	1	folder
ff7a477723b6	1	folder
ff8fce0a6863	1	folder
ff91c166c6ea	1	folder
ff93447518c8	7	folder
ffab1ed1785c	1	folder
ffb7e8cd0457	1	folder
ffbcc0684c7d	1	folder
ffc356b8f3d2	444	votes
ffcf1b57e761	1	folder
ffd15b01b13c	19	votes
ffdabf16dd80	2	folder
ffe358daaf58	1	folder
fff07293a84d	1	folder
fff867391615	1	folder
